ISO-10303-21;
HEADER;
FILE_DESCRIPTION(('KiCad electronic assembly'),'2;1');
FILE_NAME('eye-adapter.step','2026-10-04T00:25:50',('Pcbnew'),('Kicad'),
  'Open CASCADE STEP processor 7.9','KiCad to STEP converter','Unknown'
  );
FILE_SCHEMA(('AUTOMOTIVE_DESIGN { 1 0 10303 214 1 1 1 1 }'));
ENDSEC;
DATA;
#1 = APPLICATION_PROTOCOL_DEFINITION('international standard',
  'automotive_design',2000,#2);
#2 = APPLICATION_CONTEXT(
  'core data for automotive mechanical design processes');
#3 = SHAPE_DEFINITION_REPRESENTATION(#4,#10);
#4 = PRODUCT_DEFINITION_SHAPE('','',#5);
#5 = PRODUCT_DEFINITION('design','',#6,#9);
#6 = PRODUCT_DEFINITION_FORMATION('','',#7);
#7 = PRODUCT('eye-adapter 1','eye-adapter 1','',(#8));
#8 = PRODUCT_CONTEXT('',#2,'mechanical');
#9 = PRODUCT_DEFINITION_CONTEXT('part definition',#2,'design');
#10 = SHAPE_REPRESENTATION('',(#11,#15,#19,#23,#27,#31,#35),#39);
#11 = AXIS2_PLACEMENT_3D('',#12,#13,#14);
#12 = CARTESIAN_POINT('',(0.,0.,0.));
#13 = DIRECTION('',(0.,0.,1.));
#14 = DIRECTION('',(1.,0.,-0.));
#15 = AXIS2_PLACEMENT_3D('',#16,#17,#18);
#16 = CARTESIAN_POINT('',(9.57,-4.,1.595));
#17 = DIRECTION('',(0.,-0.,1.));
#18 = DIRECTION('',(1.110223024625E-16,1.,0.));
#19 = AXIS2_PLACEMENT_3D('',#20,#21,#22);
#20 = CARTESIAN_POINT('',(23.38,-24.,1.595));
#21 = DIRECTION('',(0.,-0.,1.));
#22 = DIRECTION('',(1.110223024625E-16,1.,0.));
#23 = AXIS2_PLACEMENT_3D('',#24,#25,#26);
#24 = CARTESIAN_POINT('',(22.,-13.,1.595));
#25 = DIRECTION('',(0.,0.,1.));
#26 = DIRECTION('',(1.,0.,0.));
#27 = AXIS2_PLACEMENT_3D('',#28,#29,#30);
#28 = CARTESIAN_POINT('',(3.38,-24.,1.595));
#29 = DIRECTION('',(0.,-0.,1.));
#30 = DIRECTION('',(1.110223024625E-16,1.,0.));
#31 = AXIS2_PLACEMENT_3D('',#32,#33,#34);
#32 = CARTESIAN_POINT('',(30.,-13.,1.595));
#33 = DIRECTION('',(0.,0.,1.));
#34 = DIRECTION('',(1.,0.,0.));
#35 = AXIS2_PLACEMENT_3D('',#36,#37,#38);
#36 = CARTESIAN_POINT('',(0.,0.,0.));
#37 = DIRECTION('',(0.,0.,1.));
#38 = DIRECTION('',(1.,0.,-0.));
#39 = ( GEOMETRIC_REPRESENTATION_CONTEXT(3) 
GLOBAL_UNCERTAINTY_ASSIGNED_CONTEXT((#43)) GLOBAL_UNIT_ASSIGNED_CONTEXT(
(#40,#41,#42)) REPRESENTATION_CONTEXT('Context #1',
  '3D Context with UNIT and UNCERTAINTY') );
#40 = ( LENGTH_UNIT() NAMED_UNIT(*) SI_UNIT(.MILLI.,.METRE.) );
#41 = ( NAMED_UNIT(*) PLANE_ANGLE_UNIT() SI_UNIT($,.RADIAN.) );
#42 = ( NAMED_UNIT(*) SI_UNIT($,.STERADIAN.) SOLID_ANGLE_UNIT() );
#43 = UNCERTAINTY_MEASURE_WITH_UNIT(LENGTH_MEASURE(1.E-07),#40,
  'distance_accuracy_value','confusion accuracy');
#44 = PRODUCT_RELATED_PRODUCT_CATEGORY('part',$,(#7));
#45 = SHAPE_DEFINITION_REPRESENTATION(#46,#52);
#46 = PRODUCT_DEFINITION_SHAPE('','',#47);
#47 = PRODUCT_DEFINITION('design','',#48,#51);
#48 = PRODUCT_DEFINITION_FORMATION('','',#49);
#49 = PRODUCT('PinHeader_1x10_P2.54mm_Vertical',
  'PinHeader_1x10_P2.54mm_Vertical','',(#50));
#50 = PRODUCT_CONTEXT('',#2,'mechanical');
#51 = PRODUCT_DEFINITION_CONTEXT('part definition',#2,'design');
#52 = ADVANCED_BREP_SHAPE_REPRESENTATION('',(#11,#53),#6877);
#53 = MANIFOLD_SOLID_BREP('',#54);
#54 = CLOSED_SHELL('',(#55,#95,#126,#157,#978,#1799,#1816,#1833,#1850,
    #1867,#1884,#1901,#1918,#1935,#1952,#1969,#1986,#2003,#2020,#2037,
    #2054,#2071,#2088,#2105,#2122,#2139,#2156,#2173,#2190,#2207,#2224,
    #2241,#2258,#2275,#2292,#2309,#2326,#2343,#2360,#2377,#2394,#2411,
    #2428,#2445,#2462,#2479,#2496,#2513,#2530,#2547,#2564,#2581,#2598,
    #2615,#2632,#2649,#2666,#2683,#2700,#2717,#2734,#2751,#2768,#2785,
    #2797,#2828,#2852,#2876,#2893,#2924,#2948,#2972,#2989,#3020,#3044,
    #3068,#3085,#3116,#3140,#3164,#3181,#3212,#3236,#3260,#3277,#3308,
    #3332,#3356,#3373,#3404,#3428,#3452,#3469,#3500,#3524,#3548,#3565,
    #3596,#3620,#3644,#3661,#3692,#3716,#3740,#3757,#3788,#3812,#3836,
    #3853,#3884,#3908,#3932,#3949,#3980,#4004,#4028,#4045,#4076,#4100,
    #4124,#4141,#4172,#4196,#4220,#4237,#4268,#4292,#4316,#4333,#4364,
    #4388,#4412,#4429,#4460,#4484,#4508,#4525,#4556,#4580,#4604,#4621,
    #4652,#4676,#4700,#4717,#4748,#4772,#4796,#4813,#4844,#4868,#4892,
    #4909,#4940,#4964,#4988,#5005,#5036,#5060,#5084,#5101,#5132,#5156,
    #5180,#5197,#5228,#5252,#5276,#5293,#5324,#5348,#5372,#5389,#5420,
    #5444,#5468,#5485,#5516,#5540,#5564,#5581,#5612,#5636,#5660,#5677,
    #5708,#5732,#5756,#5773,#5804,#5828,#5852,#5869,#5900,#5924,#5948,
    #5965,#5996,#6020,#6044,#6061,#6092,#6116,#6140,#6157,#6188,#6212,
    #6236,#6253,#6284,#6308,#6332,#6349,#6380,#6404,#6428,#6445,#6476,
    #6500,#6524,#6541,#6572,#6596,#6620,#6637,#6649,#6661,#6673,#6685,
    #6697,#6709,#6721,#6733,#6745,#6757,#6769,#6781,#6793,#6805,#6817,
    #6829,#6841,#6853,#6865));
#55 = ADVANCED_FACE('',(#56),#90,.F.);
#56 = FACE_BOUND('',#57,.F.);
#57 = EDGE_LOOP('',(#58,#68,#76,#84));
#58 = ORIENTED_EDGE('',*,*,#59,.T.);
#59 = EDGE_CURVE('',#60,#62,#64,.T.);
#60 = VERTEX_POINT('',#61);
#61 = CARTESIAN_POINT('',(-1.016,1.27,0.));
#62 = VERTEX_POINT('',#63);
#63 = CARTESIAN_POINT('',(-1.016,1.27,2.54));
#64 = LINE('',#65,#66);
#65 = CARTESIAN_POINT('',(-1.016,1.27,0.));
#66 = VECTOR('',#67,1.);
#67 = DIRECTION('',(0.,0.,1.));
#68 = ORIENTED_EDGE('',*,*,#69,.T.);
#69 = EDGE_CURVE('',#62,#70,#72,.T.);
#70 = VERTEX_POINT('',#71);
#71 = CARTESIAN_POINT('',(-1.27,1.016,2.54));
#72 = LINE('',#73,#74);
#73 = CARTESIAN_POINT('',(-1.016,1.27,2.54));
#74 = VECTOR('',#75,1.);
#75 = DIRECTION('',(-0.707106781187,-0.707106781187,0.));
#76 = ORIENTED_EDGE('',*,*,#77,.F.);
#77 = EDGE_CURVE('',#78,#70,#80,.T.);
#78 = VERTEX_POINT('',#79);
#79 = CARTESIAN_POINT('',(-1.27,1.016,0.));
#80 = LINE('',#81,#82);
#81 = CARTESIAN_POINT('',(-1.27,1.016,0.));
#82 = VECTOR('',#83,1.);
#83 = DIRECTION('',(0.,0.,1.));
#84 = ORIENTED_EDGE('',*,*,#85,.F.);
#85 = EDGE_CURVE('',#60,#78,#86,.T.);
#86 = LINE('',#87,#88);
#87 = CARTESIAN_POINT('',(-1.016,1.27,0.));
#88 = VECTOR('',#89,1.);
#89 = DIRECTION('',(-0.707106781187,-0.707106781187,0.));
#90 = PLANE('',#91);
#91 = AXIS2_PLACEMENT_3D('',#92,#93,#94);
#92 = CARTESIAN_POINT('',(-1.016,1.27,0.));
#93 = DIRECTION('',(0.707106781187,-0.707106781187,0.));
#94 = DIRECTION('',(-0.707106781187,-0.707106781187,0.));
#95 = ADVANCED_FACE('',(#96),#121,.F.);
#96 = FACE_BOUND('',#97,.F.);
#97 = EDGE_LOOP('',(#98,#108,#114,#115));
#98 = ORIENTED_EDGE('',*,*,#99,.T.);
#99 = EDGE_CURVE('',#100,#102,#104,.T.);
#100 = VERTEX_POINT('',#101);
#101 = CARTESIAN_POINT('',(1.016,1.27,0.));
#102 = VERTEX_POINT('',#103);
#103 = CARTESIAN_POINT('',(1.016,1.27,2.54));
#104 = LINE('',#105,#106);
#105 = CARTESIAN_POINT('',(1.016,1.27,0.));
#106 = VECTOR('',#107,1.);
#107 = DIRECTION('',(0.,0.,1.));
#108 = ORIENTED_EDGE('',*,*,#109,.T.);
#109 = EDGE_CURVE('',#102,#62,#110,.T.);
#110 = LINE('',#111,#112);
#111 = CARTESIAN_POINT('',(1.016,1.27,2.54));
#112 = VECTOR('',#113,1.);
#113 = DIRECTION('',(-1.,0.,0.));
#114 = ORIENTED_EDGE('',*,*,#59,.F.);
#115 = ORIENTED_EDGE('',*,*,#116,.F.);
#116 = EDGE_CURVE('',#100,#60,#117,.T.);
#117 = LINE('',#118,#119);
#118 = CARTESIAN_POINT('',(1.016,1.27,0.));
#119 = VECTOR('',#120,1.);
#120 = DIRECTION('',(-1.,0.,0.));
#121 = PLANE('',#122);
#122 = AXIS2_PLACEMENT_3D('',#123,#124,#125);
#123 = CARTESIAN_POINT('',(1.016,1.27,0.));
#124 = DIRECTION('',(0.,-1.,0.));
#125 = DIRECTION('',(-1.,0.,0.));
#126 = ADVANCED_FACE('',(#127),#152,.F.);
#127 = FACE_BOUND('',#128,.F.);
#128 = EDGE_LOOP('',(#129,#130,#138,#146));
#129 = ORIENTED_EDGE('',*,*,#77,.T.);
#130 = ORIENTED_EDGE('',*,*,#131,.T.);
#131 = EDGE_CURVE('',#70,#132,#134,.T.);
#132 = VERTEX_POINT('',#133);
#133 = CARTESIAN_POINT('',(-1.27,-1.016,2.54));
#134 = LINE('',#135,#136);
#135 = CARTESIAN_POINT('',(-1.27,1.016,2.54));
#136 = VECTOR('',#137,1.);
#137 = DIRECTION('',(0.,-1.,0.));
#138 = ORIENTED_EDGE('',*,*,#139,.F.);
#139 = EDGE_CURVE('',#140,#132,#142,.T.);
#140 = VERTEX_POINT('',#141);
#141 = CARTESIAN_POINT('',(-1.27,-1.016,0.));
#142 = LINE('',#143,#144);
#143 = CARTESIAN_POINT('',(-1.27,-1.016,0.));
#144 = VECTOR('',#145,1.);
#145 = DIRECTION('',(0.,0.,1.));
#146 = ORIENTED_EDGE('',*,*,#147,.F.);
#147 = EDGE_CURVE('',#78,#140,#148,.T.);
#148 = LINE('',#149,#150);
#149 = CARTESIAN_POINT('',(-1.27,1.016,0.));
#150 = VECTOR('',#151,1.);
#151 = DIRECTION('',(0.,-1.,0.));
#152 = PLANE('',#153);
#153 = AXIS2_PLACEMENT_3D('',#154,#155,#156);
#154 = CARTESIAN_POINT('',(-1.27,1.016,0.));
#155 = DIRECTION('',(1.,0.,0.));
#156 = DIRECTION('',(0.,-1.,0.));
#157 = ADVANCED_FACE('',(#158,#633,#667,#701,#735,#769,#803,#837,#871,
    #905,#939),#973,.F.);
#158 = FACE_BOUND('',#159,.F.);
#159 = EDGE_LOOP('',(#160,#161,#162,#170,#178,#186,#194,#202,#210,#218,
    #226,#234,#242,#250,#258,#266,#274,#282,#290,#298,#306,#314,#322,
    #330,#338,#346,#354,#362,#370,#378,#386,#394,#402,#410,#418,#426,
    #434,#442,#450,#458,#466,#474,#482,#490,#498,#506,#514,#522,#530,
    #538,#546,#554,#562,#570,#578,#586,#594,#602,#610,#618,#626,#632));
#160 = ORIENTED_EDGE('',*,*,#85,.T.);
#161 = ORIENTED_EDGE('',*,*,#147,.T.);
#162 = ORIENTED_EDGE('',*,*,#163,.T.);
#163 = EDGE_CURVE('',#140,#164,#166,.T.);
#164 = VERTEX_POINT('',#165);
#165 = CARTESIAN_POINT('',(-1.016,-1.27,0.));
#166 = LINE('',#167,#168);
#167 = CARTESIAN_POINT('',(-1.27,-1.016,0.));
#168 = VECTOR('',#169,1.);
#169 = DIRECTION('',(0.707106781187,-0.707106781187,0.));
#170 = ORIENTED_EDGE('',*,*,#171,.T.);
#171 = EDGE_CURVE('',#164,#172,#174,.T.);
#172 = VERTEX_POINT('',#173);
#173 = CARTESIAN_POINT('',(-1.27,-1.524,0.));
#174 = LINE('',#175,#176);
#175 = CARTESIAN_POINT('',(-1.016,-1.27,0.));
#176 = VECTOR('',#177,1.);
#177 = DIRECTION('',(-0.707106781187,-0.707106781187,0.));
#178 = ORIENTED_EDGE('',*,*,#179,.T.);
#179 = EDGE_CURVE('',#172,#180,#182,.T.);
#180 = VERTEX_POINT('',#181);
#181 = CARTESIAN_POINT('',(-1.27,-3.556,0.));
#182 = LINE('',#183,#184);
#183 = CARTESIAN_POINT('',(-1.27,-1.524,0.));
#184 = VECTOR('',#185,1.);
#185 = DIRECTION('',(0.,-1.,0.));
#186 = ORIENTED_EDGE('',*,*,#187,.T.);
#187 = EDGE_CURVE('',#180,#188,#190,.T.);
#188 = VERTEX_POINT('',#189);
#189 = CARTESIAN_POINT('',(-1.016,-3.81,0.));
#190 = LINE('',#191,#192);
#191 = CARTESIAN_POINT('',(-1.27,-3.556,0.));
#192 = VECTOR('',#193,1.);
#193 = DIRECTION('',(0.707106781187,-0.707106781187,0.));
#194 = ORIENTED_EDGE('',*,*,#195,.T.);
#195 = EDGE_CURVE('',#188,#196,#198,.T.);
#196 = VERTEX_POINT('',#197);
#197 = CARTESIAN_POINT('',(-1.27,-4.064,0.));
#198 = LINE('',#199,#200);
#199 = CARTESIAN_POINT('',(-1.016,-3.81,0.));
#200 = VECTOR('',#201,1.);
#201 = DIRECTION('',(-0.707106781187,-0.707106781187,0.));
#202 = ORIENTED_EDGE('',*,*,#203,.T.);
#203 = EDGE_CURVE('',#196,#204,#206,.T.);
#204 = VERTEX_POINT('',#205);
#205 = CARTESIAN_POINT('',(-1.27,-6.096,0.));
#206 = LINE('',#207,#208);
#207 = CARTESIAN_POINT('',(-1.27,-4.064,0.));
#208 = VECTOR('',#209,1.);
#209 = DIRECTION('',(0.,-1.,0.));
#210 = ORIENTED_EDGE('',*,*,#211,.T.);
#211 = EDGE_CURVE('',#204,#212,#214,.T.);
#212 = VERTEX_POINT('',#213);
#213 = CARTESIAN_POINT('',(-1.016,-6.35,0.));
#214 = LINE('',#215,#216);
#215 = CARTESIAN_POINT('',(-1.27,-6.096,0.));
#216 = VECTOR('',#217,1.);
#217 = DIRECTION('',(0.707106781187,-0.707106781187,0.));
#218 = ORIENTED_EDGE('',*,*,#219,.T.);
#219 = EDGE_CURVE('',#212,#220,#222,.T.);
#220 = VERTEX_POINT('',#221);
#221 = CARTESIAN_POINT('',(-1.27,-6.604,0.));
#222 = LINE('',#223,#224);
#223 = CARTESIAN_POINT('',(-1.016,-6.35,0.));
#224 = VECTOR('',#225,1.);
#225 = DIRECTION('',(-0.707106781187,-0.707106781187,0.));
#226 = ORIENTED_EDGE('',*,*,#227,.T.);
#227 = EDGE_CURVE('',#220,#228,#230,.T.);
#228 = VERTEX_POINT('',#229);
#229 = CARTESIAN_POINT('',(-1.27,-8.636,0.));
#230 = LINE('',#231,#232);
#231 = CARTESIAN_POINT('',(-1.27,-6.604,0.));
#232 = VECTOR('',#233,1.);
#233 = DIRECTION('',(0.,-1.,0.));
#234 = ORIENTED_EDGE('',*,*,#235,.T.);
#235 = EDGE_CURVE('',#228,#236,#238,.T.);
#236 = VERTEX_POINT('',#237);
#237 = CARTESIAN_POINT('',(-1.016,-8.89,0.));
#238 = LINE('',#239,#240);
#239 = CARTESIAN_POINT('',(-1.27,-8.636,0.));
#240 = VECTOR('',#241,1.);
#241 = DIRECTION('',(0.707106781187,-0.707106781187,0.));
#242 = ORIENTED_EDGE('',*,*,#243,.T.);
#243 = EDGE_CURVE('',#236,#244,#246,.T.);
#244 = VERTEX_POINT('',#245);
#245 = CARTESIAN_POINT('',(-1.27,-9.144,0.));
#246 = LINE('',#247,#248);
#247 = CARTESIAN_POINT('',(-1.016,-8.89,0.));
#248 = VECTOR('',#249,1.);
#249 = DIRECTION('',(-0.707106781187,-0.707106781187,0.));
#250 = ORIENTED_EDGE('',*,*,#251,.T.);
#251 = EDGE_CURVE('',#244,#252,#254,.T.);
#252 = VERTEX_POINT('',#253);
#253 = CARTESIAN_POINT('',(-1.27,-11.176,0.));
#254 = LINE('',#255,#256);
#255 = CARTESIAN_POINT('',(-1.27,-9.144,0.));
#256 = VECTOR('',#257,1.);
#257 = DIRECTION('',(0.,-1.,0.));
#258 = ORIENTED_EDGE('',*,*,#259,.T.);
#259 = EDGE_CURVE('',#252,#260,#262,.T.);
#260 = VERTEX_POINT('',#261);
#261 = CARTESIAN_POINT('',(-1.016,-11.43,0.));
#262 = LINE('',#263,#264);
#263 = CARTESIAN_POINT('',(-1.27,-11.176,0.));
#264 = VECTOR('',#265,1.);
#265 = DIRECTION('',(0.707106781187,-0.707106781187,0.));
#266 = ORIENTED_EDGE('',*,*,#267,.T.);
#267 = EDGE_CURVE('',#260,#268,#270,.T.);
#268 = VERTEX_POINT('',#269);
#269 = CARTESIAN_POINT('',(-1.27,-11.684,0.));
#270 = LINE('',#271,#272);
#271 = CARTESIAN_POINT('',(-1.016,-11.43,0.));
#272 = VECTOR('',#273,1.);
#273 = DIRECTION('',(-0.707106781187,-0.707106781187,0.));
#274 = ORIENTED_EDGE('',*,*,#275,.T.);
#275 = EDGE_CURVE('',#268,#276,#278,.T.);
#276 = VERTEX_POINT('',#277);
#277 = CARTESIAN_POINT('',(-1.27,-13.716,0.));
#278 = LINE('',#279,#280);
#279 = CARTESIAN_POINT('',(-1.27,-11.684,0.));
#280 = VECTOR('',#281,1.);
#281 = DIRECTION('',(0.,-1.,0.));
#282 = ORIENTED_EDGE('',*,*,#283,.T.);
#283 = EDGE_CURVE('',#276,#284,#286,.T.);
#284 = VERTEX_POINT('',#285);
#285 = CARTESIAN_POINT('',(-1.016,-13.97,0.));
#286 = LINE('',#287,#288);
#287 = CARTESIAN_POINT('',(-1.27,-13.716,0.));
#288 = VECTOR('',#289,1.);
#289 = DIRECTION('',(0.707106781187,-0.707106781187,0.));
#290 = ORIENTED_EDGE('',*,*,#291,.T.);
#291 = EDGE_CURVE('',#284,#292,#294,.T.);
#292 = VERTEX_POINT('',#293);
#293 = CARTESIAN_POINT('',(-1.27,-14.224,0.));
#294 = LINE('',#295,#296);
#295 = CARTESIAN_POINT('',(-1.016,-13.97,0.));
#296 = VECTOR('',#297,1.);
#297 = DIRECTION('',(-0.707106781187,-0.707106781187,0.));
#298 = ORIENTED_EDGE('',*,*,#299,.T.);
#299 = EDGE_CURVE('',#292,#300,#302,.T.);
#300 = VERTEX_POINT('',#301);
#301 = CARTESIAN_POINT('',(-1.27,-16.256,0.));
#302 = LINE('',#303,#304);
#303 = CARTESIAN_POINT('',(-1.27,-14.224,0.));
#304 = VECTOR('',#305,1.);
#305 = DIRECTION('',(0.,-1.,0.));
#306 = ORIENTED_EDGE('',*,*,#307,.T.);
#307 = EDGE_CURVE('',#300,#308,#310,.T.);
#308 = VERTEX_POINT('',#309);
#309 = CARTESIAN_POINT('',(-1.016,-16.51,0.));
#310 = LINE('',#311,#312);
#311 = CARTESIAN_POINT('',(-1.27,-16.256,0.));
#312 = VECTOR('',#313,1.);
#313 = DIRECTION('',(0.707106781187,-0.707106781187,0.));
#314 = ORIENTED_EDGE('',*,*,#315,.T.);
#315 = EDGE_CURVE('',#308,#316,#318,.T.);
#316 = VERTEX_POINT('',#317);
#317 = CARTESIAN_POINT('',(-1.27,-16.764,0.));
#318 = LINE('',#319,#320);
#319 = CARTESIAN_POINT('',(-1.016,-16.51,0.));
#320 = VECTOR('',#321,1.);
#321 = DIRECTION('',(-0.707106781187,-0.707106781187,0.));
#322 = ORIENTED_EDGE('',*,*,#323,.T.);
#323 = EDGE_CURVE('',#316,#324,#326,.T.);
#324 = VERTEX_POINT('',#325);
#325 = CARTESIAN_POINT('',(-1.27,-18.796,0.));
#326 = LINE('',#327,#328);
#327 = CARTESIAN_POINT('',(-1.27,-16.764,0.));
#328 = VECTOR('',#329,1.);
#329 = DIRECTION('',(0.,-1.,0.));
#330 = ORIENTED_EDGE('',*,*,#331,.T.);
#331 = EDGE_CURVE('',#324,#332,#334,.T.);
#332 = VERTEX_POINT('',#333);
#333 = CARTESIAN_POINT('',(-1.016,-19.05,0.));
#334 = LINE('',#335,#336);
#335 = CARTESIAN_POINT('',(-1.27,-18.796,0.));
#336 = VECTOR('',#337,1.);
#337 = DIRECTION('',(0.707106781187,-0.707106781187,0.));
#338 = ORIENTED_EDGE('',*,*,#339,.T.);
#339 = EDGE_CURVE('',#332,#340,#342,.T.);
#340 = VERTEX_POINT('',#341);
#341 = CARTESIAN_POINT('',(-1.27,-19.304,0.));
#342 = LINE('',#343,#344);
#343 = CARTESIAN_POINT('',(-1.016,-19.05,0.));
#344 = VECTOR('',#345,1.);
#345 = DIRECTION('',(-0.707106781187,-0.707106781187,0.));
#346 = ORIENTED_EDGE('',*,*,#347,.T.);
#347 = EDGE_CURVE('',#340,#348,#350,.T.);
#348 = VERTEX_POINT('',#349);
#349 = CARTESIAN_POINT('',(-1.27,-21.336,0.));
#350 = LINE('',#351,#352);
#351 = CARTESIAN_POINT('',(-1.27,-19.304,0.));
#352 = VECTOR('',#353,1.);
#353 = DIRECTION('',(0.,-1.,0.));
#354 = ORIENTED_EDGE('',*,*,#355,.T.);
#355 = EDGE_CURVE('',#348,#356,#358,.T.);
#356 = VERTEX_POINT('',#357);
#357 = CARTESIAN_POINT('',(-1.016,-21.59,0.));
#358 = LINE('',#359,#360);
#359 = CARTESIAN_POINT('',(-1.27,-21.336,0.));
#360 = VECTOR('',#361,1.);
#361 = DIRECTION('',(0.707106781187,-0.707106781187,0.));
#362 = ORIENTED_EDGE('',*,*,#363,.T.);
#363 = EDGE_CURVE('',#356,#364,#366,.T.);
#364 = VERTEX_POINT('',#365);
#365 = CARTESIAN_POINT('',(-1.27,-21.844,0.));
#366 = LINE('',#367,#368);
#367 = CARTESIAN_POINT('',(-1.016,-21.59,0.));
#368 = VECTOR('',#369,1.);
#369 = DIRECTION('',(-0.707106781187,-0.707106781187,0.));
#370 = ORIENTED_EDGE('',*,*,#371,.T.);
#371 = EDGE_CURVE('',#364,#372,#374,.T.);
#372 = VERTEX_POINT('',#373);
#373 = CARTESIAN_POINT('',(-1.27,-23.876,0.));
#374 = LINE('',#375,#376);
#375 = CARTESIAN_POINT('',(-1.27,-21.844,0.));
#376 = VECTOR('',#377,1.);
#377 = DIRECTION('',(0.,-1.,0.));
#378 = ORIENTED_EDGE('',*,*,#379,.T.);
#379 = EDGE_CURVE('',#372,#380,#382,.T.);
#380 = VERTEX_POINT('',#381);
#381 = CARTESIAN_POINT('',(-1.016,-24.13,0.));
#382 = LINE('',#383,#384);
#383 = CARTESIAN_POINT('',(-1.27,-23.876,0.));
#384 = VECTOR('',#385,1.);
#385 = DIRECTION('',(0.707106781187,-0.707106781187,0.));
#386 = ORIENTED_EDGE('',*,*,#387,.T.);
#387 = EDGE_CURVE('',#380,#388,#390,.T.);
#388 = VERTEX_POINT('',#389);
#389 = CARTESIAN_POINT('',(1.016,-24.13,0.));
#390 = LINE('',#391,#392);
#391 = CARTESIAN_POINT('',(-1.016,-24.13,0.));
#392 = VECTOR('',#393,1.);
#393 = DIRECTION('',(1.,0.,0.));
#394 = ORIENTED_EDGE('',*,*,#395,.T.);
#395 = EDGE_CURVE('',#388,#396,#398,.T.);
#396 = VERTEX_POINT('',#397);
#397 = CARTESIAN_POINT('',(1.27,-23.876,0.));
#398 = LINE('',#399,#400);
#399 = CARTESIAN_POINT('',(1.016,-24.13,0.));
#400 = VECTOR('',#401,1.);
#401 = DIRECTION('',(0.707106781187,0.707106781187,0.));
#402 = ORIENTED_EDGE('',*,*,#403,.T.);
#403 = EDGE_CURVE('',#396,#404,#406,.T.);
#404 = VERTEX_POINT('',#405);
#405 = CARTESIAN_POINT('',(1.27,-21.844,0.));
#406 = LINE('',#407,#408);
#407 = CARTESIAN_POINT('',(1.27,-23.876,0.));
#408 = VECTOR('',#409,1.);
#409 = DIRECTION('',(0.,1.,0.));
#410 = ORIENTED_EDGE('',*,*,#411,.T.);
#411 = EDGE_CURVE('',#404,#412,#414,.T.);
#412 = VERTEX_POINT('',#413);
#413 = CARTESIAN_POINT('',(1.016,-21.59,0.));
#414 = LINE('',#415,#416);
#415 = CARTESIAN_POINT('',(1.27,-21.844,0.));
#416 = VECTOR('',#417,1.);
#417 = DIRECTION('',(-0.707106781187,0.707106781187,0.));
#418 = ORIENTED_EDGE('',*,*,#419,.T.);
#419 = EDGE_CURVE('',#412,#420,#422,.T.);
#420 = VERTEX_POINT('',#421);
#421 = CARTESIAN_POINT('',(1.27,-21.336,0.));
#422 = LINE('',#423,#424);
#423 = CARTESIAN_POINT('',(1.016,-21.59,0.));
#424 = VECTOR('',#425,1.);
#425 = DIRECTION('',(0.707106781187,0.707106781187,0.));
#426 = ORIENTED_EDGE('',*,*,#427,.T.);
#427 = EDGE_CURVE('',#420,#428,#430,.T.);
#428 = VERTEX_POINT('',#429);
#429 = CARTESIAN_POINT('',(1.27,-19.304,0.));
#430 = LINE('',#431,#432);
#431 = CARTESIAN_POINT('',(1.27,-21.336,0.));
#432 = VECTOR('',#433,1.);
#433 = DIRECTION('',(0.,1.,0.));
#434 = ORIENTED_EDGE('',*,*,#435,.T.);
#435 = EDGE_CURVE('',#428,#436,#438,.T.);
#436 = VERTEX_POINT('',#437);
#437 = CARTESIAN_POINT('',(1.016,-19.05,0.));
#438 = LINE('',#439,#440);
#439 = CARTESIAN_POINT('',(1.27,-19.304,0.));
#440 = VECTOR('',#441,1.);
#441 = DIRECTION('',(-0.707106781187,0.707106781187,0.));
#442 = ORIENTED_EDGE('',*,*,#443,.T.);
#443 = EDGE_CURVE('',#436,#444,#446,.T.);
#444 = VERTEX_POINT('',#445);
#445 = CARTESIAN_POINT('',(1.27,-18.796,0.));
#446 = LINE('',#447,#448);
#447 = CARTESIAN_POINT('',(1.016,-19.05,0.));
#448 = VECTOR('',#449,1.);
#449 = DIRECTION('',(0.707106781187,0.707106781187,0.));
#450 = ORIENTED_EDGE('',*,*,#451,.T.);
#451 = EDGE_CURVE('',#444,#452,#454,.T.);
#452 = VERTEX_POINT('',#453);
#453 = CARTESIAN_POINT('',(1.27,-16.764,0.));
#454 = LINE('',#455,#456);
#455 = CARTESIAN_POINT('',(1.27,-18.796,0.));
#456 = VECTOR('',#457,1.);
#457 = DIRECTION('',(0.,1.,0.));
#458 = ORIENTED_EDGE('',*,*,#459,.T.);
#459 = EDGE_CURVE('',#452,#460,#462,.T.);
#460 = VERTEX_POINT('',#461);
#461 = CARTESIAN_POINT('',(1.016,-16.51,0.));
#462 = LINE('',#463,#464);
#463 = CARTESIAN_POINT('',(1.27,-16.764,0.));
#464 = VECTOR('',#465,1.);
#465 = DIRECTION('',(-0.707106781187,0.707106781187,0.));
#466 = ORIENTED_EDGE('',*,*,#467,.T.);
#467 = EDGE_CURVE('',#460,#468,#470,.T.);
#468 = VERTEX_POINT('',#469);
#469 = CARTESIAN_POINT('',(1.27,-16.256,0.));
#470 = LINE('',#471,#472);
#471 = CARTESIAN_POINT('',(1.016,-16.51,0.));
#472 = VECTOR('',#473,1.);
#473 = DIRECTION('',(0.707106781187,0.707106781187,0.));
#474 = ORIENTED_EDGE('',*,*,#475,.T.);
#475 = EDGE_CURVE('',#468,#476,#478,.T.);
#476 = VERTEX_POINT('',#477);
#477 = CARTESIAN_POINT('',(1.27,-14.224,0.));
#478 = LINE('',#479,#480);
#479 = CARTESIAN_POINT('',(1.27,-16.256,0.));
#480 = VECTOR('',#481,1.);
#481 = DIRECTION('',(0.,1.,0.));
#482 = ORIENTED_EDGE('',*,*,#483,.T.);
#483 = EDGE_CURVE('',#476,#484,#486,.T.);
#484 = VERTEX_POINT('',#485);
#485 = CARTESIAN_POINT('',(1.016,-13.97,0.));
#486 = LINE('',#487,#488);
#487 = CARTESIAN_POINT('',(1.27,-14.224,0.));
#488 = VECTOR('',#489,1.);
#489 = DIRECTION('',(-0.707106781187,0.707106781187,0.));
#490 = ORIENTED_EDGE('',*,*,#491,.T.);
#491 = EDGE_CURVE('',#484,#492,#494,.T.);
#492 = VERTEX_POINT('',#493);
#493 = CARTESIAN_POINT('',(1.27,-13.716,0.));
#494 = LINE('',#495,#496);
#495 = CARTESIAN_POINT('',(1.016,-13.97,0.));
#496 = VECTOR('',#497,1.);
#497 = DIRECTION('',(0.707106781187,0.707106781187,0.));
#498 = ORIENTED_EDGE('',*,*,#499,.T.);
#499 = EDGE_CURVE('',#492,#500,#502,.T.);
#500 = VERTEX_POINT('',#501);
#501 = CARTESIAN_POINT('',(1.27,-11.684,0.));
#502 = LINE('',#503,#504);
#503 = CARTESIAN_POINT('',(1.27,-13.716,0.));
#504 = VECTOR('',#505,1.);
#505 = DIRECTION('',(0.,1.,0.));
#506 = ORIENTED_EDGE('',*,*,#507,.T.);
#507 = EDGE_CURVE('',#500,#508,#510,.T.);
#508 = VERTEX_POINT('',#509);
#509 = CARTESIAN_POINT('',(1.016,-11.43,0.));
#510 = LINE('',#511,#512);
#511 = CARTESIAN_POINT('',(1.27,-11.684,0.));
#512 = VECTOR('',#513,1.);
#513 = DIRECTION('',(-0.707106781187,0.707106781187,0.));
#514 = ORIENTED_EDGE('',*,*,#515,.T.);
#515 = EDGE_CURVE('',#508,#516,#518,.T.);
#516 = VERTEX_POINT('',#517);
#517 = CARTESIAN_POINT('',(1.27,-11.176,0.));
#518 = LINE('',#519,#520);
#519 = CARTESIAN_POINT('',(1.016,-11.43,0.));
#520 = VECTOR('',#521,1.);
#521 = DIRECTION('',(0.707106781187,0.707106781187,0.));
#522 = ORIENTED_EDGE('',*,*,#523,.T.);
#523 = EDGE_CURVE('',#516,#524,#526,.T.);
#524 = VERTEX_POINT('',#525);
#525 = CARTESIAN_POINT('',(1.27,-9.144,0.));
#526 = LINE('',#527,#528);
#527 = CARTESIAN_POINT('',(1.27,-11.176,0.));
#528 = VECTOR('',#529,1.);
#529 = DIRECTION('',(0.,1.,0.));
#530 = ORIENTED_EDGE('',*,*,#531,.T.);
#531 = EDGE_CURVE('',#524,#532,#534,.T.);
#532 = VERTEX_POINT('',#533);
#533 = CARTESIAN_POINT('',(1.016,-8.89,0.));
#534 = LINE('',#535,#536);
#535 = CARTESIAN_POINT('',(1.27,-9.144,0.));
#536 = VECTOR('',#537,1.);
#537 = DIRECTION('',(-0.707106781187,0.707106781187,0.));
#538 = ORIENTED_EDGE('',*,*,#539,.T.);
#539 = EDGE_CURVE('',#532,#540,#542,.T.);
#540 = VERTEX_POINT('',#541);
#541 = CARTESIAN_POINT('',(1.27,-8.636,0.));
#542 = LINE('',#543,#544);
#543 = CARTESIAN_POINT('',(1.016,-8.89,0.));
#544 = VECTOR('',#545,1.);
#545 = DIRECTION('',(0.707106781187,0.707106781187,0.));
#546 = ORIENTED_EDGE('',*,*,#547,.T.);
#547 = EDGE_CURVE('',#540,#548,#550,.T.);
#548 = VERTEX_POINT('',#549);
#549 = CARTESIAN_POINT('',(1.27,-6.604,0.));
#550 = LINE('',#551,#552);
#551 = CARTESIAN_POINT('',(1.27,-8.636,0.));
#552 = VECTOR('',#553,1.);
#553 = DIRECTION('',(0.,1.,0.));
#554 = ORIENTED_EDGE('',*,*,#555,.T.);
#555 = EDGE_CURVE('',#548,#556,#558,.T.);
#556 = VERTEX_POINT('',#557);
#557 = CARTESIAN_POINT('',(1.016,-6.35,0.));
#558 = LINE('',#559,#560);
#559 = CARTESIAN_POINT('',(1.27,-6.604,0.));
#560 = VECTOR('',#561,1.);
#561 = DIRECTION('',(-0.707106781187,0.707106781187,0.));
#562 = ORIENTED_EDGE('',*,*,#563,.T.);
#563 = EDGE_CURVE('',#556,#564,#566,.T.);
#564 = VERTEX_POINT('',#565);
#565 = CARTESIAN_POINT('',(1.27,-6.096,0.));
#566 = LINE('',#567,#568);
#567 = CARTESIAN_POINT('',(1.016,-6.35,0.));
#568 = VECTOR('',#569,1.);
#569 = DIRECTION('',(0.707106781187,0.707106781187,0.));
#570 = ORIENTED_EDGE('',*,*,#571,.T.);
#571 = EDGE_CURVE('',#564,#572,#574,.T.);
#572 = VERTEX_POINT('',#573);
#573 = CARTESIAN_POINT('',(1.27,-4.064,0.));
#574 = LINE('',#575,#576);
#575 = CARTESIAN_POINT('',(1.27,-6.096,0.));
#576 = VECTOR('',#577,1.);
#577 = DIRECTION('',(0.,1.,0.));
#578 = ORIENTED_EDGE('',*,*,#579,.T.);
#579 = EDGE_CURVE('',#572,#580,#582,.T.);
#580 = VERTEX_POINT('',#581);
#581 = CARTESIAN_POINT('',(1.016,-3.81,0.));
#582 = LINE('',#583,#584);
#583 = CARTESIAN_POINT('',(1.27,-4.064,0.));
#584 = VECTOR('',#585,1.);
#585 = DIRECTION('',(-0.707106781187,0.707106781187,0.));
#586 = ORIENTED_EDGE('',*,*,#587,.T.);
#587 = EDGE_CURVE('',#580,#588,#590,.T.);
#588 = VERTEX_POINT('',#589);
#589 = CARTESIAN_POINT('',(1.27,-3.556,0.));
#590 = LINE('',#591,#592);
#591 = CARTESIAN_POINT('',(1.016,-3.81,0.));
#592 = VECTOR('',#593,1.);
#593 = DIRECTION('',(0.707106781187,0.707106781187,0.));
#594 = ORIENTED_EDGE('',*,*,#595,.T.);
#595 = EDGE_CURVE('',#588,#596,#598,.T.);
#596 = VERTEX_POINT('',#597);
#597 = CARTESIAN_POINT('',(1.27,-1.524,0.));
#598 = LINE('',#599,#600);
#599 = CARTESIAN_POINT('',(1.27,-3.556,0.));
#600 = VECTOR('',#601,1.);
#601 = DIRECTION('',(0.,1.,0.));
#602 = ORIENTED_EDGE('',*,*,#603,.T.);
#603 = EDGE_CURVE('',#596,#604,#606,.T.);
#604 = VERTEX_POINT('',#605);
#605 = CARTESIAN_POINT('',(1.016,-1.27,0.));
#606 = LINE('',#607,#608);
#607 = CARTESIAN_POINT('',(1.27,-1.524,0.));
#608 = VECTOR('',#609,1.);
#609 = DIRECTION('',(-0.707106781187,0.707106781187,0.));
#610 = ORIENTED_EDGE('',*,*,#611,.T.);
#611 = EDGE_CURVE('',#604,#612,#614,.T.);
#612 = VERTEX_POINT('',#613);
#613 = CARTESIAN_POINT('',(1.27,-1.016,0.));
#614 = LINE('',#615,#616);
#615 = CARTESIAN_POINT('',(1.016,-1.27,0.));
#616 = VECTOR('',#617,1.);
#617 = DIRECTION('',(0.707106781187,0.707106781187,0.));
#618 = ORIENTED_EDGE('',*,*,#619,.T.);
#619 = EDGE_CURVE('',#612,#620,#622,.T.);
#620 = VERTEX_POINT('',#621);
#621 = CARTESIAN_POINT('',(1.27,1.016,0.));
#622 = LINE('',#623,#624);
#623 = CARTESIAN_POINT('',(1.27,-1.016,0.));
#624 = VECTOR('',#625,1.);
#625 = DIRECTION('',(0.,1.,0.));
#626 = ORIENTED_EDGE('',*,*,#627,.T.);
#627 = EDGE_CURVE('',#620,#100,#628,.T.);
#628 = LINE('',#629,#630);
#629 = CARTESIAN_POINT('',(1.27,1.016,0.));
#630 = VECTOR('',#631,1.);
#631 = DIRECTION('',(-0.707106781187,0.707106781187,0.));
#632 = ORIENTED_EDGE('',*,*,#116,.T.);
#633 = FACE_BOUND('',#634,.F.);
#634 = EDGE_LOOP('',(#635,#645,#653,#661));
#635 = ORIENTED_EDGE('',*,*,#636,.F.);
#636 = EDGE_CURVE('',#637,#639,#641,.T.);
#637 = VERTEX_POINT('',#638);
#638 = CARTESIAN_POINT('',(0.32,-13.02,0.));
#639 = VERTEX_POINT('',#640);
#640 = CARTESIAN_POINT('',(0.32,-12.38,0.));
#641 = LINE('',#642,#643);
#642 = CARTESIAN_POINT('',(0.32,-12.225,0.));
#643 = VECTOR('',#644,1.);
#644 = DIRECTION('',(0.,1.,0.));
#645 = ORIENTED_EDGE('',*,*,#646,.T.);
#646 = EDGE_CURVE('',#637,#647,#649,.T.);
#647 = VERTEX_POINT('',#648);
#648 = CARTESIAN_POINT('',(-0.32,-13.02,0.));
#649 = LINE('',#650,#651);
#650 = CARTESIAN_POINT('',(-0.16,-13.02,0.));
#651 = VECTOR('',#652,1.);
#652 = DIRECTION('',(-1.,0.,0.));
#653 = ORIENTED_EDGE('',*,*,#654,.T.);
#654 = EDGE_CURVE('',#647,#655,#657,.T.);
#655 = VERTEX_POINT('',#656);
#656 = CARTESIAN_POINT('',(-0.32,-12.38,0.));
#657 = LINE('',#658,#659);
#658 = CARTESIAN_POINT('',(-0.32,-12.225,0.));
#659 = VECTOR('',#660,1.);
#660 = DIRECTION('',(0.,1.,0.));
#661 = ORIENTED_EDGE('',*,*,#662,.F.);
#662 = EDGE_CURVE('',#639,#655,#663,.T.);
#663 = LINE('',#664,#665);
#664 = CARTESIAN_POINT('',(-0.16,-12.38,0.));
#665 = VECTOR('',#666,1.);
#666 = DIRECTION('',(-1.,0.,0.));
#667 = FACE_BOUND('',#668,.F.);
#668 = EDGE_LOOP('',(#669,#679,#687,#695));
#669 = ORIENTED_EDGE('',*,*,#670,.F.);
#670 = EDGE_CURVE('',#671,#673,#675,.T.);
#671 = VERTEX_POINT('',#672);
#672 = CARTESIAN_POINT('',(0.32,-10.48,0.));
#673 = VERTEX_POINT('',#674);
#674 = CARTESIAN_POINT('',(0.32,-9.84,0.));
#675 = LINE('',#676,#677);
#676 = CARTESIAN_POINT('',(0.32,-10.955,0.));
#677 = VECTOR('',#678,1.);
#678 = DIRECTION('',(0.,1.,0.));
#679 = ORIENTED_EDGE('',*,*,#680,.T.);
#680 = EDGE_CURVE('',#671,#681,#683,.T.);
#681 = VERTEX_POINT('',#682);
#682 = CARTESIAN_POINT('',(-0.32,-10.48,0.));
#683 = LINE('',#684,#685);
#684 = CARTESIAN_POINT('',(-0.16,-10.48,0.));
#685 = VECTOR('',#686,1.);
#686 = DIRECTION('',(-1.,0.,0.));
#687 = ORIENTED_EDGE('',*,*,#688,.T.);
#688 = EDGE_CURVE('',#681,#689,#691,.T.);
#689 = VERTEX_POINT('',#690);
#690 = CARTESIAN_POINT('',(-0.32,-9.84,0.));
#691 = LINE('',#692,#693);
#692 = CARTESIAN_POINT('',(-0.32,-10.955,0.));
#693 = VECTOR('',#694,1.);
#694 = DIRECTION('',(0.,1.,0.));
#695 = ORIENTED_EDGE('',*,*,#696,.F.);
#696 = EDGE_CURVE('',#673,#689,#697,.T.);
#697 = LINE('',#698,#699);
#698 = CARTESIAN_POINT('',(-0.16,-9.84,0.));
#699 = VECTOR('',#700,1.);
#700 = DIRECTION('',(-1.,0.,0.));
#701 = FACE_BOUND('',#702,.F.);
#702 = EDGE_LOOP('',(#703,#713,#721,#729));
#703 = ORIENTED_EDGE('',*,*,#704,.F.);
#704 = EDGE_CURVE('',#705,#707,#709,.T.);
#705 = VERTEX_POINT('',#706);
#706 = CARTESIAN_POINT('',(0.32,-7.94,0.));
#707 = VERTEX_POINT('',#708);
#708 = CARTESIAN_POINT('',(0.32,-7.3,0.));
#709 = LINE('',#710,#711);
#710 = CARTESIAN_POINT('',(0.32,-9.685,0.));
#711 = VECTOR('',#712,1.);
#712 = DIRECTION('',(0.,1.,0.));
#713 = ORIENTED_EDGE('',*,*,#714,.T.);
#714 = EDGE_CURVE('',#705,#715,#717,.T.);
#715 = VERTEX_POINT('',#716);
#716 = CARTESIAN_POINT('',(-0.32,-7.94,0.));
#717 = LINE('',#718,#719);
#718 = CARTESIAN_POINT('',(-0.16,-7.94,0.));
#719 = VECTOR('',#720,1.);
#720 = DIRECTION('',(-1.,0.,0.));
#721 = ORIENTED_EDGE('',*,*,#722,.T.);
#722 = EDGE_CURVE('',#715,#723,#725,.T.);
#723 = VERTEX_POINT('',#724);
#724 = CARTESIAN_POINT('',(-0.32,-7.3,0.));
#725 = LINE('',#726,#727);
#726 = CARTESIAN_POINT('',(-0.32,-9.685,0.));
#727 = VECTOR('',#728,1.);
#728 = DIRECTION('',(0.,1.,0.));
#729 = ORIENTED_EDGE('',*,*,#730,.F.);
#730 = EDGE_CURVE('',#707,#723,#731,.T.);
#731 = LINE('',#732,#733);
#732 = CARTESIAN_POINT('',(-0.16,-7.3,0.));
#733 = VECTOR('',#734,1.);
#734 = DIRECTION('',(-1.,0.,0.));
#735 = FACE_BOUND('',#736,.F.);
#736 = EDGE_LOOP('',(#737,#747,#755,#763));
#737 = ORIENTED_EDGE('',*,*,#738,.T.);
#738 = EDGE_CURVE('',#739,#741,#743,.T.);
#739 = VERTEX_POINT('',#740);
#740 = CARTESIAN_POINT('',(0.32,-18.1,0.));
#741 = VERTEX_POINT('',#742);
#742 = CARTESIAN_POINT('',(-0.32,-18.1,0.));
#743 = LINE('',#744,#745);
#744 = CARTESIAN_POINT('',(-0.16,-18.1,0.));
#745 = VECTOR('',#746,1.);
#746 = DIRECTION('',(-1.,0.,0.));
#747 = ORIENTED_EDGE('',*,*,#748,.T.);
#748 = EDGE_CURVE('',#741,#749,#751,.T.);
#749 = VERTEX_POINT('',#750);
#750 = CARTESIAN_POINT('',(-0.32,-17.46,0.));
#751 = LINE('',#752,#753);
#752 = CARTESIAN_POINT('',(-0.32,-14.765,0.));
#753 = VECTOR('',#754,1.);
#754 = DIRECTION('',(0.,1.,0.));
#755 = ORIENTED_EDGE('',*,*,#756,.F.);
#756 = EDGE_CURVE('',#757,#749,#759,.T.);
#757 = VERTEX_POINT('',#758);
#758 = CARTESIAN_POINT('',(0.32,-17.46,0.));
#759 = LINE('',#760,#761);
#760 = CARTESIAN_POINT('',(-0.16,-17.46,0.));
#761 = VECTOR('',#762,1.);
#762 = DIRECTION('',(-1.,0.,0.));
#763 = ORIENTED_EDGE('',*,*,#764,.F.);
#764 = EDGE_CURVE('',#739,#757,#765,.T.);
#765 = LINE('',#766,#767);
#766 = CARTESIAN_POINT('',(0.32,-14.765,0.));
#767 = VECTOR('',#768,1.);
#768 = DIRECTION('',(0.,1.,0.));
#769 = FACE_BOUND('',#770,.F.);
#770 = EDGE_LOOP('',(#771,#781,#789,#797));
#771 = ORIENTED_EDGE('',*,*,#772,.F.);
#772 = EDGE_CURVE('',#773,#775,#777,.T.);
#773 = VERTEX_POINT('',#774);
#774 = CARTESIAN_POINT('',(0.32,-15.56,0.));
#775 = VERTEX_POINT('',#776);
#776 = CARTESIAN_POINT('',(0.32,-14.92,0.));
#777 = LINE('',#778,#779);
#778 = CARTESIAN_POINT('',(0.32,-13.495,0.));
#779 = VECTOR('',#780,1.);
#780 = DIRECTION('',(0.,1.,0.));
#781 = ORIENTED_EDGE('',*,*,#782,.T.);
#782 = EDGE_CURVE('',#773,#783,#785,.T.);
#783 = VERTEX_POINT('',#784);
#784 = CARTESIAN_POINT('',(-0.32,-15.56,0.));
#785 = LINE('',#786,#787);
#786 = CARTESIAN_POINT('',(-0.16,-15.56,0.));
#787 = VECTOR('',#788,1.);
#788 = DIRECTION('',(-1.,0.,0.));
#789 = ORIENTED_EDGE('',*,*,#790,.T.);
#790 = EDGE_CURVE('',#783,#791,#793,.T.);
#791 = VERTEX_POINT('',#792);
#792 = CARTESIAN_POINT('',(-0.32,-14.92,0.));
#793 = LINE('',#794,#795);
#794 = CARTESIAN_POINT('',(-0.32,-13.495,0.));
#795 = VECTOR('',#796,1.);
#796 = DIRECTION('',(0.,1.,0.));
#797 = ORIENTED_EDGE('',*,*,#798,.F.);
#798 = EDGE_CURVE('',#775,#791,#799,.T.);
#799 = LINE('',#800,#801);
#800 = CARTESIAN_POINT('',(-0.16,-14.92,0.));
#801 = VECTOR('',#802,1.);
#802 = DIRECTION('',(-1.,0.,0.));
#803 = FACE_BOUND('',#804,.F.);
#804 = EDGE_LOOP('',(#805,#815,#823,#831));
#805 = ORIENTED_EDGE('',*,*,#806,.F.);
#806 = EDGE_CURVE('',#807,#809,#811,.T.);
#807 = VERTEX_POINT('',#808);
#808 = CARTESIAN_POINT('',(0.32,-23.18,0.));
#809 = VERTEX_POINT('',#810);
#810 = CARTESIAN_POINT('',(0.32,-22.54,0.));
#811 = LINE('',#812,#813);
#812 = CARTESIAN_POINT('',(0.32,-17.305,0.));
#813 = VECTOR('',#814,1.);
#814 = DIRECTION('',(0.,1.,0.));
#815 = ORIENTED_EDGE('',*,*,#816,.T.);
#816 = EDGE_CURVE('',#807,#817,#819,.T.);
#817 = VERTEX_POINT('',#818);
#818 = CARTESIAN_POINT('',(-0.32,-23.18,0.));
#819 = LINE('',#820,#821);
#820 = CARTESIAN_POINT('',(-0.16,-23.18,0.));
#821 = VECTOR('',#822,1.);
#822 = DIRECTION('',(-1.,0.,0.));
#823 = ORIENTED_EDGE('',*,*,#824,.T.);
#824 = EDGE_CURVE('',#817,#825,#827,.T.);
#825 = VERTEX_POINT('',#826);
#826 = CARTESIAN_POINT('',(-0.32,-22.54,0.));
#827 = LINE('',#828,#829);
#828 = CARTESIAN_POINT('',(-0.32,-17.305,0.));
#829 = VECTOR('',#830,1.);
#830 = DIRECTION('',(0.,1.,0.));
#831 = ORIENTED_EDGE('',*,*,#832,.F.);
#832 = EDGE_CURVE('',#809,#825,#833,.T.);
#833 = LINE('',#834,#835);
#834 = CARTESIAN_POINT('',(-0.16,-22.54,0.));
#835 = VECTOR('',#836,1.);
#836 = DIRECTION('',(-1.,0.,0.));
#837 = FACE_BOUND('',#838,.F.);
#838 = EDGE_LOOP('',(#839,#849,#857,#865));
#839 = ORIENTED_EDGE('',*,*,#840,.T.);
#840 = EDGE_CURVE('',#841,#843,#845,.T.);
#841 = VERTEX_POINT('',#842);
#842 = CARTESIAN_POINT('',(0.32,-20.64,0.));
#843 = VERTEX_POINT('',#844);
#844 = CARTESIAN_POINT('',(-0.32,-20.64,0.));
#845 = LINE('',#846,#847);
#846 = CARTESIAN_POINT('',(-0.16,-20.64,0.));
#847 = VECTOR('',#848,1.);
#848 = DIRECTION('',(-1.,0.,0.));
#849 = ORIENTED_EDGE('',*,*,#850,.T.);
#850 = EDGE_CURVE('',#843,#851,#853,.T.);
#851 = VERTEX_POINT('',#852);
#852 = CARTESIAN_POINT('',(-0.32,-20.,0.));
#853 = LINE('',#854,#855);
#854 = CARTESIAN_POINT('',(-0.32,-16.035,0.));
#855 = VECTOR('',#856,1.);
#856 = DIRECTION('',(0.,1.,0.));
#857 = ORIENTED_EDGE('',*,*,#858,.F.);
#858 = EDGE_CURVE('',#859,#851,#861,.T.);
#859 = VERTEX_POINT('',#860);
#860 = CARTESIAN_POINT('',(0.32,-20.,0.));
#861 = LINE('',#862,#863);
#862 = CARTESIAN_POINT('',(-0.16,-20.,0.));
#863 = VECTOR('',#864,1.);
#864 = DIRECTION('',(-1.,0.,0.));
#865 = ORIENTED_EDGE('',*,*,#866,.F.);
#866 = EDGE_CURVE('',#841,#859,#867,.T.);
#867 = LINE('',#868,#869);
#868 = CARTESIAN_POINT('',(0.32,-16.035,0.));
#869 = VECTOR('',#870,1.);
#870 = DIRECTION('',(0.,1.,0.));
#871 = FACE_BOUND('',#872,.F.);
#872 = EDGE_LOOP('',(#873,#883,#891,#899));
#873 = ORIENTED_EDGE('',*,*,#874,.T.);
#874 = EDGE_CURVE('',#875,#877,#879,.T.);
#875 = VERTEX_POINT('',#876);
#876 = CARTESIAN_POINT('',(0.32,-0.32,0.));
#877 = VERTEX_POINT('',#878);
#878 = CARTESIAN_POINT('',(-0.32,-0.32,0.));
#879 = LINE('',#880,#881);
#880 = CARTESIAN_POINT('',(-0.16,-0.32,0.));
#881 = VECTOR('',#882,1.);
#882 = DIRECTION('',(-1.,0.,0.));
#883 = ORIENTED_EDGE('',*,*,#884,.T.);
#884 = EDGE_CURVE('',#877,#885,#887,.T.);
#885 = VERTEX_POINT('',#886);
#886 = CARTESIAN_POINT('',(-0.32,0.32,0.));
#887 = LINE('',#888,#889);
#888 = CARTESIAN_POINT('',(-0.32,-5.875,0.));
#889 = VECTOR('',#890,1.);
#890 = DIRECTION('',(0.,1.,0.));
#891 = ORIENTED_EDGE('',*,*,#892,.F.);
#892 = EDGE_CURVE('',#893,#885,#895,.T.);
#893 = VERTEX_POINT('',#894);
#894 = CARTESIAN_POINT('',(0.32,0.32,0.));
#895 = LINE('',#896,#897);
#896 = CARTESIAN_POINT('',(-0.16,0.32,0.));
#897 = VECTOR('',#898,1.);
#898 = DIRECTION('',(-1.,0.,0.));
#899 = ORIENTED_EDGE('',*,*,#900,.F.);
#900 = EDGE_CURVE('',#875,#893,#901,.T.);
#901 = LINE('',#902,#903);
#902 = CARTESIAN_POINT('',(0.32,-5.875,0.));
#903 = VECTOR('',#904,1.);
#904 = DIRECTION('',(0.,1.,0.));
#905 = FACE_BOUND('',#906,.F.);
#906 = EDGE_LOOP('',(#907,#917,#925,#933));
#907 = ORIENTED_EDGE('',*,*,#908,.F.);
#908 = EDGE_CURVE('',#909,#911,#913,.T.);
#909 = VERTEX_POINT('',#910);
#910 = CARTESIAN_POINT('',(0.32,-2.86,0.));
#911 = VERTEX_POINT('',#912);
#912 = CARTESIAN_POINT('',(0.32,-2.22,0.));
#913 = LINE('',#914,#915);
#914 = CARTESIAN_POINT('',(0.32,-7.145,0.));
#915 = VECTOR('',#916,1.);
#916 = DIRECTION('',(0.,1.,0.));
#917 = ORIENTED_EDGE('',*,*,#918,.T.);
#918 = EDGE_CURVE('',#909,#919,#921,.T.);
#919 = VERTEX_POINT('',#920);
#920 = CARTESIAN_POINT('',(-0.32,-2.86,0.));
#921 = LINE('',#922,#923);
#922 = CARTESIAN_POINT('',(-0.16,-2.86,0.));
#923 = VECTOR('',#924,1.);
#924 = DIRECTION('',(-1.,0.,0.));
#925 = ORIENTED_EDGE('',*,*,#926,.T.);
#926 = EDGE_CURVE('',#919,#927,#929,.T.);
#927 = VERTEX_POINT('',#928);
#928 = CARTESIAN_POINT('',(-0.32,-2.22,0.));
#929 = LINE('',#930,#931);
#930 = CARTESIAN_POINT('',(-0.32,-7.145,0.));
#931 = VECTOR('',#932,1.);
#932 = DIRECTION('',(0.,1.,0.));
#933 = ORIENTED_EDGE('',*,*,#934,.F.);
#934 = EDGE_CURVE('',#911,#927,#935,.T.);
#935 = LINE('',#936,#937);
#936 = CARTESIAN_POINT('',(-0.16,-2.22,0.));
#937 = VECTOR('',#938,1.);
#938 = DIRECTION('',(-1.,0.,0.));
#939 = FACE_BOUND('',#940,.F.);
#940 = EDGE_LOOP('',(#941,#951,#959,#967));
#941 = ORIENTED_EDGE('',*,*,#942,.F.);
#942 = EDGE_CURVE('',#943,#945,#947,.T.);
#943 = VERTEX_POINT('',#944);
#944 = CARTESIAN_POINT('',(0.32,-5.4,0.));
#945 = VERTEX_POINT('',#946);
#946 = CARTESIAN_POINT('',(0.32,-4.76,0.));
#947 = LINE('',#948,#949);
#948 = CARTESIAN_POINT('',(0.32,-8.415,0.));
#949 = VECTOR('',#950,1.);
#950 = DIRECTION('',(0.,1.,0.));
#951 = ORIENTED_EDGE('',*,*,#952,.T.);
#952 = EDGE_CURVE('',#943,#953,#955,.T.);
#953 = VERTEX_POINT('',#954);
#954 = CARTESIAN_POINT('',(-0.32,-5.4,0.));
#955 = LINE('',#956,#957);
#956 = CARTESIAN_POINT('',(-0.16,-5.4,0.));
#957 = VECTOR('',#958,1.);
#958 = DIRECTION('',(-1.,0.,0.));
#959 = ORIENTED_EDGE('',*,*,#960,.T.);
#960 = EDGE_CURVE('',#953,#961,#963,.T.);
#961 = VERTEX_POINT('',#962);
#962 = CARTESIAN_POINT('',(-0.32,-4.76,0.));
#963 = LINE('',#964,#965);
#964 = CARTESIAN_POINT('',(-0.32,-8.415,0.));
#965 = VECTOR('',#966,1.);
#966 = DIRECTION('',(0.,1.,0.));
#967 = ORIENTED_EDGE('',*,*,#968,.F.);
#968 = EDGE_CURVE('',#945,#961,#969,.T.);
#969 = LINE('',#970,#971);
#970 = CARTESIAN_POINT('',(-0.16,-4.76,0.));
#971 = VECTOR('',#972,1.);
#972 = DIRECTION('',(-1.,0.,0.));
#973 = PLANE('',#974);
#974 = AXIS2_PLACEMENT_3D('',#975,#976,#977);
#975 = CARTESIAN_POINT('',(-1.127656408637E-17,-11.43,0.));
#976 = DIRECTION('',(0.,0.,1.));
#977 = DIRECTION('',(1.,0.,-0.));
#978 = ADVANCED_FACE('',(#979,#1454,#1488,#1522,#1556,#1590,#1624,#1658,
    #1692,#1726,#1760),#1794,.T.);
#979 = FACE_BOUND('',#980,.T.);
#980 = EDGE_LOOP('',(#981,#982,#983,#991,#999,#1007,#1015,#1023,#1031,
    #1039,#1047,#1055,#1063,#1071,#1079,#1087,#1095,#1103,#1111,#1119,
    #1127,#1135,#1143,#1151,#1159,#1167,#1175,#1183,#1191,#1199,#1207,
    #1215,#1223,#1231,#1239,#1247,#1255,#1263,#1271,#1279,#1287,#1295,
    #1303,#1311,#1319,#1327,#1335,#1343,#1351,#1359,#1367,#1375,#1383,
    #1391,#1399,#1407,#1415,#1423,#1431,#1439,#1447,#1453));
#981 = ORIENTED_EDGE('',*,*,#69,.T.);
#982 = ORIENTED_EDGE('',*,*,#131,.T.);
#983 = ORIENTED_EDGE('',*,*,#984,.T.);
#984 = EDGE_CURVE('',#132,#985,#987,.T.);
#985 = VERTEX_POINT('',#986);
#986 = CARTESIAN_POINT('',(-1.016,-1.27,2.54));
#987 = LINE('',#988,#989);
#988 = CARTESIAN_POINT('',(-1.27,-1.016,2.54));
#989 = VECTOR('',#990,1.);
#990 = DIRECTION('',(0.707106781187,-0.707106781187,0.));
#991 = ORIENTED_EDGE('',*,*,#992,.T.);
#992 = EDGE_CURVE('',#985,#993,#995,.T.);
#993 = VERTEX_POINT('',#994);
#994 = CARTESIAN_POINT('',(-1.27,-1.524,2.54));
#995 = LINE('',#996,#997);
#996 = CARTESIAN_POINT('',(-1.016,-1.27,2.54));
#997 = VECTOR('',#998,1.);
#998 = DIRECTION('',(-0.707106781187,-0.707106781187,0.));
#999 = ORIENTED_EDGE('',*,*,#1000,.T.);
#1000 = EDGE_CURVE('',#993,#1001,#1003,.T.);
#1001 = VERTEX_POINT('',#1002);
#1002 = CARTESIAN_POINT('',(-1.27,-3.556,2.54));
#1003 = LINE('',#1004,#1005);
#1004 = CARTESIAN_POINT('',(-1.27,-1.524,2.54));
#1005 = VECTOR('',#1006,1.);
#1006 = DIRECTION('',(0.,-1.,0.));
#1007 = ORIENTED_EDGE('',*,*,#1008,.T.);
#1008 = EDGE_CURVE('',#1001,#1009,#1011,.T.);
#1009 = VERTEX_POINT('',#1010);
#1010 = CARTESIAN_POINT('',(-1.016,-3.81,2.54));
#1011 = LINE('',#1012,#1013);
#1012 = CARTESIAN_POINT('',(-1.27,-3.556,2.54));
#1013 = VECTOR('',#1014,1.);
#1014 = DIRECTION('',(0.707106781187,-0.707106781187,0.));
#1015 = ORIENTED_EDGE('',*,*,#1016,.T.);
#1016 = EDGE_CURVE('',#1009,#1017,#1019,.T.);
#1017 = VERTEX_POINT('',#1018);
#1018 = CARTESIAN_POINT('',(-1.27,-4.064,2.54));
#1019 = LINE('',#1020,#1021);
#1020 = CARTESIAN_POINT('',(-1.016,-3.81,2.54));
#1021 = VECTOR('',#1022,1.);
#1022 = DIRECTION('',(-0.707106781187,-0.707106781187,0.));
#1023 = ORIENTED_EDGE('',*,*,#1024,.T.);
#1024 = EDGE_CURVE('',#1017,#1025,#1027,.T.);
#1025 = VERTEX_POINT('',#1026);
#1026 = CARTESIAN_POINT('',(-1.27,-6.096,2.54));
#1027 = LINE('',#1028,#1029);
#1028 = CARTESIAN_POINT('',(-1.27,-4.064,2.54));
#1029 = VECTOR('',#1030,1.);
#1030 = DIRECTION('',(0.,-1.,0.));
#1031 = ORIENTED_EDGE('',*,*,#1032,.T.);
#1032 = EDGE_CURVE('',#1025,#1033,#1035,.T.);
#1033 = VERTEX_POINT('',#1034);
#1034 = CARTESIAN_POINT('',(-1.016,-6.35,2.54));
#1035 = LINE('',#1036,#1037);
#1036 = CARTESIAN_POINT('',(-1.27,-6.096,2.54));
#1037 = VECTOR('',#1038,1.);
#1038 = DIRECTION('',(0.707106781187,-0.707106781187,0.));
#1039 = ORIENTED_EDGE('',*,*,#1040,.T.);
#1040 = EDGE_CURVE('',#1033,#1041,#1043,.T.);
#1041 = VERTEX_POINT('',#1042);
#1042 = CARTESIAN_POINT('',(-1.27,-6.604,2.54));
#1043 = LINE('',#1044,#1045);
#1044 = CARTESIAN_POINT('',(-1.016,-6.35,2.54));
#1045 = VECTOR('',#1046,1.);
#1046 = DIRECTION('',(-0.707106781187,-0.707106781187,0.));
#1047 = ORIENTED_EDGE('',*,*,#1048,.T.);
#1048 = EDGE_CURVE('',#1041,#1049,#1051,.T.);
#1049 = VERTEX_POINT('',#1050);
#1050 = CARTESIAN_POINT('',(-1.27,-8.636,2.54));
#1051 = LINE('',#1052,#1053);
#1052 = CARTESIAN_POINT('',(-1.27,-6.604,2.54));
#1053 = VECTOR('',#1054,1.);
#1054 = DIRECTION('',(0.,-1.,0.));
#1055 = ORIENTED_EDGE('',*,*,#1056,.T.);
#1056 = EDGE_CURVE('',#1049,#1057,#1059,.T.);
#1057 = VERTEX_POINT('',#1058);
#1058 = CARTESIAN_POINT('',(-1.016,-8.89,2.54));
#1059 = LINE('',#1060,#1061);
#1060 = CARTESIAN_POINT('',(-1.27,-8.636,2.54));
#1061 = VECTOR('',#1062,1.);
#1062 = DIRECTION('',(0.707106781187,-0.707106781187,0.));
#1063 = ORIENTED_EDGE('',*,*,#1064,.T.);
#1064 = EDGE_CURVE('',#1057,#1065,#1067,.T.);
#1065 = VERTEX_POINT('',#1066);
#1066 = CARTESIAN_POINT('',(-1.27,-9.144,2.54));
#1067 = LINE('',#1068,#1069);
#1068 = CARTESIAN_POINT('',(-1.016,-8.89,2.54));
#1069 = VECTOR('',#1070,1.);
#1070 = DIRECTION('',(-0.707106781187,-0.707106781187,0.));
#1071 = ORIENTED_EDGE('',*,*,#1072,.T.);
#1072 = EDGE_CURVE('',#1065,#1073,#1075,.T.);
#1073 = VERTEX_POINT('',#1074);
#1074 = CARTESIAN_POINT('',(-1.27,-11.176,2.54));
#1075 = LINE('',#1076,#1077);
#1076 = CARTESIAN_POINT('',(-1.27,-9.144,2.54));
#1077 = VECTOR('',#1078,1.);
#1078 = DIRECTION('',(0.,-1.,0.));
#1079 = ORIENTED_EDGE('',*,*,#1080,.T.);
#1080 = EDGE_CURVE('',#1073,#1081,#1083,.T.);
#1081 = VERTEX_POINT('',#1082);
#1082 = CARTESIAN_POINT('',(-1.016,-11.43,2.54));
#1083 = LINE('',#1084,#1085);
#1084 = CARTESIAN_POINT('',(-1.27,-11.176,2.54));
#1085 = VECTOR('',#1086,1.);
#1086 = DIRECTION('',(0.707106781187,-0.707106781187,0.));
#1087 = ORIENTED_EDGE('',*,*,#1088,.T.);
#1088 = EDGE_CURVE('',#1081,#1089,#1091,.T.);
#1089 = VERTEX_POINT('',#1090);
#1090 = CARTESIAN_POINT('',(-1.27,-11.684,2.54));
#1091 = LINE('',#1092,#1093);
#1092 = CARTESIAN_POINT('',(-1.016,-11.43,2.54));
#1093 = VECTOR('',#1094,1.);
#1094 = DIRECTION('',(-0.707106781187,-0.707106781187,0.));
#1095 = ORIENTED_EDGE('',*,*,#1096,.T.);
#1096 = EDGE_CURVE('',#1089,#1097,#1099,.T.);
#1097 = VERTEX_POINT('',#1098);
#1098 = CARTESIAN_POINT('',(-1.27,-13.716,2.54));
#1099 = LINE('',#1100,#1101);
#1100 = CARTESIAN_POINT('',(-1.27,-11.684,2.54));
#1101 = VECTOR('',#1102,1.);
#1102 = DIRECTION('',(0.,-1.,0.));
#1103 = ORIENTED_EDGE('',*,*,#1104,.T.);
#1104 = EDGE_CURVE('',#1097,#1105,#1107,.T.);
#1105 = VERTEX_POINT('',#1106);
#1106 = CARTESIAN_POINT('',(-1.016,-13.97,2.54));
#1107 = LINE('',#1108,#1109);
#1108 = CARTESIAN_POINT('',(-1.27,-13.716,2.54));
#1109 = VECTOR('',#1110,1.);
#1110 = DIRECTION('',(0.707106781187,-0.707106781187,0.));
#1111 = ORIENTED_EDGE('',*,*,#1112,.T.);
#1112 = EDGE_CURVE('',#1105,#1113,#1115,.T.);
#1113 = VERTEX_POINT('',#1114);
#1114 = CARTESIAN_POINT('',(-1.27,-14.224,2.54));
#1115 = LINE('',#1116,#1117);
#1116 = CARTESIAN_POINT('',(-1.016,-13.97,2.54));
#1117 = VECTOR('',#1118,1.);
#1118 = DIRECTION('',(-0.707106781187,-0.707106781187,0.));
#1119 = ORIENTED_EDGE('',*,*,#1120,.T.);
#1120 = EDGE_CURVE('',#1113,#1121,#1123,.T.);
#1121 = VERTEX_POINT('',#1122);
#1122 = CARTESIAN_POINT('',(-1.27,-16.256,2.54));
#1123 = LINE('',#1124,#1125);
#1124 = CARTESIAN_POINT('',(-1.27,-14.224,2.54));
#1125 = VECTOR('',#1126,1.);
#1126 = DIRECTION('',(0.,-1.,0.));
#1127 = ORIENTED_EDGE('',*,*,#1128,.T.);
#1128 = EDGE_CURVE('',#1121,#1129,#1131,.T.);
#1129 = VERTEX_POINT('',#1130);
#1130 = CARTESIAN_POINT('',(-1.016,-16.51,2.54));
#1131 = LINE('',#1132,#1133);
#1132 = CARTESIAN_POINT('',(-1.27,-16.256,2.54));
#1133 = VECTOR('',#1134,1.);
#1134 = DIRECTION('',(0.707106781187,-0.707106781187,0.));
#1135 = ORIENTED_EDGE('',*,*,#1136,.T.);
#1136 = EDGE_CURVE('',#1129,#1137,#1139,.T.);
#1137 = VERTEX_POINT('',#1138);
#1138 = CARTESIAN_POINT('',(-1.27,-16.764,2.54));
#1139 = LINE('',#1140,#1141);
#1140 = CARTESIAN_POINT('',(-1.016,-16.51,2.54));
#1141 = VECTOR('',#1142,1.);
#1142 = DIRECTION('',(-0.707106781187,-0.707106781187,0.));
#1143 = ORIENTED_EDGE('',*,*,#1144,.T.);
#1144 = EDGE_CURVE('',#1137,#1145,#1147,.T.);
#1145 = VERTEX_POINT('',#1146);
#1146 = CARTESIAN_POINT('',(-1.27,-18.796,2.54));
#1147 = LINE('',#1148,#1149);
#1148 = CARTESIAN_POINT('',(-1.27,-16.764,2.54));
#1149 = VECTOR('',#1150,1.);
#1150 = DIRECTION('',(0.,-1.,0.));
#1151 = ORIENTED_EDGE('',*,*,#1152,.T.);
#1152 = EDGE_CURVE('',#1145,#1153,#1155,.T.);
#1153 = VERTEX_POINT('',#1154);
#1154 = CARTESIAN_POINT('',(-1.016,-19.05,2.54));
#1155 = LINE('',#1156,#1157);
#1156 = CARTESIAN_POINT('',(-1.27,-18.796,2.54));
#1157 = VECTOR('',#1158,1.);
#1158 = DIRECTION('',(0.707106781187,-0.707106781187,0.));
#1159 = ORIENTED_EDGE('',*,*,#1160,.T.);
#1160 = EDGE_CURVE('',#1153,#1161,#1163,.T.);
#1161 = VERTEX_POINT('',#1162);
#1162 = CARTESIAN_POINT('',(-1.27,-19.304,2.54));
#1163 = LINE('',#1164,#1165);
#1164 = CARTESIAN_POINT('',(-1.016,-19.05,2.54));
#1165 = VECTOR('',#1166,1.);
#1166 = DIRECTION('',(-0.707106781187,-0.707106781187,0.));
#1167 = ORIENTED_EDGE('',*,*,#1168,.T.);
#1168 = EDGE_CURVE('',#1161,#1169,#1171,.T.);
#1169 = VERTEX_POINT('',#1170);
#1170 = CARTESIAN_POINT('',(-1.27,-21.336,2.54));
#1171 = LINE('',#1172,#1173);
#1172 = CARTESIAN_POINT('',(-1.27,-19.304,2.54));
#1173 = VECTOR('',#1174,1.);
#1174 = DIRECTION('',(0.,-1.,0.));
#1175 = ORIENTED_EDGE('',*,*,#1176,.T.);
#1176 = EDGE_CURVE('',#1169,#1177,#1179,.T.);
#1177 = VERTEX_POINT('',#1178);
#1178 = CARTESIAN_POINT('',(-1.016,-21.59,2.54));
#1179 = LINE('',#1180,#1181);
#1180 = CARTESIAN_POINT('',(-1.27,-21.336,2.54));
#1181 = VECTOR('',#1182,1.);
#1182 = DIRECTION('',(0.707106781187,-0.707106781187,0.));
#1183 = ORIENTED_EDGE('',*,*,#1184,.T.);
#1184 = EDGE_CURVE('',#1177,#1185,#1187,.T.);
#1185 = VERTEX_POINT('',#1186);
#1186 = CARTESIAN_POINT('',(-1.27,-21.844,2.54));
#1187 = LINE('',#1188,#1189);
#1188 = CARTESIAN_POINT('',(-1.016,-21.59,2.54));
#1189 = VECTOR('',#1190,1.);
#1190 = DIRECTION('',(-0.707106781187,-0.707106781187,0.));
#1191 = ORIENTED_EDGE('',*,*,#1192,.T.);
#1192 = EDGE_CURVE('',#1185,#1193,#1195,.T.);
#1193 = VERTEX_POINT('',#1194);
#1194 = CARTESIAN_POINT('',(-1.27,-23.876,2.54));
#1195 = LINE('',#1196,#1197);
#1196 = CARTESIAN_POINT('',(-1.27,-21.844,2.54));
#1197 = VECTOR('',#1198,1.);
#1198 = DIRECTION('',(0.,-1.,0.));
#1199 = ORIENTED_EDGE('',*,*,#1200,.T.);
#1200 = EDGE_CURVE('',#1193,#1201,#1203,.T.);
#1201 = VERTEX_POINT('',#1202);
#1202 = CARTESIAN_POINT('',(-1.016,-24.13,2.54));
#1203 = LINE('',#1204,#1205);
#1204 = CARTESIAN_POINT('',(-1.27,-23.876,2.54));
#1205 = VECTOR('',#1206,1.);
#1206 = DIRECTION('',(0.707106781187,-0.707106781187,0.));
#1207 = ORIENTED_EDGE('',*,*,#1208,.T.);
#1208 = EDGE_CURVE('',#1201,#1209,#1211,.T.);
#1209 = VERTEX_POINT('',#1210);
#1210 = CARTESIAN_POINT('',(1.016,-24.13,2.54));
#1211 = LINE('',#1212,#1213);
#1212 = CARTESIAN_POINT('',(-1.016,-24.13,2.54));
#1213 = VECTOR('',#1214,1.);
#1214 = DIRECTION('',(1.,0.,0.));
#1215 = ORIENTED_EDGE('',*,*,#1216,.T.);
#1216 = EDGE_CURVE('',#1209,#1217,#1219,.T.);
#1217 = VERTEX_POINT('',#1218);
#1218 = CARTESIAN_POINT('',(1.27,-23.876,2.54));
#1219 = LINE('',#1220,#1221);
#1220 = CARTESIAN_POINT('',(1.016,-24.13,2.54));
#1221 = VECTOR('',#1222,1.);
#1222 = DIRECTION('',(0.707106781187,0.707106781187,0.));
#1223 = ORIENTED_EDGE('',*,*,#1224,.T.);
#1224 = EDGE_CURVE('',#1217,#1225,#1227,.T.);
#1225 = VERTEX_POINT('',#1226);
#1226 = CARTESIAN_POINT('',(1.27,-21.844,2.54));
#1227 = LINE('',#1228,#1229);
#1228 = CARTESIAN_POINT('',(1.27,-23.876,2.54));
#1229 = VECTOR('',#1230,1.);
#1230 = DIRECTION('',(0.,1.,0.));
#1231 = ORIENTED_EDGE('',*,*,#1232,.T.);
#1232 = EDGE_CURVE('',#1225,#1233,#1235,.T.);
#1233 = VERTEX_POINT('',#1234);
#1234 = CARTESIAN_POINT('',(1.016,-21.59,2.54));
#1235 = LINE('',#1236,#1237);
#1236 = CARTESIAN_POINT('',(1.27,-21.844,2.54));
#1237 = VECTOR('',#1238,1.);
#1238 = DIRECTION('',(-0.707106781187,0.707106781187,0.));
#1239 = ORIENTED_EDGE('',*,*,#1240,.T.);
#1240 = EDGE_CURVE('',#1233,#1241,#1243,.T.);
#1241 = VERTEX_POINT('',#1242);
#1242 = CARTESIAN_POINT('',(1.27,-21.336,2.54));
#1243 = LINE('',#1244,#1245);
#1244 = CARTESIAN_POINT('',(1.016,-21.59,2.54));
#1245 = VECTOR('',#1246,1.);
#1246 = DIRECTION('',(0.707106781187,0.707106781187,0.));
#1247 = ORIENTED_EDGE('',*,*,#1248,.T.);
#1248 = EDGE_CURVE('',#1241,#1249,#1251,.T.);
#1249 = VERTEX_POINT('',#1250);
#1250 = CARTESIAN_POINT('',(1.27,-19.304,2.54));
#1251 = LINE('',#1252,#1253);
#1252 = CARTESIAN_POINT('',(1.27,-21.336,2.54));
#1253 = VECTOR('',#1254,1.);
#1254 = DIRECTION('',(0.,1.,0.));
#1255 = ORIENTED_EDGE('',*,*,#1256,.T.);
#1256 = EDGE_CURVE('',#1249,#1257,#1259,.T.);
#1257 = VERTEX_POINT('',#1258);
#1258 = CARTESIAN_POINT('',(1.016,-19.05,2.54));
#1259 = LINE('',#1260,#1261);
#1260 = CARTESIAN_POINT('',(1.27,-19.304,2.54));
#1261 = VECTOR('',#1262,1.);
#1262 = DIRECTION('',(-0.707106781187,0.707106781187,0.));
#1263 = ORIENTED_EDGE('',*,*,#1264,.T.);
#1264 = EDGE_CURVE('',#1257,#1265,#1267,.T.);
#1265 = VERTEX_POINT('',#1266);
#1266 = CARTESIAN_POINT('',(1.27,-18.796,2.54));
#1267 = LINE('',#1268,#1269);
#1268 = CARTESIAN_POINT('',(1.016,-19.05,2.54));
#1269 = VECTOR('',#1270,1.);
#1270 = DIRECTION('',(0.707106781187,0.707106781187,0.));
#1271 = ORIENTED_EDGE('',*,*,#1272,.T.);
#1272 = EDGE_CURVE('',#1265,#1273,#1275,.T.);
#1273 = VERTEX_POINT('',#1274);
#1274 = CARTESIAN_POINT('',(1.27,-16.764,2.54));
#1275 = LINE('',#1276,#1277);
#1276 = CARTESIAN_POINT('',(1.27,-18.796,2.54));
#1277 = VECTOR('',#1278,1.);
#1278 = DIRECTION('',(0.,1.,0.));
#1279 = ORIENTED_EDGE('',*,*,#1280,.T.);
#1280 = EDGE_CURVE('',#1273,#1281,#1283,.T.);
#1281 = VERTEX_POINT('',#1282);
#1282 = CARTESIAN_POINT('',(1.016,-16.51,2.54));
#1283 = LINE('',#1284,#1285);
#1284 = CARTESIAN_POINT('',(1.27,-16.764,2.54));
#1285 = VECTOR('',#1286,1.);
#1286 = DIRECTION('',(-0.707106781187,0.707106781187,0.));
#1287 = ORIENTED_EDGE('',*,*,#1288,.T.);
#1288 = EDGE_CURVE('',#1281,#1289,#1291,.T.);
#1289 = VERTEX_POINT('',#1290);
#1290 = CARTESIAN_POINT('',(1.27,-16.256,2.54));
#1291 = LINE('',#1292,#1293);
#1292 = CARTESIAN_POINT('',(1.016,-16.51,2.54));
#1293 = VECTOR('',#1294,1.);
#1294 = DIRECTION('',(0.707106781187,0.707106781187,0.));
#1295 = ORIENTED_EDGE('',*,*,#1296,.T.);
#1296 = EDGE_CURVE('',#1289,#1297,#1299,.T.);
#1297 = VERTEX_POINT('',#1298);
#1298 = CARTESIAN_POINT('',(1.27,-14.224,2.54));
#1299 = LINE('',#1300,#1301);
#1300 = CARTESIAN_POINT('',(1.27,-16.256,2.54));
#1301 = VECTOR('',#1302,1.);
#1302 = DIRECTION('',(0.,1.,0.));
#1303 = ORIENTED_EDGE('',*,*,#1304,.T.);
#1304 = EDGE_CURVE('',#1297,#1305,#1307,.T.);
#1305 = VERTEX_POINT('',#1306);
#1306 = CARTESIAN_POINT('',(1.016,-13.97,2.54));
#1307 = LINE('',#1308,#1309);
#1308 = CARTESIAN_POINT('',(1.27,-14.224,2.54));
#1309 = VECTOR('',#1310,1.);
#1310 = DIRECTION('',(-0.707106781187,0.707106781187,0.));
#1311 = ORIENTED_EDGE('',*,*,#1312,.T.);
#1312 = EDGE_CURVE('',#1305,#1313,#1315,.T.);
#1313 = VERTEX_POINT('',#1314);
#1314 = CARTESIAN_POINT('',(1.27,-13.716,2.54));
#1315 = LINE('',#1316,#1317);
#1316 = CARTESIAN_POINT('',(1.016,-13.97,2.54));
#1317 = VECTOR('',#1318,1.);
#1318 = DIRECTION('',(0.707106781187,0.707106781187,0.));
#1319 = ORIENTED_EDGE('',*,*,#1320,.T.);
#1320 = EDGE_CURVE('',#1313,#1321,#1323,.T.);
#1321 = VERTEX_POINT('',#1322);
#1322 = CARTESIAN_POINT('',(1.27,-11.684,2.54));
#1323 = LINE('',#1324,#1325);
#1324 = CARTESIAN_POINT('',(1.27,-13.716,2.54));
#1325 = VECTOR('',#1326,1.);
#1326 = DIRECTION('',(0.,1.,0.));
#1327 = ORIENTED_EDGE('',*,*,#1328,.T.);
#1328 = EDGE_CURVE('',#1321,#1329,#1331,.T.);
#1329 = VERTEX_POINT('',#1330);
#1330 = CARTESIAN_POINT('',(1.016,-11.43,2.54));
#1331 = LINE('',#1332,#1333);
#1332 = CARTESIAN_POINT('',(1.27,-11.684,2.54));
#1333 = VECTOR('',#1334,1.);
#1334 = DIRECTION('',(-0.707106781187,0.707106781187,0.));
#1335 = ORIENTED_EDGE('',*,*,#1336,.T.);
#1336 = EDGE_CURVE('',#1329,#1337,#1339,.T.);
#1337 = VERTEX_POINT('',#1338);
#1338 = CARTESIAN_POINT('',(1.27,-11.176,2.54));
#1339 = LINE('',#1340,#1341);
#1340 = CARTESIAN_POINT('',(1.016,-11.43,2.54));
#1341 = VECTOR('',#1342,1.);
#1342 = DIRECTION('',(0.707106781187,0.707106781187,0.));
#1343 = ORIENTED_EDGE('',*,*,#1344,.T.);
#1344 = EDGE_CURVE('',#1337,#1345,#1347,.T.);
#1345 = VERTEX_POINT('',#1346);
#1346 = CARTESIAN_POINT('',(1.27,-9.144,2.54));
#1347 = LINE('',#1348,#1349);
#1348 = CARTESIAN_POINT('',(1.27,-11.176,2.54));
#1349 = VECTOR('',#1350,1.);
#1350 = DIRECTION('',(0.,1.,0.));
#1351 = ORIENTED_EDGE('',*,*,#1352,.T.);
#1352 = EDGE_CURVE('',#1345,#1353,#1355,.T.);
#1353 = VERTEX_POINT('',#1354);
#1354 = CARTESIAN_POINT('',(1.016,-8.89,2.54));
#1355 = LINE('',#1356,#1357);
#1356 = CARTESIAN_POINT('',(1.27,-9.144,2.54));
#1357 = VECTOR('',#1358,1.);
#1358 = DIRECTION('',(-0.707106781187,0.707106781187,0.));
#1359 = ORIENTED_EDGE('',*,*,#1360,.T.);
#1360 = EDGE_CURVE('',#1353,#1361,#1363,.T.);
#1361 = VERTEX_POINT('',#1362);
#1362 = CARTESIAN_POINT('',(1.27,-8.636,2.54));
#1363 = LINE('',#1364,#1365);
#1364 = CARTESIAN_POINT('',(1.016,-8.89,2.54));
#1365 = VECTOR('',#1366,1.);
#1366 = DIRECTION('',(0.707106781187,0.707106781187,0.));
#1367 = ORIENTED_EDGE('',*,*,#1368,.T.);
#1368 = EDGE_CURVE('',#1361,#1369,#1371,.T.);
#1369 = VERTEX_POINT('',#1370);
#1370 = CARTESIAN_POINT('',(1.27,-6.604,2.54));
#1371 = LINE('',#1372,#1373);
#1372 = CARTESIAN_POINT('',(1.27,-8.636,2.54));
#1373 = VECTOR('',#1374,1.);
#1374 = DIRECTION('',(0.,1.,0.));
#1375 = ORIENTED_EDGE('',*,*,#1376,.T.);
#1376 = EDGE_CURVE('',#1369,#1377,#1379,.T.);
#1377 = VERTEX_POINT('',#1378);
#1378 = CARTESIAN_POINT('',(1.016,-6.35,2.54));
#1379 = LINE('',#1380,#1381);
#1380 = CARTESIAN_POINT('',(1.27,-6.604,2.54));
#1381 = VECTOR('',#1382,1.);
#1382 = DIRECTION('',(-0.707106781187,0.707106781187,0.));
#1383 = ORIENTED_EDGE('',*,*,#1384,.T.);
#1384 = EDGE_CURVE('',#1377,#1385,#1387,.T.);
#1385 = VERTEX_POINT('',#1386);
#1386 = CARTESIAN_POINT('',(1.27,-6.096,2.54));
#1387 = LINE('',#1388,#1389);
#1388 = CARTESIAN_POINT('',(1.016,-6.35,2.54));
#1389 = VECTOR('',#1390,1.);
#1390 = DIRECTION('',(0.707106781187,0.707106781187,0.));
#1391 = ORIENTED_EDGE('',*,*,#1392,.T.);
#1392 = EDGE_CURVE('',#1385,#1393,#1395,.T.);
#1393 = VERTEX_POINT('',#1394);
#1394 = CARTESIAN_POINT('',(1.27,-4.064,2.54));
#1395 = LINE('',#1396,#1397);
#1396 = CARTESIAN_POINT('',(1.27,-6.096,2.54));
#1397 = VECTOR('',#1398,1.);
#1398 = DIRECTION('',(0.,1.,0.));
#1399 = ORIENTED_EDGE('',*,*,#1400,.T.);
#1400 = EDGE_CURVE('',#1393,#1401,#1403,.T.);
#1401 = VERTEX_POINT('',#1402);
#1402 = CARTESIAN_POINT('',(1.016,-3.81,2.54));
#1403 = LINE('',#1404,#1405);
#1404 = CARTESIAN_POINT('',(1.27,-4.064,2.54));
#1405 = VECTOR('',#1406,1.);
#1406 = DIRECTION('',(-0.707106781187,0.707106781187,0.));
#1407 = ORIENTED_EDGE('',*,*,#1408,.T.);
#1408 = EDGE_CURVE('',#1401,#1409,#1411,.T.);
#1409 = VERTEX_POINT('',#1410);
#1410 = CARTESIAN_POINT('',(1.27,-3.556,2.54));
#1411 = LINE('',#1412,#1413);
#1412 = CARTESIAN_POINT('',(1.016,-3.81,2.54));
#1413 = VECTOR('',#1414,1.);
#1414 = DIRECTION('',(0.707106781187,0.707106781187,0.));
#1415 = ORIENTED_EDGE('',*,*,#1416,.T.);
#1416 = EDGE_CURVE('',#1409,#1417,#1419,.T.);
#1417 = VERTEX_POINT('',#1418);
#1418 = CARTESIAN_POINT('',(1.27,-1.524,2.54));
#1419 = LINE('',#1420,#1421);
#1420 = CARTESIAN_POINT('',(1.27,-3.556,2.54));
#1421 = VECTOR('',#1422,1.);
#1422 = DIRECTION('',(0.,1.,0.));
#1423 = ORIENTED_EDGE('',*,*,#1424,.T.);
#1424 = EDGE_CURVE('',#1417,#1425,#1427,.T.);
#1425 = VERTEX_POINT('',#1426);
#1426 = CARTESIAN_POINT('',(1.016,-1.27,2.54));
#1427 = LINE('',#1428,#1429);
#1428 = CARTESIAN_POINT('',(1.27,-1.524,2.54));
#1429 = VECTOR('',#1430,1.);
#1430 = DIRECTION('',(-0.707106781187,0.707106781187,0.));
#1431 = ORIENTED_EDGE('',*,*,#1432,.T.);
#1432 = EDGE_CURVE('',#1425,#1433,#1435,.T.);
#1433 = VERTEX_POINT('',#1434);
#1434 = CARTESIAN_POINT('',(1.27,-1.016,2.54));
#1435 = LINE('',#1436,#1437);
#1436 = CARTESIAN_POINT('',(1.016,-1.27,2.54));
#1437 = VECTOR('',#1438,1.);
#1438 = DIRECTION('',(0.707106781187,0.707106781187,0.));
#1439 = ORIENTED_EDGE('',*,*,#1440,.T.);
#1440 = EDGE_CURVE('',#1433,#1441,#1443,.T.);
#1441 = VERTEX_POINT('',#1442);
#1442 = CARTESIAN_POINT('',(1.27,1.016,2.54));
#1443 = LINE('',#1444,#1445);
#1444 = CARTESIAN_POINT('',(1.27,-1.016,2.54));
#1445 = VECTOR('',#1446,1.);
#1446 = DIRECTION('',(0.,1.,0.));
#1447 = ORIENTED_EDGE('',*,*,#1448,.T.);
#1448 = EDGE_CURVE('',#1441,#102,#1449,.T.);
#1449 = LINE('',#1450,#1451);
#1450 = CARTESIAN_POINT('',(1.27,1.016,2.54));
#1451 = VECTOR('',#1452,1.);
#1452 = DIRECTION('',(-0.707106781187,0.707106781187,0.));
#1453 = ORIENTED_EDGE('',*,*,#109,.T.);
#1454 = FACE_BOUND('',#1455,.T.);
#1455 = EDGE_LOOP('',(#1456,#1466,#1474,#1482));
#1456 = ORIENTED_EDGE('',*,*,#1457,.F.);
#1457 = EDGE_CURVE('',#1458,#1460,#1462,.T.);
#1458 = VERTEX_POINT('',#1459);
#1459 = CARTESIAN_POINT('',(0.32,-13.02,2.54));
#1460 = VERTEX_POINT('',#1461);
#1461 = CARTESIAN_POINT('',(0.32,-12.38,2.54));
#1462 = LINE('',#1463,#1464);
#1463 = CARTESIAN_POINT('',(0.32,-12.225,2.54));
#1464 = VECTOR('',#1465,1.);
#1465 = DIRECTION('',(0.,1.,0.));
#1466 = ORIENTED_EDGE('',*,*,#1467,.T.);
#1467 = EDGE_CURVE('',#1458,#1468,#1470,.T.);
#1468 = VERTEX_POINT('',#1469);
#1469 = CARTESIAN_POINT('',(-0.32,-13.02,2.54));
#1470 = LINE('',#1471,#1472);
#1471 = CARTESIAN_POINT('',(-0.16,-13.02,2.54));
#1472 = VECTOR('',#1473,1.);
#1473 = DIRECTION('',(-1.,0.,0.));
#1474 = ORIENTED_EDGE('',*,*,#1475,.T.);
#1475 = EDGE_CURVE('',#1468,#1476,#1478,.T.);
#1476 = VERTEX_POINT('',#1477);
#1477 = CARTESIAN_POINT('',(-0.32,-12.38,2.54));
#1478 = LINE('',#1479,#1480);
#1479 = CARTESIAN_POINT('',(-0.32,-12.225,2.54));
#1480 = VECTOR('',#1481,1.);
#1481 = DIRECTION('',(0.,1.,0.));
#1482 = ORIENTED_EDGE('',*,*,#1483,.F.);
#1483 = EDGE_CURVE('',#1460,#1476,#1484,.T.);
#1484 = LINE('',#1485,#1486);
#1485 = CARTESIAN_POINT('',(-0.16,-12.38,2.54));
#1486 = VECTOR('',#1487,1.);
#1487 = DIRECTION('',(-1.,0.,0.));
#1488 = FACE_BOUND('',#1489,.T.);
#1489 = EDGE_LOOP('',(#1490,#1500,#1508,#1516));
#1490 = ORIENTED_EDGE('',*,*,#1491,.F.);
#1491 = EDGE_CURVE('',#1492,#1494,#1496,.T.);
#1492 = VERTEX_POINT('',#1493);
#1493 = CARTESIAN_POINT('',(0.32,-10.48,2.54));
#1494 = VERTEX_POINT('',#1495);
#1495 = CARTESIAN_POINT('',(0.32,-9.84,2.54));
#1496 = LINE('',#1497,#1498);
#1497 = CARTESIAN_POINT('',(0.32,-10.955,2.54));
#1498 = VECTOR('',#1499,1.);
#1499 = DIRECTION('',(0.,1.,0.));
#1500 = ORIENTED_EDGE('',*,*,#1501,.T.);
#1501 = EDGE_CURVE('',#1492,#1502,#1504,.T.);
#1502 = VERTEX_POINT('',#1503);
#1503 = CARTESIAN_POINT('',(-0.32,-10.48,2.54));
#1504 = LINE('',#1505,#1506);
#1505 = CARTESIAN_POINT('',(-0.16,-10.48,2.54));
#1506 = VECTOR('',#1507,1.);
#1507 = DIRECTION('',(-1.,0.,0.));
#1508 = ORIENTED_EDGE('',*,*,#1509,.T.);
#1509 = EDGE_CURVE('',#1502,#1510,#1512,.T.);
#1510 = VERTEX_POINT('',#1511);
#1511 = CARTESIAN_POINT('',(-0.32,-9.84,2.54));
#1512 = LINE('',#1513,#1514);
#1513 = CARTESIAN_POINT('',(-0.32,-10.955,2.54));
#1514 = VECTOR('',#1515,1.);
#1515 = DIRECTION('',(0.,1.,0.));
#1516 = ORIENTED_EDGE('',*,*,#1517,.F.);
#1517 = EDGE_CURVE('',#1494,#1510,#1518,.T.);
#1518 = LINE('',#1519,#1520);
#1519 = CARTESIAN_POINT('',(-0.16,-9.84,2.54));
#1520 = VECTOR('',#1521,1.);
#1521 = DIRECTION('',(-1.,0.,0.));
#1522 = FACE_BOUND('',#1523,.T.);
#1523 = EDGE_LOOP('',(#1524,#1534,#1542,#1550));
#1524 = ORIENTED_EDGE('',*,*,#1525,.F.);
#1525 = EDGE_CURVE('',#1526,#1528,#1530,.T.);
#1526 = VERTEX_POINT('',#1527);
#1527 = CARTESIAN_POINT('',(0.32,-7.94,2.54));
#1528 = VERTEX_POINT('',#1529);
#1529 = CARTESIAN_POINT('',(0.32,-7.3,2.54));
#1530 = LINE('',#1531,#1532);
#1531 = CARTESIAN_POINT('',(0.32,-9.685,2.54));
#1532 = VECTOR('',#1533,1.);
#1533 = DIRECTION('',(0.,1.,0.));
#1534 = ORIENTED_EDGE('',*,*,#1535,.T.);
#1535 = EDGE_CURVE('',#1526,#1536,#1538,.T.);
#1536 = VERTEX_POINT('',#1537);
#1537 = CARTESIAN_POINT('',(-0.32,-7.94,2.54));
#1538 = LINE('',#1539,#1540);
#1539 = CARTESIAN_POINT('',(-0.16,-7.94,2.54));
#1540 = VECTOR('',#1541,1.);
#1541 = DIRECTION('',(-1.,0.,0.));
#1542 = ORIENTED_EDGE('',*,*,#1543,.T.);
#1543 = EDGE_CURVE('',#1536,#1544,#1546,.T.);
#1544 = VERTEX_POINT('',#1545);
#1545 = CARTESIAN_POINT('',(-0.32,-7.3,2.54));
#1546 = LINE('',#1547,#1548);
#1547 = CARTESIAN_POINT('',(-0.32,-9.685,2.54));
#1548 = VECTOR('',#1549,1.);
#1549 = DIRECTION('',(0.,1.,0.));
#1550 = ORIENTED_EDGE('',*,*,#1551,.F.);
#1551 = EDGE_CURVE('',#1528,#1544,#1552,.T.);
#1552 = LINE('',#1553,#1554);
#1553 = CARTESIAN_POINT('',(-0.16,-7.3,2.54));
#1554 = VECTOR('',#1555,1.);
#1555 = DIRECTION('',(-1.,0.,0.));
#1556 = FACE_BOUND('',#1557,.T.);
#1557 = EDGE_LOOP('',(#1558,#1568,#1576,#1584));
#1558 = ORIENTED_EDGE('',*,*,#1559,.T.);
#1559 = EDGE_CURVE('',#1560,#1562,#1564,.T.);
#1560 = VERTEX_POINT('',#1561);
#1561 = CARTESIAN_POINT('',(0.32,-18.1,2.54));
#1562 = VERTEX_POINT('',#1563);
#1563 = CARTESIAN_POINT('',(-0.32,-18.1,2.54));
#1564 = LINE('',#1565,#1566);
#1565 = CARTESIAN_POINT('',(-0.16,-18.1,2.54));
#1566 = VECTOR('',#1567,1.);
#1567 = DIRECTION('',(-1.,0.,0.));
#1568 = ORIENTED_EDGE('',*,*,#1569,.T.);
#1569 = EDGE_CURVE('',#1562,#1570,#1572,.T.);
#1570 = VERTEX_POINT('',#1571);
#1571 = CARTESIAN_POINT('',(-0.32,-17.46,2.54));
#1572 = LINE('',#1573,#1574);
#1573 = CARTESIAN_POINT('',(-0.32,-14.765,2.54));
#1574 = VECTOR('',#1575,1.);
#1575 = DIRECTION('',(0.,1.,0.));
#1576 = ORIENTED_EDGE('',*,*,#1577,.F.);
#1577 = EDGE_CURVE('',#1578,#1570,#1580,.T.);
#1578 = VERTEX_POINT('',#1579);
#1579 = CARTESIAN_POINT('',(0.32,-17.46,2.54));
#1580 = LINE('',#1581,#1582);
#1581 = CARTESIAN_POINT('',(-0.16,-17.46,2.54));
#1582 = VECTOR('',#1583,1.);
#1583 = DIRECTION('',(-1.,0.,0.));
#1584 = ORIENTED_EDGE('',*,*,#1585,.F.);
#1585 = EDGE_CURVE('',#1560,#1578,#1586,.T.);
#1586 = LINE('',#1587,#1588);
#1587 = CARTESIAN_POINT('',(0.32,-14.765,2.54));
#1588 = VECTOR('',#1589,1.);
#1589 = DIRECTION('',(0.,1.,0.));
#1590 = FACE_BOUND('',#1591,.T.);
#1591 = EDGE_LOOP('',(#1592,#1602,#1610,#1618));
#1592 = ORIENTED_EDGE('',*,*,#1593,.F.);
#1593 = EDGE_CURVE('',#1594,#1596,#1598,.T.);
#1594 = VERTEX_POINT('',#1595);
#1595 = CARTESIAN_POINT('',(0.32,-15.56,2.54));
#1596 = VERTEX_POINT('',#1597);
#1597 = CARTESIAN_POINT('',(0.32,-14.92,2.54));
#1598 = LINE('',#1599,#1600);
#1599 = CARTESIAN_POINT('',(0.32,-13.495,2.54));
#1600 = VECTOR('',#1601,1.);
#1601 = DIRECTION('',(0.,1.,0.));
#1602 = ORIENTED_EDGE('',*,*,#1603,.T.);
#1603 = EDGE_CURVE('',#1594,#1604,#1606,.T.);
#1604 = VERTEX_POINT('',#1605);
#1605 = CARTESIAN_POINT('',(-0.32,-15.56,2.54));
#1606 = LINE('',#1607,#1608);
#1607 = CARTESIAN_POINT('',(-0.16,-15.56,2.54));
#1608 = VECTOR('',#1609,1.);
#1609 = DIRECTION('',(-1.,0.,0.));
#1610 = ORIENTED_EDGE('',*,*,#1611,.T.);
#1611 = EDGE_CURVE('',#1604,#1612,#1614,.T.);
#1612 = VERTEX_POINT('',#1613);
#1613 = CARTESIAN_POINT('',(-0.32,-14.92,2.54));
#1614 = LINE('',#1615,#1616);
#1615 = CARTESIAN_POINT('',(-0.32,-13.495,2.54));
#1616 = VECTOR('',#1617,1.);
#1617 = DIRECTION('',(0.,1.,0.));
#1618 = ORIENTED_EDGE('',*,*,#1619,.F.);
#1619 = EDGE_CURVE('',#1596,#1612,#1620,.T.);
#1620 = LINE('',#1621,#1622);
#1621 = CARTESIAN_POINT('',(-0.16,-14.92,2.54));
#1622 = VECTOR('',#1623,1.);
#1623 = DIRECTION('',(-1.,0.,0.));
#1624 = FACE_BOUND('',#1625,.T.);
#1625 = EDGE_LOOP('',(#1626,#1636,#1644,#1652));
#1626 = ORIENTED_EDGE('',*,*,#1627,.F.);
#1627 = EDGE_CURVE('',#1628,#1630,#1632,.T.);
#1628 = VERTEX_POINT('',#1629);
#1629 = CARTESIAN_POINT('',(0.32,-23.18,2.54));
#1630 = VERTEX_POINT('',#1631);
#1631 = CARTESIAN_POINT('',(0.32,-22.54,2.54));
#1632 = LINE('',#1633,#1634);
#1633 = CARTESIAN_POINT('',(0.32,-17.305,2.54));
#1634 = VECTOR('',#1635,1.);
#1635 = DIRECTION('',(0.,1.,0.));
#1636 = ORIENTED_EDGE('',*,*,#1637,.T.);
#1637 = EDGE_CURVE('',#1628,#1638,#1640,.T.);
#1638 = VERTEX_POINT('',#1639);
#1639 = CARTESIAN_POINT('',(-0.32,-23.18,2.54));
#1640 = LINE('',#1641,#1642);
#1641 = CARTESIAN_POINT('',(-0.16,-23.18,2.54));
#1642 = VECTOR('',#1643,1.);
#1643 = DIRECTION('',(-1.,0.,0.));
#1644 = ORIENTED_EDGE('',*,*,#1645,.T.);
#1645 = EDGE_CURVE('',#1638,#1646,#1648,.T.);
#1646 = VERTEX_POINT('',#1647);
#1647 = CARTESIAN_POINT('',(-0.32,-22.54,2.54));
#1648 = LINE('',#1649,#1650);
#1649 = CARTESIAN_POINT('',(-0.32,-17.305,2.54));
#1650 = VECTOR('',#1651,1.);
#1651 = DIRECTION('',(0.,1.,0.));
#1652 = ORIENTED_EDGE('',*,*,#1653,.F.);
#1653 = EDGE_CURVE('',#1630,#1646,#1654,.T.);
#1654 = LINE('',#1655,#1656);
#1655 = CARTESIAN_POINT('',(-0.16,-22.54,2.54));
#1656 = VECTOR('',#1657,1.);
#1657 = DIRECTION('',(-1.,0.,0.));
#1658 = FACE_BOUND('',#1659,.T.);
#1659 = EDGE_LOOP('',(#1660,#1670,#1678,#1686));
#1660 = ORIENTED_EDGE('',*,*,#1661,.T.);
#1661 = EDGE_CURVE('',#1662,#1664,#1666,.T.);
#1662 = VERTEX_POINT('',#1663);
#1663 = CARTESIAN_POINT('',(0.32,-20.64,2.54));
#1664 = VERTEX_POINT('',#1665);
#1665 = CARTESIAN_POINT('',(-0.32,-20.64,2.54));
#1666 = LINE('',#1667,#1668);
#1667 = CARTESIAN_POINT('',(-0.16,-20.64,2.54));
#1668 = VECTOR('',#1669,1.);
#1669 = DIRECTION('',(-1.,0.,0.));
#1670 = ORIENTED_EDGE('',*,*,#1671,.T.);
#1671 = EDGE_CURVE('',#1664,#1672,#1674,.T.);
#1672 = VERTEX_POINT('',#1673);
#1673 = CARTESIAN_POINT('',(-0.32,-20.,2.54));
#1674 = LINE('',#1675,#1676);
#1675 = CARTESIAN_POINT('',(-0.32,-16.035,2.54));
#1676 = VECTOR('',#1677,1.);
#1677 = DIRECTION('',(0.,1.,0.));
#1678 = ORIENTED_EDGE('',*,*,#1679,.F.);
#1679 = EDGE_CURVE('',#1680,#1672,#1682,.T.);
#1680 = VERTEX_POINT('',#1681);
#1681 = CARTESIAN_POINT('',(0.32,-20.,2.54));
#1682 = LINE('',#1683,#1684);
#1683 = CARTESIAN_POINT('',(-0.16,-20.,2.54));
#1684 = VECTOR('',#1685,1.);
#1685 = DIRECTION('',(-1.,0.,0.));
#1686 = ORIENTED_EDGE('',*,*,#1687,.F.);
#1687 = EDGE_CURVE('',#1662,#1680,#1688,.T.);
#1688 = LINE('',#1689,#1690);
#1689 = CARTESIAN_POINT('',(0.32,-16.035,2.54));
#1690 = VECTOR('',#1691,1.);
#1691 = DIRECTION('',(0.,1.,0.));
#1692 = FACE_BOUND('',#1693,.T.);
#1693 = EDGE_LOOP('',(#1694,#1704,#1712,#1720));
#1694 = ORIENTED_EDGE('',*,*,#1695,.T.);
#1695 = EDGE_CURVE('',#1696,#1698,#1700,.T.);
#1696 = VERTEX_POINT('',#1697);
#1697 = CARTESIAN_POINT('',(0.32,-0.32,2.54));
#1698 = VERTEX_POINT('',#1699);
#1699 = CARTESIAN_POINT('',(-0.32,-0.32,2.54));
#1700 = LINE('',#1701,#1702);
#1701 = CARTESIAN_POINT('',(-0.16,-0.32,2.54));
#1702 = VECTOR('',#1703,1.);
#1703 = DIRECTION('',(-1.,0.,0.));
#1704 = ORIENTED_EDGE('',*,*,#1705,.T.);
#1705 = EDGE_CURVE('',#1698,#1706,#1708,.T.);
#1706 = VERTEX_POINT('',#1707);
#1707 = CARTESIAN_POINT('',(-0.32,0.32,2.54));
#1708 = LINE('',#1709,#1710);
#1709 = CARTESIAN_POINT('',(-0.32,-5.875,2.54));
#1710 = VECTOR('',#1711,1.);
#1711 = DIRECTION('',(0.,1.,0.));
#1712 = ORIENTED_EDGE('',*,*,#1713,.F.);
#1713 = EDGE_CURVE('',#1714,#1706,#1716,.T.);
#1714 = VERTEX_POINT('',#1715);
#1715 = CARTESIAN_POINT('',(0.32,0.32,2.54));
#1716 = LINE('',#1717,#1718);
#1717 = CARTESIAN_POINT('',(-0.16,0.32,2.54));
#1718 = VECTOR('',#1719,1.);
#1719 = DIRECTION('',(-1.,0.,0.));
#1720 = ORIENTED_EDGE('',*,*,#1721,.F.);
#1721 = EDGE_CURVE('',#1696,#1714,#1722,.T.);
#1722 = LINE('',#1723,#1724);
#1723 = CARTESIAN_POINT('',(0.32,-5.875,2.54));
#1724 = VECTOR('',#1725,1.);
#1725 = DIRECTION('',(0.,1.,0.));
#1726 = FACE_BOUND('',#1727,.T.);
#1727 = EDGE_LOOP('',(#1728,#1738,#1746,#1754));
#1728 = ORIENTED_EDGE('',*,*,#1729,.F.);
#1729 = EDGE_CURVE('',#1730,#1732,#1734,.T.);
#1730 = VERTEX_POINT('',#1731);
#1731 = CARTESIAN_POINT('',(0.32,-2.86,2.54));
#1732 = VERTEX_POINT('',#1733);
#1733 = CARTESIAN_POINT('',(0.32,-2.22,2.54));
#1734 = LINE('',#1735,#1736);
#1735 = CARTESIAN_POINT('',(0.32,-7.145,2.54));
#1736 = VECTOR('',#1737,1.);
#1737 = DIRECTION('',(0.,1.,0.));
#1738 = ORIENTED_EDGE('',*,*,#1739,.T.);
#1739 = EDGE_CURVE('',#1730,#1740,#1742,.T.);
#1740 = VERTEX_POINT('',#1741);
#1741 = CARTESIAN_POINT('',(-0.32,-2.86,2.54));
#1742 = LINE('',#1743,#1744);
#1743 = CARTESIAN_POINT('',(-0.16,-2.86,2.54));
#1744 = VECTOR('',#1745,1.);
#1745 = DIRECTION('',(-1.,0.,0.));
#1746 = ORIENTED_EDGE('',*,*,#1747,.T.);
#1747 = EDGE_CURVE('',#1740,#1748,#1750,.T.);
#1748 = VERTEX_POINT('',#1749);
#1749 = CARTESIAN_POINT('',(-0.32,-2.22,2.54));
#1750 = LINE('',#1751,#1752);
#1751 = CARTESIAN_POINT('',(-0.32,-7.145,2.54));
#1752 = VECTOR('',#1753,1.);
#1753 = DIRECTION('',(0.,1.,0.));
#1754 = ORIENTED_EDGE('',*,*,#1755,.F.);
#1755 = EDGE_CURVE('',#1732,#1748,#1756,.T.);
#1756 = LINE('',#1757,#1758);
#1757 = CARTESIAN_POINT('',(-0.16,-2.22,2.54));
#1758 = VECTOR('',#1759,1.);
#1759 = DIRECTION('',(-1.,0.,0.));
#1760 = FACE_BOUND('',#1761,.T.);
#1761 = EDGE_LOOP('',(#1762,#1772,#1780,#1788));
#1762 = ORIENTED_EDGE('',*,*,#1763,.F.);
#1763 = EDGE_CURVE('',#1764,#1766,#1768,.T.);
#1764 = VERTEX_POINT('',#1765);
#1765 = CARTESIAN_POINT('',(0.32,-5.4,2.54));
#1766 = VERTEX_POINT('',#1767);
#1767 = CARTESIAN_POINT('',(0.32,-4.76,2.54));
#1768 = LINE('',#1769,#1770);
#1769 = CARTESIAN_POINT('',(0.32,-8.415,2.54));
#1770 = VECTOR('',#1771,1.);
#1771 = DIRECTION('',(0.,1.,0.));
#1772 = ORIENTED_EDGE('',*,*,#1773,.T.);
#1773 = EDGE_CURVE('',#1764,#1774,#1776,.T.);
#1774 = VERTEX_POINT('',#1775);
#1775 = CARTESIAN_POINT('',(-0.32,-5.4,2.54));
#1776 = LINE('',#1777,#1778);
#1777 = CARTESIAN_POINT('',(-0.16,-5.4,2.54));
#1778 = VECTOR('',#1779,1.);
#1779 = DIRECTION('',(-1.,0.,0.));
#1780 = ORIENTED_EDGE('',*,*,#1781,.T.);
#1781 = EDGE_CURVE('',#1774,#1782,#1784,.T.);
#1782 = VERTEX_POINT('',#1783);
#1783 = CARTESIAN_POINT('',(-0.32,-4.76,2.54));
#1784 = LINE('',#1785,#1786);
#1785 = CARTESIAN_POINT('',(-0.32,-8.415,2.54));
#1786 = VECTOR('',#1787,1.);
#1787 = DIRECTION('',(0.,1.,0.));
#1788 = ORIENTED_EDGE('',*,*,#1789,.F.);
#1789 = EDGE_CURVE('',#1766,#1782,#1790,.T.);
#1790 = LINE('',#1791,#1792);
#1791 = CARTESIAN_POINT('',(-0.16,-4.76,2.54));
#1792 = VECTOR('',#1793,1.);
#1793 = DIRECTION('',(-1.,0.,0.));
#1794 = PLANE('',#1795);
#1795 = AXIS2_PLACEMENT_3D('',#1796,#1797,#1798);
#1796 = CARTESIAN_POINT('',(-1.127656408637E-17,-11.43,2.54));
#1797 = DIRECTION('',(0.,0.,1.));
#1798 = DIRECTION('',(1.,0.,-0.));
#1799 = ADVANCED_FACE('',(#1800),#1811,.F.);
#1800 = FACE_BOUND('',#1801,.F.);
#1801 = EDGE_LOOP('',(#1802,#1808,#1809,#1810));
#1802 = ORIENTED_EDGE('',*,*,#1803,.T.);
#1803 = EDGE_CURVE('',#620,#1441,#1804,.T.);
#1804 = LINE('',#1805,#1806);
#1805 = CARTESIAN_POINT('',(1.27,1.016,0.));
#1806 = VECTOR('',#1807,1.);
#1807 = DIRECTION('',(0.,0.,1.));
#1808 = ORIENTED_EDGE('',*,*,#1448,.T.);
#1809 = ORIENTED_EDGE('',*,*,#99,.F.);
#1810 = ORIENTED_EDGE('',*,*,#627,.F.);
#1811 = PLANE('',#1812);
#1812 = AXIS2_PLACEMENT_3D('',#1813,#1814,#1815);
#1813 = CARTESIAN_POINT('',(1.27,1.016,0.));
#1814 = DIRECTION('',(-0.707106781187,-0.707106781187,0.));
#1815 = DIRECTION('',(-0.707106781187,0.707106781187,0.));
#1816 = ADVANCED_FACE('',(#1817),#1828,.F.);
#1817 = FACE_BOUND('',#1818,.F.);
#1818 = EDGE_LOOP('',(#1819,#1820,#1821,#1827));
#1819 = ORIENTED_EDGE('',*,*,#139,.T.);
#1820 = ORIENTED_EDGE('',*,*,#984,.T.);
#1821 = ORIENTED_EDGE('',*,*,#1822,.F.);
#1822 = EDGE_CURVE('',#164,#985,#1823,.T.);
#1823 = LINE('',#1824,#1825);
#1824 = CARTESIAN_POINT('',(-1.016,-1.27,0.));
#1825 = VECTOR('',#1826,1.);
#1826 = DIRECTION('',(0.,0.,1.));
#1827 = ORIENTED_EDGE('',*,*,#163,.F.);
#1828 = PLANE('',#1829);
#1829 = AXIS2_PLACEMENT_3D('',#1830,#1831,#1832);
#1830 = CARTESIAN_POINT('',(-1.27,-1.016,0.));
#1831 = DIRECTION('',(0.707106781187,0.707106781187,0.));
#1832 = DIRECTION('',(0.707106781187,-0.707106781187,0.));
#1833 = ADVANCED_FACE('',(#1834),#1845,.F.);
#1834 = FACE_BOUND('',#1835,.F.);
#1835 = EDGE_LOOP('',(#1836,#1842,#1843,#1844));
#1836 = ORIENTED_EDGE('',*,*,#1837,.T.);
#1837 = EDGE_CURVE('',#612,#1433,#1838,.T.);
#1838 = LINE('',#1839,#1840);
#1839 = CARTESIAN_POINT('',(1.27,-1.016,0.));
#1840 = VECTOR('',#1841,1.);
#1841 = DIRECTION('',(0.,0.,1.));
#1842 = ORIENTED_EDGE('',*,*,#1440,.T.);
#1843 = ORIENTED_EDGE('',*,*,#1803,.F.);
#1844 = ORIENTED_EDGE('',*,*,#619,.F.);
#1845 = PLANE('',#1846);
#1846 = AXIS2_PLACEMENT_3D('',#1847,#1848,#1849);
#1847 = CARTESIAN_POINT('',(1.27,-1.016,0.));
#1848 = DIRECTION('',(-1.,0.,0.));
#1849 = DIRECTION('',(0.,1.,0.));
#1850 = ADVANCED_FACE('',(#1851),#1862,.F.);
#1851 = FACE_BOUND('',#1852,.F.);
#1852 = EDGE_LOOP('',(#1853,#1854,#1855,#1861));
#1853 = ORIENTED_EDGE('',*,*,#1822,.T.);
#1854 = ORIENTED_EDGE('',*,*,#992,.T.);
#1855 = ORIENTED_EDGE('',*,*,#1856,.F.);
#1856 = EDGE_CURVE('',#172,#993,#1857,.T.);
#1857 = LINE('',#1858,#1859);
#1858 = CARTESIAN_POINT('',(-1.27,-1.524,0.));
#1859 = VECTOR('',#1860,1.);
#1860 = DIRECTION('',(0.,0.,1.));
#1861 = ORIENTED_EDGE('',*,*,#171,.F.);
#1862 = PLANE('',#1863);
#1863 = AXIS2_PLACEMENT_3D('',#1864,#1865,#1866);
#1864 = CARTESIAN_POINT('',(-1.016,-1.27,0.));
#1865 = DIRECTION('',(0.707106781187,-0.707106781187,0.));
#1866 = DIRECTION('',(-0.707106781187,-0.707106781187,0.));
#1867 = ADVANCED_FACE('',(#1868),#1879,.F.);
#1868 = FACE_BOUND('',#1869,.F.);
#1869 = EDGE_LOOP('',(#1870,#1876,#1877,#1878));
#1870 = ORIENTED_EDGE('',*,*,#1871,.T.);
#1871 = EDGE_CURVE('',#604,#1425,#1872,.T.);
#1872 = LINE('',#1873,#1874);
#1873 = CARTESIAN_POINT('',(1.016,-1.27,0.));
#1874 = VECTOR('',#1875,1.);
#1875 = DIRECTION('',(0.,0.,1.));
#1876 = ORIENTED_EDGE('',*,*,#1432,.T.);
#1877 = ORIENTED_EDGE('',*,*,#1837,.F.);
#1878 = ORIENTED_EDGE('',*,*,#611,.F.);
#1879 = PLANE('',#1880);
#1880 = AXIS2_PLACEMENT_3D('',#1881,#1882,#1883);
#1881 = CARTESIAN_POINT('',(1.016,-1.27,0.));
#1882 = DIRECTION('',(-0.707106781187,0.707106781187,0.));
#1883 = DIRECTION('',(0.707106781187,0.707106781187,0.));
#1884 = ADVANCED_FACE('',(#1885),#1896,.F.);
#1885 = FACE_BOUND('',#1886,.F.);
#1886 = EDGE_LOOP('',(#1887,#1888,#1889,#1895));
#1887 = ORIENTED_EDGE('',*,*,#1856,.T.);
#1888 = ORIENTED_EDGE('',*,*,#1000,.T.);
#1889 = ORIENTED_EDGE('',*,*,#1890,.F.);
#1890 = EDGE_CURVE('',#180,#1001,#1891,.T.);
#1891 = LINE('',#1892,#1893);
#1892 = CARTESIAN_POINT('',(-1.27,-3.556,0.));
#1893 = VECTOR('',#1894,1.);
#1894 = DIRECTION('',(0.,0.,1.));
#1895 = ORIENTED_EDGE('',*,*,#179,.F.);
#1896 = PLANE('',#1897);
#1897 = AXIS2_PLACEMENT_3D('',#1898,#1899,#1900);
#1898 = CARTESIAN_POINT('',(-1.27,-1.524,0.));
#1899 = DIRECTION('',(1.,0.,0.));
#1900 = DIRECTION('',(0.,-1.,0.));
#1901 = ADVANCED_FACE('',(#1902),#1913,.F.);
#1902 = FACE_BOUND('',#1903,.F.);
#1903 = EDGE_LOOP('',(#1904,#1910,#1911,#1912));
#1904 = ORIENTED_EDGE('',*,*,#1905,.T.);
#1905 = EDGE_CURVE('',#596,#1417,#1906,.T.);
#1906 = LINE('',#1907,#1908);
#1907 = CARTESIAN_POINT('',(1.27,-1.524,0.));
#1908 = VECTOR('',#1909,1.);
#1909 = DIRECTION('',(0.,0.,1.));
#1910 = ORIENTED_EDGE('',*,*,#1424,.T.);
#1911 = ORIENTED_EDGE('',*,*,#1871,.F.);
#1912 = ORIENTED_EDGE('',*,*,#603,.F.);
#1913 = PLANE('',#1914);
#1914 = AXIS2_PLACEMENT_3D('',#1915,#1916,#1917);
#1915 = CARTESIAN_POINT('',(1.27,-1.524,0.));
#1916 = DIRECTION('',(-0.707106781187,-0.707106781187,0.));
#1917 = DIRECTION('',(-0.707106781187,0.707106781187,0.));
#1918 = ADVANCED_FACE('',(#1919),#1930,.F.);
#1919 = FACE_BOUND('',#1920,.F.);
#1920 = EDGE_LOOP('',(#1921,#1922,#1923,#1929));
#1921 = ORIENTED_EDGE('',*,*,#1890,.T.);
#1922 = ORIENTED_EDGE('',*,*,#1008,.T.);
#1923 = ORIENTED_EDGE('',*,*,#1924,.F.);
#1924 = EDGE_CURVE('',#188,#1009,#1925,.T.);
#1925 = LINE('',#1926,#1927);
#1926 = CARTESIAN_POINT('',(-1.016,-3.81,0.));
#1927 = VECTOR('',#1928,1.);
#1928 = DIRECTION('',(0.,0.,1.));
#1929 = ORIENTED_EDGE('',*,*,#187,.F.);
#1930 = PLANE('',#1931);
#1931 = AXIS2_PLACEMENT_3D('',#1932,#1933,#1934);
#1932 = CARTESIAN_POINT('',(-1.27,-3.556,0.));
#1933 = DIRECTION('',(0.707106781187,0.707106781187,0.));
#1934 = DIRECTION('',(0.707106781187,-0.707106781187,0.));
#1935 = ADVANCED_FACE('',(#1936),#1947,.F.);
#1936 = FACE_BOUND('',#1937,.F.);
#1937 = EDGE_LOOP('',(#1938,#1944,#1945,#1946));
#1938 = ORIENTED_EDGE('',*,*,#1939,.T.);
#1939 = EDGE_CURVE('',#588,#1409,#1940,.T.);
#1940 = LINE('',#1941,#1942);
#1941 = CARTESIAN_POINT('',(1.27,-3.556,0.));
#1942 = VECTOR('',#1943,1.);
#1943 = DIRECTION('',(0.,0.,1.));
#1944 = ORIENTED_EDGE('',*,*,#1416,.T.);
#1945 = ORIENTED_EDGE('',*,*,#1905,.F.);
#1946 = ORIENTED_EDGE('',*,*,#595,.F.);
#1947 = PLANE('',#1948);
#1948 = AXIS2_PLACEMENT_3D('',#1949,#1950,#1951);
#1949 = CARTESIAN_POINT('',(1.27,-3.556,0.));
#1950 = DIRECTION('',(-1.,0.,0.));
#1951 = DIRECTION('',(0.,1.,0.));
#1952 = ADVANCED_FACE('',(#1953),#1964,.F.);
#1953 = FACE_BOUND('',#1954,.F.);
#1954 = EDGE_LOOP('',(#1955,#1956,#1957,#1963));
#1955 = ORIENTED_EDGE('',*,*,#1924,.T.);
#1956 = ORIENTED_EDGE('',*,*,#1016,.T.);
#1957 = ORIENTED_EDGE('',*,*,#1958,.F.);
#1958 = EDGE_CURVE('',#196,#1017,#1959,.T.);
#1959 = LINE('',#1960,#1961);
#1960 = CARTESIAN_POINT('',(-1.27,-4.064,0.));
#1961 = VECTOR('',#1962,1.);
#1962 = DIRECTION('',(0.,0.,1.));
#1963 = ORIENTED_EDGE('',*,*,#195,.F.);
#1964 = PLANE('',#1965);
#1965 = AXIS2_PLACEMENT_3D('',#1966,#1967,#1968);
#1966 = CARTESIAN_POINT('',(-1.016,-3.81,0.));
#1967 = DIRECTION('',(0.707106781187,-0.707106781187,0.));
#1968 = DIRECTION('',(-0.707106781187,-0.707106781187,0.));
#1969 = ADVANCED_FACE('',(#1970),#1981,.F.);
#1970 = FACE_BOUND('',#1971,.F.);
#1971 = EDGE_LOOP('',(#1972,#1978,#1979,#1980));
#1972 = ORIENTED_EDGE('',*,*,#1973,.T.);
#1973 = EDGE_CURVE('',#580,#1401,#1974,.T.);
#1974 = LINE('',#1975,#1976);
#1975 = CARTESIAN_POINT('',(1.016,-3.81,0.));
#1976 = VECTOR('',#1977,1.);
#1977 = DIRECTION('',(0.,0.,1.));
#1978 = ORIENTED_EDGE('',*,*,#1408,.T.);
#1979 = ORIENTED_EDGE('',*,*,#1939,.F.);
#1980 = ORIENTED_EDGE('',*,*,#587,.F.);
#1981 = PLANE('',#1982);
#1982 = AXIS2_PLACEMENT_3D('',#1983,#1984,#1985);
#1983 = CARTESIAN_POINT('',(1.016,-3.81,0.));
#1984 = DIRECTION('',(-0.707106781187,0.707106781187,0.));
#1985 = DIRECTION('',(0.707106781187,0.707106781187,0.));
#1986 = ADVANCED_FACE('',(#1987),#1998,.F.);
#1987 = FACE_BOUND('',#1988,.F.);
#1988 = EDGE_LOOP('',(#1989,#1990,#1991,#1997));
#1989 = ORIENTED_EDGE('',*,*,#1958,.T.);
#1990 = ORIENTED_EDGE('',*,*,#1024,.T.);
#1991 = ORIENTED_EDGE('',*,*,#1992,.F.);
#1992 = EDGE_CURVE('',#204,#1025,#1993,.T.);
#1993 = LINE('',#1994,#1995);
#1994 = CARTESIAN_POINT('',(-1.27,-6.096,0.));
#1995 = VECTOR('',#1996,1.);
#1996 = DIRECTION('',(0.,0.,1.));
#1997 = ORIENTED_EDGE('',*,*,#203,.F.);
#1998 = PLANE('',#1999);
#1999 = AXIS2_PLACEMENT_3D('',#2000,#2001,#2002);
#2000 = CARTESIAN_POINT('',(-1.27,-4.064,0.));
#2001 = DIRECTION('',(1.,0.,0.));
#2002 = DIRECTION('',(0.,-1.,0.));
#2003 = ADVANCED_FACE('',(#2004),#2015,.F.);
#2004 = FACE_BOUND('',#2005,.F.);
#2005 = EDGE_LOOP('',(#2006,#2012,#2013,#2014));
#2006 = ORIENTED_EDGE('',*,*,#2007,.T.);
#2007 = EDGE_CURVE('',#572,#1393,#2008,.T.);
#2008 = LINE('',#2009,#2010);
#2009 = CARTESIAN_POINT('',(1.27,-4.064,0.));
#2010 = VECTOR('',#2011,1.);
#2011 = DIRECTION('',(0.,0.,1.));
#2012 = ORIENTED_EDGE('',*,*,#1400,.T.);
#2013 = ORIENTED_EDGE('',*,*,#1973,.F.);
#2014 = ORIENTED_EDGE('',*,*,#579,.F.);
#2015 = PLANE('',#2016);
#2016 = AXIS2_PLACEMENT_3D('',#2017,#2018,#2019);
#2017 = CARTESIAN_POINT('',(1.27,-4.064,0.));
#2018 = DIRECTION('',(-0.707106781187,-0.707106781187,0.));
#2019 = DIRECTION('',(-0.707106781187,0.707106781187,0.));
#2020 = ADVANCED_FACE('',(#2021),#2032,.F.);
#2021 = FACE_BOUND('',#2022,.F.);
#2022 = EDGE_LOOP('',(#2023,#2024,#2025,#2031));
#2023 = ORIENTED_EDGE('',*,*,#1992,.T.);
#2024 = ORIENTED_EDGE('',*,*,#1032,.T.);
#2025 = ORIENTED_EDGE('',*,*,#2026,.F.);
#2026 = EDGE_CURVE('',#212,#1033,#2027,.T.);
#2027 = LINE('',#2028,#2029);
#2028 = CARTESIAN_POINT('',(-1.016,-6.35,0.));
#2029 = VECTOR('',#2030,1.);
#2030 = DIRECTION('',(0.,0.,1.));
#2031 = ORIENTED_EDGE('',*,*,#211,.F.);
#2032 = PLANE('',#2033);
#2033 = AXIS2_PLACEMENT_3D('',#2034,#2035,#2036);
#2034 = CARTESIAN_POINT('',(-1.27,-6.096,0.));
#2035 = DIRECTION('',(0.707106781187,0.707106781187,0.));
#2036 = DIRECTION('',(0.707106781187,-0.707106781187,0.));
#2037 = ADVANCED_FACE('',(#2038),#2049,.F.);
#2038 = FACE_BOUND('',#2039,.F.);
#2039 = EDGE_LOOP('',(#2040,#2046,#2047,#2048));
#2040 = ORIENTED_EDGE('',*,*,#2041,.T.);
#2041 = EDGE_CURVE('',#564,#1385,#2042,.T.);
#2042 = LINE('',#2043,#2044);
#2043 = CARTESIAN_POINT('',(1.27,-6.096,0.));
#2044 = VECTOR('',#2045,1.);
#2045 = DIRECTION('',(0.,0.,1.));
#2046 = ORIENTED_EDGE('',*,*,#1392,.T.);
#2047 = ORIENTED_EDGE('',*,*,#2007,.F.);
#2048 = ORIENTED_EDGE('',*,*,#571,.F.);
#2049 = PLANE('',#2050);
#2050 = AXIS2_PLACEMENT_3D('',#2051,#2052,#2053);
#2051 = CARTESIAN_POINT('',(1.27,-6.096,0.));
#2052 = DIRECTION('',(-1.,0.,0.));
#2053 = DIRECTION('',(0.,1.,0.));
#2054 = ADVANCED_FACE('',(#2055),#2066,.F.);
#2055 = FACE_BOUND('',#2056,.F.);
#2056 = EDGE_LOOP('',(#2057,#2058,#2059,#2065));
#2057 = ORIENTED_EDGE('',*,*,#2026,.T.);
#2058 = ORIENTED_EDGE('',*,*,#1040,.T.);
#2059 = ORIENTED_EDGE('',*,*,#2060,.F.);
#2060 = EDGE_CURVE('',#220,#1041,#2061,.T.);
#2061 = LINE('',#2062,#2063);
#2062 = CARTESIAN_POINT('',(-1.27,-6.604,0.));
#2063 = VECTOR('',#2064,1.);
#2064 = DIRECTION('',(0.,0.,1.));
#2065 = ORIENTED_EDGE('',*,*,#219,.F.);
#2066 = PLANE('',#2067);
#2067 = AXIS2_PLACEMENT_3D('',#2068,#2069,#2070);
#2068 = CARTESIAN_POINT('',(-1.016,-6.35,0.));
#2069 = DIRECTION('',(0.707106781187,-0.707106781187,0.));
#2070 = DIRECTION('',(-0.707106781187,-0.707106781187,0.));
#2071 = ADVANCED_FACE('',(#2072),#2083,.F.);
#2072 = FACE_BOUND('',#2073,.F.);
#2073 = EDGE_LOOP('',(#2074,#2080,#2081,#2082));
#2074 = ORIENTED_EDGE('',*,*,#2075,.T.);
#2075 = EDGE_CURVE('',#556,#1377,#2076,.T.);
#2076 = LINE('',#2077,#2078);
#2077 = CARTESIAN_POINT('',(1.016,-6.35,0.));
#2078 = VECTOR('',#2079,1.);
#2079 = DIRECTION('',(0.,0.,1.));
#2080 = ORIENTED_EDGE('',*,*,#1384,.T.);
#2081 = ORIENTED_EDGE('',*,*,#2041,.F.);
#2082 = ORIENTED_EDGE('',*,*,#563,.F.);
#2083 = PLANE('',#2084);
#2084 = AXIS2_PLACEMENT_3D('',#2085,#2086,#2087);
#2085 = CARTESIAN_POINT('',(1.016,-6.35,0.));
#2086 = DIRECTION('',(-0.707106781187,0.707106781187,0.));
#2087 = DIRECTION('',(0.707106781187,0.707106781187,0.));
#2088 = ADVANCED_FACE('',(#2089),#2100,.F.);
#2089 = FACE_BOUND('',#2090,.F.);
#2090 = EDGE_LOOP('',(#2091,#2092,#2093,#2099));
#2091 = ORIENTED_EDGE('',*,*,#2060,.T.);
#2092 = ORIENTED_EDGE('',*,*,#1048,.T.);
#2093 = ORIENTED_EDGE('',*,*,#2094,.F.);
#2094 = EDGE_CURVE('',#228,#1049,#2095,.T.);
#2095 = LINE('',#2096,#2097);
#2096 = CARTESIAN_POINT('',(-1.27,-8.636,0.));
#2097 = VECTOR('',#2098,1.);
#2098 = DIRECTION('',(0.,0.,1.));
#2099 = ORIENTED_EDGE('',*,*,#227,.F.);
#2100 = PLANE('',#2101);
#2101 = AXIS2_PLACEMENT_3D('',#2102,#2103,#2104);
#2102 = CARTESIAN_POINT('',(-1.27,-6.604,0.));
#2103 = DIRECTION('',(1.,0.,0.));
#2104 = DIRECTION('',(0.,-1.,0.));
#2105 = ADVANCED_FACE('',(#2106),#2117,.F.);
#2106 = FACE_BOUND('',#2107,.F.);
#2107 = EDGE_LOOP('',(#2108,#2114,#2115,#2116));
#2108 = ORIENTED_EDGE('',*,*,#2109,.T.);
#2109 = EDGE_CURVE('',#548,#1369,#2110,.T.);
#2110 = LINE('',#2111,#2112);
#2111 = CARTESIAN_POINT('',(1.27,-6.604,0.));
#2112 = VECTOR('',#2113,1.);
#2113 = DIRECTION('',(0.,0.,1.));
#2114 = ORIENTED_EDGE('',*,*,#1376,.T.);
#2115 = ORIENTED_EDGE('',*,*,#2075,.F.);
#2116 = ORIENTED_EDGE('',*,*,#555,.F.);
#2117 = PLANE('',#2118);
#2118 = AXIS2_PLACEMENT_3D('',#2119,#2120,#2121);
#2119 = CARTESIAN_POINT('',(1.27,-6.604,0.));
#2120 = DIRECTION('',(-0.707106781187,-0.707106781187,0.));
#2121 = DIRECTION('',(-0.707106781187,0.707106781187,0.));
#2122 = ADVANCED_FACE('',(#2123),#2134,.F.);
#2123 = FACE_BOUND('',#2124,.F.);
#2124 = EDGE_LOOP('',(#2125,#2126,#2127,#2133));
#2125 = ORIENTED_EDGE('',*,*,#2094,.T.);
#2126 = ORIENTED_EDGE('',*,*,#1056,.T.);
#2127 = ORIENTED_EDGE('',*,*,#2128,.F.);
#2128 = EDGE_CURVE('',#236,#1057,#2129,.T.);
#2129 = LINE('',#2130,#2131);
#2130 = CARTESIAN_POINT('',(-1.016,-8.89,0.));
#2131 = VECTOR('',#2132,1.);
#2132 = DIRECTION('',(0.,0.,1.));
#2133 = ORIENTED_EDGE('',*,*,#235,.F.);
#2134 = PLANE('',#2135);
#2135 = AXIS2_PLACEMENT_3D('',#2136,#2137,#2138);
#2136 = CARTESIAN_POINT('',(-1.27,-8.636,0.));
#2137 = DIRECTION('',(0.707106781187,0.707106781187,0.));
#2138 = DIRECTION('',(0.707106781187,-0.707106781187,0.));
#2139 = ADVANCED_FACE('',(#2140),#2151,.F.);
#2140 = FACE_BOUND('',#2141,.F.);
#2141 = EDGE_LOOP('',(#2142,#2148,#2149,#2150));
#2142 = ORIENTED_EDGE('',*,*,#2143,.T.);
#2143 = EDGE_CURVE('',#540,#1361,#2144,.T.);
#2144 = LINE('',#2145,#2146);
#2145 = CARTESIAN_POINT('',(1.27,-8.636,0.));
#2146 = VECTOR('',#2147,1.);
#2147 = DIRECTION('',(0.,0.,1.));
#2148 = ORIENTED_EDGE('',*,*,#1368,.T.);
#2149 = ORIENTED_EDGE('',*,*,#2109,.F.);
#2150 = ORIENTED_EDGE('',*,*,#547,.F.);
#2151 = PLANE('',#2152);
#2152 = AXIS2_PLACEMENT_3D('',#2153,#2154,#2155);
#2153 = CARTESIAN_POINT('',(1.27,-8.636,0.));
#2154 = DIRECTION('',(-1.,0.,0.));
#2155 = DIRECTION('',(0.,1.,0.));
#2156 = ADVANCED_FACE('',(#2157),#2168,.F.);
#2157 = FACE_BOUND('',#2158,.F.);
#2158 = EDGE_LOOP('',(#2159,#2160,#2161,#2167));
#2159 = ORIENTED_EDGE('',*,*,#2128,.T.);
#2160 = ORIENTED_EDGE('',*,*,#1064,.T.);
#2161 = ORIENTED_EDGE('',*,*,#2162,.F.);
#2162 = EDGE_CURVE('',#244,#1065,#2163,.T.);
#2163 = LINE('',#2164,#2165);
#2164 = CARTESIAN_POINT('',(-1.27,-9.144,0.));
#2165 = VECTOR('',#2166,1.);
#2166 = DIRECTION('',(0.,0.,1.));
#2167 = ORIENTED_EDGE('',*,*,#243,.F.);
#2168 = PLANE('',#2169);
#2169 = AXIS2_PLACEMENT_3D('',#2170,#2171,#2172);
#2170 = CARTESIAN_POINT('',(-1.016,-8.89,0.));
#2171 = DIRECTION('',(0.707106781187,-0.707106781187,0.));
#2172 = DIRECTION('',(-0.707106781187,-0.707106781187,0.));
#2173 = ADVANCED_FACE('',(#2174),#2185,.F.);
#2174 = FACE_BOUND('',#2175,.F.);
#2175 = EDGE_LOOP('',(#2176,#2182,#2183,#2184));
#2176 = ORIENTED_EDGE('',*,*,#2177,.T.);
#2177 = EDGE_CURVE('',#532,#1353,#2178,.T.);
#2178 = LINE('',#2179,#2180);
#2179 = CARTESIAN_POINT('',(1.016,-8.89,0.));
#2180 = VECTOR('',#2181,1.);
#2181 = DIRECTION('',(0.,0.,1.));
#2182 = ORIENTED_EDGE('',*,*,#1360,.T.);
#2183 = ORIENTED_EDGE('',*,*,#2143,.F.);
#2184 = ORIENTED_EDGE('',*,*,#539,.F.);
#2185 = PLANE('',#2186);
#2186 = AXIS2_PLACEMENT_3D('',#2187,#2188,#2189);
#2187 = CARTESIAN_POINT('',(1.016,-8.89,0.));
#2188 = DIRECTION('',(-0.707106781187,0.707106781187,0.));
#2189 = DIRECTION('',(0.707106781187,0.707106781187,0.));
#2190 = ADVANCED_FACE('',(#2191),#2202,.F.);
#2191 = FACE_BOUND('',#2192,.F.);
#2192 = EDGE_LOOP('',(#2193,#2194,#2195,#2201));
#2193 = ORIENTED_EDGE('',*,*,#2162,.T.);
#2194 = ORIENTED_EDGE('',*,*,#1072,.T.);
#2195 = ORIENTED_EDGE('',*,*,#2196,.F.);
#2196 = EDGE_CURVE('',#252,#1073,#2197,.T.);
#2197 = LINE('',#2198,#2199);
#2198 = CARTESIAN_POINT('',(-1.27,-11.176,0.));
#2199 = VECTOR('',#2200,1.);
#2200 = DIRECTION('',(0.,0.,1.));
#2201 = ORIENTED_EDGE('',*,*,#251,.F.);
#2202 = PLANE('',#2203);
#2203 = AXIS2_PLACEMENT_3D('',#2204,#2205,#2206);
#2204 = CARTESIAN_POINT('',(-1.27,-9.144,0.));
#2205 = DIRECTION('',(1.,0.,0.));
#2206 = DIRECTION('',(0.,-1.,0.));
#2207 = ADVANCED_FACE('',(#2208),#2219,.F.);
#2208 = FACE_BOUND('',#2209,.F.);
#2209 = EDGE_LOOP('',(#2210,#2216,#2217,#2218));
#2210 = ORIENTED_EDGE('',*,*,#2211,.T.);
#2211 = EDGE_CURVE('',#524,#1345,#2212,.T.);
#2212 = LINE('',#2213,#2214);
#2213 = CARTESIAN_POINT('',(1.27,-9.144,0.));
#2214 = VECTOR('',#2215,1.);
#2215 = DIRECTION('',(0.,0.,1.));
#2216 = ORIENTED_EDGE('',*,*,#1352,.T.);
#2217 = ORIENTED_EDGE('',*,*,#2177,.F.);
#2218 = ORIENTED_EDGE('',*,*,#531,.F.);
#2219 = PLANE('',#2220);
#2220 = AXIS2_PLACEMENT_3D('',#2221,#2222,#2223);
#2221 = CARTESIAN_POINT('',(1.27,-9.144,0.));
#2222 = DIRECTION('',(-0.707106781187,-0.707106781187,0.));
#2223 = DIRECTION('',(-0.707106781187,0.707106781187,0.));
#2224 = ADVANCED_FACE('',(#2225),#2236,.F.);
#2225 = FACE_BOUND('',#2226,.F.);
#2226 = EDGE_LOOP('',(#2227,#2228,#2229,#2235));
#2227 = ORIENTED_EDGE('',*,*,#2196,.T.);
#2228 = ORIENTED_EDGE('',*,*,#1080,.T.);
#2229 = ORIENTED_EDGE('',*,*,#2230,.F.);
#2230 = EDGE_CURVE('',#260,#1081,#2231,.T.);
#2231 = LINE('',#2232,#2233);
#2232 = CARTESIAN_POINT('',(-1.016,-11.43,0.));
#2233 = VECTOR('',#2234,1.);
#2234 = DIRECTION('',(0.,0.,1.));
#2235 = ORIENTED_EDGE('',*,*,#259,.F.);
#2236 = PLANE('',#2237);
#2237 = AXIS2_PLACEMENT_3D('',#2238,#2239,#2240);
#2238 = CARTESIAN_POINT('',(-1.27,-11.176,0.));
#2239 = DIRECTION('',(0.707106781187,0.707106781187,0.));
#2240 = DIRECTION('',(0.707106781187,-0.707106781187,0.));
#2241 = ADVANCED_FACE('',(#2242),#2253,.F.);
#2242 = FACE_BOUND('',#2243,.F.);
#2243 = EDGE_LOOP('',(#2244,#2250,#2251,#2252));
#2244 = ORIENTED_EDGE('',*,*,#2245,.T.);
#2245 = EDGE_CURVE('',#516,#1337,#2246,.T.);
#2246 = LINE('',#2247,#2248);
#2247 = CARTESIAN_POINT('',(1.27,-11.176,0.));
#2248 = VECTOR('',#2249,1.);
#2249 = DIRECTION('',(0.,0.,1.));
#2250 = ORIENTED_EDGE('',*,*,#1344,.T.);
#2251 = ORIENTED_EDGE('',*,*,#2211,.F.);
#2252 = ORIENTED_EDGE('',*,*,#523,.F.);
#2253 = PLANE('',#2254);
#2254 = AXIS2_PLACEMENT_3D('',#2255,#2256,#2257);
#2255 = CARTESIAN_POINT('',(1.27,-11.176,0.));
#2256 = DIRECTION('',(-1.,0.,0.));
#2257 = DIRECTION('',(0.,1.,0.));
#2258 = ADVANCED_FACE('',(#2259),#2270,.F.);
#2259 = FACE_BOUND('',#2260,.F.);
#2260 = EDGE_LOOP('',(#2261,#2262,#2263,#2269));
#2261 = ORIENTED_EDGE('',*,*,#2230,.T.);
#2262 = ORIENTED_EDGE('',*,*,#1088,.T.);
#2263 = ORIENTED_EDGE('',*,*,#2264,.F.);
#2264 = EDGE_CURVE('',#268,#1089,#2265,.T.);
#2265 = LINE('',#2266,#2267);
#2266 = CARTESIAN_POINT('',(-1.27,-11.684,0.));
#2267 = VECTOR('',#2268,1.);
#2268 = DIRECTION('',(0.,0.,1.));
#2269 = ORIENTED_EDGE('',*,*,#267,.F.);
#2270 = PLANE('',#2271);
#2271 = AXIS2_PLACEMENT_3D('',#2272,#2273,#2274);
#2272 = CARTESIAN_POINT('',(-1.016,-11.43,0.));
#2273 = DIRECTION('',(0.707106781187,-0.707106781187,0.));
#2274 = DIRECTION('',(-0.707106781187,-0.707106781187,0.));
#2275 = ADVANCED_FACE('',(#2276),#2287,.F.);
#2276 = FACE_BOUND('',#2277,.F.);
#2277 = EDGE_LOOP('',(#2278,#2284,#2285,#2286));
#2278 = ORIENTED_EDGE('',*,*,#2279,.T.);
#2279 = EDGE_CURVE('',#508,#1329,#2280,.T.);
#2280 = LINE('',#2281,#2282);
#2281 = CARTESIAN_POINT('',(1.016,-11.43,0.));
#2282 = VECTOR('',#2283,1.);
#2283 = DIRECTION('',(0.,0.,1.));
#2284 = ORIENTED_EDGE('',*,*,#1336,.T.);
#2285 = ORIENTED_EDGE('',*,*,#2245,.F.);
#2286 = ORIENTED_EDGE('',*,*,#515,.F.);
#2287 = PLANE('',#2288);
#2288 = AXIS2_PLACEMENT_3D('',#2289,#2290,#2291);
#2289 = CARTESIAN_POINT('',(1.016,-11.43,0.));
#2290 = DIRECTION('',(-0.707106781187,0.707106781187,0.));
#2291 = DIRECTION('',(0.707106781187,0.707106781187,0.));
#2292 = ADVANCED_FACE('',(#2293),#2304,.F.);
#2293 = FACE_BOUND('',#2294,.F.);
#2294 = EDGE_LOOP('',(#2295,#2296,#2297,#2303));
#2295 = ORIENTED_EDGE('',*,*,#2264,.T.);
#2296 = ORIENTED_EDGE('',*,*,#1096,.T.);
#2297 = ORIENTED_EDGE('',*,*,#2298,.F.);
#2298 = EDGE_CURVE('',#276,#1097,#2299,.T.);
#2299 = LINE('',#2300,#2301);
#2300 = CARTESIAN_POINT('',(-1.27,-13.716,0.));
#2301 = VECTOR('',#2302,1.);
#2302 = DIRECTION('',(0.,0.,1.));
#2303 = ORIENTED_EDGE('',*,*,#275,.F.);
#2304 = PLANE('',#2305);
#2305 = AXIS2_PLACEMENT_3D('',#2306,#2307,#2308);
#2306 = CARTESIAN_POINT('',(-1.27,-11.684,0.));
#2307 = DIRECTION('',(1.,0.,0.));
#2308 = DIRECTION('',(0.,-1.,0.));
#2309 = ADVANCED_FACE('',(#2310),#2321,.F.);
#2310 = FACE_BOUND('',#2311,.F.);
#2311 = EDGE_LOOP('',(#2312,#2318,#2319,#2320));
#2312 = ORIENTED_EDGE('',*,*,#2313,.T.);
#2313 = EDGE_CURVE('',#500,#1321,#2314,.T.);
#2314 = LINE('',#2315,#2316);
#2315 = CARTESIAN_POINT('',(1.27,-11.684,0.));
#2316 = VECTOR('',#2317,1.);
#2317 = DIRECTION('',(0.,0.,1.));
#2318 = ORIENTED_EDGE('',*,*,#1328,.T.);
#2319 = ORIENTED_EDGE('',*,*,#2279,.F.);
#2320 = ORIENTED_EDGE('',*,*,#507,.F.);
#2321 = PLANE('',#2322);
#2322 = AXIS2_PLACEMENT_3D('',#2323,#2324,#2325);
#2323 = CARTESIAN_POINT('',(1.27,-11.684,0.));
#2324 = DIRECTION('',(-0.707106781187,-0.707106781187,0.));
#2325 = DIRECTION('',(-0.707106781187,0.707106781187,0.));
#2326 = ADVANCED_FACE('',(#2327),#2338,.F.);
#2327 = FACE_BOUND('',#2328,.F.);
#2328 = EDGE_LOOP('',(#2329,#2330,#2331,#2337));
#2329 = ORIENTED_EDGE('',*,*,#2298,.T.);
#2330 = ORIENTED_EDGE('',*,*,#1104,.T.);
#2331 = ORIENTED_EDGE('',*,*,#2332,.F.);
#2332 = EDGE_CURVE('',#284,#1105,#2333,.T.);
#2333 = LINE('',#2334,#2335);
#2334 = CARTESIAN_POINT('',(-1.016,-13.97,0.));
#2335 = VECTOR('',#2336,1.);
#2336 = DIRECTION('',(0.,0.,1.));
#2337 = ORIENTED_EDGE('',*,*,#283,.F.);
#2338 = PLANE('',#2339);
#2339 = AXIS2_PLACEMENT_3D('',#2340,#2341,#2342);
#2340 = CARTESIAN_POINT('',(-1.27,-13.716,0.));
#2341 = DIRECTION('',(0.707106781187,0.707106781187,0.));
#2342 = DIRECTION('',(0.707106781187,-0.707106781187,0.));
#2343 = ADVANCED_FACE('',(#2344),#2355,.F.);
#2344 = FACE_BOUND('',#2345,.F.);
#2345 = EDGE_LOOP('',(#2346,#2352,#2353,#2354));
#2346 = ORIENTED_EDGE('',*,*,#2347,.T.);
#2347 = EDGE_CURVE('',#492,#1313,#2348,.T.);
#2348 = LINE('',#2349,#2350);
#2349 = CARTESIAN_POINT('',(1.27,-13.716,0.));
#2350 = VECTOR('',#2351,1.);
#2351 = DIRECTION('',(0.,0.,1.));
#2352 = ORIENTED_EDGE('',*,*,#1320,.T.);
#2353 = ORIENTED_EDGE('',*,*,#2313,.F.);
#2354 = ORIENTED_EDGE('',*,*,#499,.F.);
#2355 = PLANE('',#2356);
#2356 = AXIS2_PLACEMENT_3D('',#2357,#2358,#2359);
#2357 = CARTESIAN_POINT('',(1.27,-13.716,0.));
#2358 = DIRECTION('',(-1.,0.,0.));
#2359 = DIRECTION('',(0.,1.,0.));
#2360 = ADVANCED_FACE('',(#2361),#2372,.F.);
#2361 = FACE_BOUND('',#2362,.F.);
#2362 = EDGE_LOOP('',(#2363,#2364,#2365,#2371));
#2363 = ORIENTED_EDGE('',*,*,#2332,.T.);
#2364 = ORIENTED_EDGE('',*,*,#1112,.T.);
#2365 = ORIENTED_EDGE('',*,*,#2366,.F.);
#2366 = EDGE_CURVE('',#292,#1113,#2367,.T.);
#2367 = LINE('',#2368,#2369);
#2368 = CARTESIAN_POINT('',(-1.27,-14.224,0.));
#2369 = VECTOR('',#2370,1.);
#2370 = DIRECTION('',(0.,0.,1.));
#2371 = ORIENTED_EDGE('',*,*,#291,.F.);
#2372 = PLANE('',#2373);
#2373 = AXIS2_PLACEMENT_3D('',#2374,#2375,#2376);
#2374 = CARTESIAN_POINT('',(-1.016,-13.97,0.));
#2375 = DIRECTION('',(0.707106781187,-0.707106781187,0.));
#2376 = DIRECTION('',(-0.707106781187,-0.707106781187,0.));
#2377 = ADVANCED_FACE('',(#2378),#2389,.F.);
#2378 = FACE_BOUND('',#2379,.F.);
#2379 = EDGE_LOOP('',(#2380,#2386,#2387,#2388));
#2380 = ORIENTED_EDGE('',*,*,#2381,.T.);
#2381 = EDGE_CURVE('',#484,#1305,#2382,.T.);
#2382 = LINE('',#2383,#2384);
#2383 = CARTESIAN_POINT('',(1.016,-13.97,0.));
#2384 = VECTOR('',#2385,1.);
#2385 = DIRECTION('',(0.,0.,1.));
#2386 = ORIENTED_EDGE('',*,*,#1312,.T.);
#2387 = ORIENTED_EDGE('',*,*,#2347,.F.);
#2388 = ORIENTED_EDGE('',*,*,#491,.F.);
#2389 = PLANE('',#2390);
#2390 = AXIS2_PLACEMENT_3D('',#2391,#2392,#2393);
#2391 = CARTESIAN_POINT('',(1.016,-13.97,0.));
#2392 = DIRECTION('',(-0.707106781187,0.707106781187,0.));
#2393 = DIRECTION('',(0.707106781187,0.707106781187,0.));
#2394 = ADVANCED_FACE('',(#2395),#2406,.F.);
#2395 = FACE_BOUND('',#2396,.F.);
#2396 = EDGE_LOOP('',(#2397,#2398,#2399,#2405));
#2397 = ORIENTED_EDGE('',*,*,#2366,.T.);
#2398 = ORIENTED_EDGE('',*,*,#1120,.T.);
#2399 = ORIENTED_EDGE('',*,*,#2400,.F.);
#2400 = EDGE_CURVE('',#300,#1121,#2401,.T.);
#2401 = LINE('',#2402,#2403);
#2402 = CARTESIAN_POINT('',(-1.27,-16.256,0.));
#2403 = VECTOR('',#2404,1.);
#2404 = DIRECTION('',(0.,0.,1.));
#2405 = ORIENTED_EDGE('',*,*,#299,.F.);
#2406 = PLANE('',#2407);
#2407 = AXIS2_PLACEMENT_3D('',#2408,#2409,#2410);
#2408 = CARTESIAN_POINT('',(-1.27,-14.224,0.));
#2409 = DIRECTION('',(1.,0.,0.));
#2410 = DIRECTION('',(0.,-1.,0.));
#2411 = ADVANCED_FACE('',(#2412),#2423,.F.);
#2412 = FACE_BOUND('',#2413,.F.);
#2413 = EDGE_LOOP('',(#2414,#2420,#2421,#2422));
#2414 = ORIENTED_EDGE('',*,*,#2415,.T.);
#2415 = EDGE_CURVE('',#476,#1297,#2416,.T.);
#2416 = LINE('',#2417,#2418);
#2417 = CARTESIAN_POINT('',(1.27,-14.224,0.));
#2418 = VECTOR('',#2419,1.);
#2419 = DIRECTION('',(0.,0.,1.));
#2420 = ORIENTED_EDGE('',*,*,#1304,.T.);
#2421 = ORIENTED_EDGE('',*,*,#2381,.F.);
#2422 = ORIENTED_EDGE('',*,*,#483,.F.);
#2423 = PLANE('',#2424);
#2424 = AXIS2_PLACEMENT_3D('',#2425,#2426,#2427);
#2425 = CARTESIAN_POINT('',(1.27,-14.224,0.));
#2426 = DIRECTION('',(-0.707106781187,-0.707106781187,0.));
#2427 = DIRECTION('',(-0.707106781187,0.707106781187,0.));
#2428 = ADVANCED_FACE('',(#2429),#2440,.F.);
#2429 = FACE_BOUND('',#2430,.F.);
#2430 = EDGE_LOOP('',(#2431,#2432,#2433,#2439));
#2431 = ORIENTED_EDGE('',*,*,#2400,.T.);
#2432 = ORIENTED_EDGE('',*,*,#1128,.T.);
#2433 = ORIENTED_EDGE('',*,*,#2434,.F.);
#2434 = EDGE_CURVE('',#308,#1129,#2435,.T.);
#2435 = LINE('',#2436,#2437);
#2436 = CARTESIAN_POINT('',(-1.016,-16.51,0.));
#2437 = VECTOR('',#2438,1.);
#2438 = DIRECTION('',(0.,0.,1.));
#2439 = ORIENTED_EDGE('',*,*,#307,.F.);
#2440 = PLANE('',#2441);
#2441 = AXIS2_PLACEMENT_3D('',#2442,#2443,#2444);
#2442 = CARTESIAN_POINT('',(-1.27,-16.256,0.));
#2443 = DIRECTION('',(0.707106781187,0.707106781187,0.));
#2444 = DIRECTION('',(0.707106781187,-0.707106781187,0.));
#2445 = ADVANCED_FACE('',(#2446),#2457,.F.);
#2446 = FACE_BOUND('',#2447,.F.);
#2447 = EDGE_LOOP('',(#2448,#2454,#2455,#2456));
#2448 = ORIENTED_EDGE('',*,*,#2449,.T.);
#2449 = EDGE_CURVE('',#468,#1289,#2450,.T.);
#2450 = LINE('',#2451,#2452);
#2451 = CARTESIAN_POINT('',(1.27,-16.256,0.));
#2452 = VECTOR('',#2453,1.);
#2453 = DIRECTION('',(0.,0.,1.));
#2454 = ORIENTED_EDGE('',*,*,#1296,.T.);
#2455 = ORIENTED_EDGE('',*,*,#2415,.F.);
#2456 = ORIENTED_EDGE('',*,*,#475,.F.);
#2457 = PLANE('',#2458);
#2458 = AXIS2_PLACEMENT_3D('',#2459,#2460,#2461);
#2459 = CARTESIAN_POINT('',(1.27,-16.256,0.));
#2460 = DIRECTION('',(-1.,0.,0.));
#2461 = DIRECTION('',(0.,1.,0.));
#2462 = ADVANCED_FACE('',(#2463),#2474,.F.);
#2463 = FACE_BOUND('',#2464,.F.);
#2464 = EDGE_LOOP('',(#2465,#2466,#2467,#2473));
#2465 = ORIENTED_EDGE('',*,*,#2434,.T.);
#2466 = ORIENTED_EDGE('',*,*,#1136,.T.);
#2467 = ORIENTED_EDGE('',*,*,#2468,.F.);
#2468 = EDGE_CURVE('',#316,#1137,#2469,.T.);
#2469 = LINE('',#2470,#2471);
#2470 = CARTESIAN_POINT('',(-1.27,-16.764,0.));
#2471 = VECTOR('',#2472,1.);
#2472 = DIRECTION('',(0.,0.,1.));
#2473 = ORIENTED_EDGE('',*,*,#315,.F.);
#2474 = PLANE('',#2475);
#2475 = AXIS2_PLACEMENT_3D('',#2476,#2477,#2478);
#2476 = CARTESIAN_POINT('',(-1.016,-16.51,0.));
#2477 = DIRECTION('',(0.707106781187,-0.707106781187,0.));
#2478 = DIRECTION('',(-0.707106781187,-0.707106781187,0.));
#2479 = ADVANCED_FACE('',(#2480),#2491,.F.);
#2480 = FACE_BOUND('',#2481,.F.);
#2481 = EDGE_LOOP('',(#2482,#2488,#2489,#2490));
#2482 = ORIENTED_EDGE('',*,*,#2483,.T.);
#2483 = EDGE_CURVE('',#460,#1281,#2484,.T.);
#2484 = LINE('',#2485,#2486);
#2485 = CARTESIAN_POINT('',(1.016,-16.51,0.));
#2486 = VECTOR('',#2487,1.);
#2487 = DIRECTION('',(0.,0.,1.));
#2488 = ORIENTED_EDGE('',*,*,#1288,.T.);
#2489 = ORIENTED_EDGE('',*,*,#2449,.F.);
#2490 = ORIENTED_EDGE('',*,*,#467,.F.);
#2491 = PLANE('',#2492);
#2492 = AXIS2_PLACEMENT_3D('',#2493,#2494,#2495);
#2493 = CARTESIAN_POINT('',(1.016,-16.51,0.));
#2494 = DIRECTION('',(-0.707106781187,0.707106781187,0.));
#2495 = DIRECTION('',(0.707106781187,0.707106781187,0.));
#2496 = ADVANCED_FACE('',(#2497),#2508,.F.);
#2497 = FACE_BOUND('',#2498,.F.);
#2498 = EDGE_LOOP('',(#2499,#2500,#2501,#2507));
#2499 = ORIENTED_EDGE('',*,*,#2468,.T.);
#2500 = ORIENTED_EDGE('',*,*,#1144,.T.);
#2501 = ORIENTED_EDGE('',*,*,#2502,.F.);
#2502 = EDGE_CURVE('',#324,#1145,#2503,.T.);
#2503 = LINE('',#2504,#2505);
#2504 = CARTESIAN_POINT('',(-1.27,-18.796,0.));
#2505 = VECTOR('',#2506,1.);
#2506 = DIRECTION('',(0.,0.,1.));
#2507 = ORIENTED_EDGE('',*,*,#323,.F.);
#2508 = PLANE('',#2509);
#2509 = AXIS2_PLACEMENT_3D('',#2510,#2511,#2512);
#2510 = CARTESIAN_POINT('',(-1.27,-16.764,0.));
#2511 = DIRECTION('',(1.,0.,0.));
#2512 = DIRECTION('',(0.,-1.,0.));
#2513 = ADVANCED_FACE('',(#2514),#2525,.F.);
#2514 = FACE_BOUND('',#2515,.F.);
#2515 = EDGE_LOOP('',(#2516,#2522,#2523,#2524));
#2516 = ORIENTED_EDGE('',*,*,#2517,.T.);
#2517 = EDGE_CURVE('',#452,#1273,#2518,.T.);
#2518 = LINE('',#2519,#2520);
#2519 = CARTESIAN_POINT('',(1.27,-16.764,0.));
#2520 = VECTOR('',#2521,1.);
#2521 = DIRECTION('',(0.,0.,1.));
#2522 = ORIENTED_EDGE('',*,*,#1280,.T.);
#2523 = ORIENTED_EDGE('',*,*,#2483,.F.);
#2524 = ORIENTED_EDGE('',*,*,#459,.F.);
#2525 = PLANE('',#2526);
#2526 = AXIS2_PLACEMENT_3D('',#2527,#2528,#2529);
#2527 = CARTESIAN_POINT('',(1.27,-16.764,0.));
#2528 = DIRECTION('',(-0.707106781187,-0.707106781187,0.));
#2529 = DIRECTION('',(-0.707106781187,0.707106781187,0.));
#2530 = ADVANCED_FACE('',(#2531),#2542,.F.);
#2531 = FACE_BOUND('',#2532,.F.);
#2532 = EDGE_LOOP('',(#2533,#2534,#2535,#2541));
#2533 = ORIENTED_EDGE('',*,*,#2502,.T.);
#2534 = ORIENTED_EDGE('',*,*,#1152,.T.);
#2535 = ORIENTED_EDGE('',*,*,#2536,.F.);
#2536 = EDGE_CURVE('',#332,#1153,#2537,.T.);
#2537 = LINE('',#2538,#2539);
#2538 = CARTESIAN_POINT('',(-1.016,-19.05,0.));
#2539 = VECTOR('',#2540,1.);
#2540 = DIRECTION('',(0.,0.,1.));
#2541 = ORIENTED_EDGE('',*,*,#331,.F.);
#2542 = PLANE('',#2543);
#2543 = AXIS2_PLACEMENT_3D('',#2544,#2545,#2546);
#2544 = CARTESIAN_POINT('',(-1.27,-18.796,0.));
#2545 = DIRECTION('',(0.707106781187,0.707106781187,0.));
#2546 = DIRECTION('',(0.707106781187,-0.707106781187,0.));
#2547 = ADVANCED_FACE('',(#2548),#2559,.F.);
#2548 = FACE_BOUND('',#2549,.F.);
#2549 = EDGE_LOOP('',(#2550,#2556,#2557,#2558));
#2550 = ORIENTED_EDGE('',*,*,#2551,.T.);
#2551 = EDGE_CURVE('',#444,#1265,#2552,.T.);
#2552 = LINE('',#2553,#2554);
#2553 = CARTESIAN_POINT('',(1.27,-18.796,0.));
#2554 = VECTOR('',#2555,1.);
#2555 = DIRECTION('',(0.,0.,1.));
#2556 = ORIENTED_EDGE('',*,*,#1272,.T.);
#2557 = ORIENTED_EDGE('',*,*,#2517,.F.);
#2558 = ORIENTED_EDGE('',*,*,#451,.F.);
#2559 = PLANE('',#2560);
#2560 = AXIS2_PLACEMENT_3D('',#2561,#2562,#2563);
#2561 = CARTESIAN_POINT('',(1.27,-18.796,0.));
#2562 = DIRECTION('',(-1.,0.,0.));
#2563 = DIRECTION('',(0.,1.,0.));
#2564 = ADVANCED_FACE('',(#2565),#2576,.F.);
#2565 = FACE_BOUND('',#2566,.F.);
#2566 = EDGE_LOOP('',(#2567,#2568,#2569,#2575));
#2567 = ORIENTED_EDGE('',*,*,#2536,.T.);
#2568 = ORIENTED_EDGE('',*,*,#1160,.T.);
#2569 = ORIENTED_EDGE('',*,*,#2570,.F.);
#2570 = EDGE_CURVE('',#340,#1161,#2571,.T.);
#2571 = LINE('',#2572,#2573);
#2572 = CARTESIAN_POINT('',(-1.27,-19.304,0.));
#2573 = VECTOR('',#2574,1.);
#2574 = DIRECTION('',(0.,0.,1.));
#2575 = ORIENTED_EDGE('',*,*,#339,.F.);
#2576 = PLANE('',#2577);
#2577 = AXIS2_PLACEMENT_3D('',#2578,#2579,#2580);
#2578 = CARTESIAN_POINT('',(-1.016,-19.05,0.));
#2579 = DIRECTION('',(0.707106781187,-0.707106781187,0.));
#2580 = DIRECTION('',(-0.707106781187,-0.707106781187,0.));
#2581 = ADVANCED_FACE('',(#2582),#2593,.F.);
#2582 = FACE_BOUND('',#2583,.F.);
#2583 = EDGE_LOOP('',(#2584,#2590,#2591,#2592));
#2584 = ORIENTED_EDGE('',*,*,#2585,.T.);
#2585 = EDGE_CURVE('',#436,#1257,#2586,.T.);
#2586 = LINE('',#2587,#2588);
#2587 = CARTESIAN_POINT('',(1.016,-19.05,0.));
#2588 = VECTOR('',#2589,1.);
#2589 = DIRECTION('',(0.,0.,1.));
#2590 = ORIENTED_EDGE('',*,*,#1264,.T.);
#2591 = ORIENTED_EDGE('',*,*,#2551,.F.);
#2592 = ORIENTED_EDGE('',*,*,#443,.F.);
#2593 = PLANE('',#2594);
#2594 = AXIS2_PLACEMENT_3D('',#2595,#2596,#2597);
#2595 = CARTESIAN_POINT('',(1.016,-19.05,0.));
#2596 = DIRECTION('',(-0.707106781187,0.707106781187,0.));
#2597 = DIRECTION('',(0.707106781187,0.707106781187,0.));
#2598 = ADVANCED_FACE('',(#2599),#2610,.F.);
#2599 = FACE_BOUND('',#2600,.F.);
#2600 = EDGE_LOOP('',(#2601,#2602,#2603,#2609));
#2601 = ORIENTED_EDGE('',*,*,#2570,.T.);
#2602 = ORIENTED_EDGE('',*,*,#1168,.T.);
#2603 = ORIENTED_EDGE('',*,*,#2604,.F.);
#2604 = EDGE_CURVE('',#348,#1169,#2605,.T.);
#2605 = LINE('',#2606,#2607);
#2606 = CARTESIAN_POINT('',(-1.27,-21.336,0.));
#2607 = VECTOR('',#2608,1.);
#2608 = DIRECTION('',(0.,0.,1.));
#2609 = ORIENTED_EDGE('',*,*,#347,.F.);
#2610 = PLANE('',#2611);
#2611 = AXIS2_PLACEMENT_3D('',#2612,#2613,#2614);
#2612 = CARTESIAN_POINT('',(-1.27,-19.304,0.));
#2613 = DIRECTION('',(1.,0.,0.));
#2614 = DIRECTION('',(0.,-1.,0.));
#2615 = ADVANCED_FACE('',(#2616),#2627,.F.);
#2616 = FACE_BOUND('',#2617,.F.);
#2617 = EDGE_LOOP('',(#2618,#2624,#2625,#2626));
#2618 = ORIENTED_EDGE('',*,*,#2619,.T.);
#2619 = EDGE_CURVE('',#428,#1249,#2620,.T.);
#2620 = LINE('',#2621,#2622);
#2621 = CARTESIAN_POINT('',(1.27,-19.304,0.));
#2622 = VECTOR('',#2623,1.);
#2623 = DIRECTION('',(0.,0.,1.));
#2624 = ORIENTED_EDGE('',*,*,#1256,.T.);
#2625 = ORIENTED_EDGE('',*,*,#2585,.F.);
#2626 = ORIENTED_EDGE('',*,*,#435,.F.);
#2627 = PLANE('',#2628);
#2628 = AXIS2_PLACEMENT_3D('',#2629,#2630,#2631);
#2629 = CARTESIAN_POINT('',(1.27,-19.304,0.));
#2630 = DIRECTION('',(-0.707106781187,-0.707106781187,0.));
#2631 = DIRECTION('',(-0.707106781187,0.707106781187,0.));
#2632 = ADVANCED_FACE('',(#2633),#2644,.F.);
#2633 = FACE_BOUND('',#2634,.F.);
#2634 = EDGE_LOOP('',(#2635,#2636,#2637,#2643));
#2635 = ORIENTED_EDGE('',*,*,#2604,.T.);
#2636 = ORIENTED_EDGE('',*,*,#1176,.T.);
#2637 = ORIENTED_EDGE('',*,*,#2638,.F.);
#2638 = EDGE_CURVE('',#356,#1177,#2639,.T.);
#2639 = LINE('',#2640,#2641);
#2640 = CARTESIAN_POINT('',(-1.016,-21.59,0.));
#2641 = VECTOR('',#2642,1.);
#2642 = DIRECTION('',(0.,0.,1.));
#2643 = ORIENTED_EDGE('',*,*,#355,.F.);
#2644 = PLANE('',#2645);
#2645 = AXIS2_PLACEMENT_3D('',#2646,#2647,#2648);
#2646 = CARTESIAN_POINT('',(-1.27,-21.336,0.));
#2647 = DIRECTION('',(0.707106781187,0.707106781187,0.));
#2648 = DIRECTION('',(0.707106781187,-0.707106781187,0.));
#2649 = ADVANCED_FACE('',(#2650),#2661,.F.);
#2650 = FACE_BOUND('',#2651,.F.);
#2651 = EDGE_LOOP('',(#2652,#2658,#2659,#2660));
#2652 = ORIENTED_EDGE('',*,*,#2653,.T.);
#2653 = EDGE_CURVE('',#420,#1241,#2654,.T.);
#2654 = LINE('',#2655,#2656);
#2655 = CARTESIAN_POINT('',(1.27,-21.336,0.));
#2656 = VECTOR('',#2657,1.);
#2657 = DIRECTION('',(0.,0.,1.));
#2658 = ORIENTED_EDGE('',*,*,#1248,.T.);
#2659 = ORIENTED_EDGE('',*,*,#2619,.F.);
#2660 = ORIENTED_EDGE('',*,*,#427,.F.);
#2661 = PLANE('',#2662);
#2662 = AXIS2_PLACEMENT_3D('',#2663,#2664,#2665);
#2663 = CARTESIAN_POINT('',(1.27,-21.336,0.));
#2664 = DIRECTION('',(-1.,0.,0.));
#2665 = DIRECTION('',(0.,1.,0.));
#2666 = ADVANCED_FACE('',(#2667),#2678,.F.);
#2667 = FACE_BOUND('',#2668,.F.);
#2668 = EDGE_LOOP('',(#2669,#2670,#2671,#2677));
#2669 = ORIENTED_EDGE('',*,*,#2638,.T.);
#2670 = ORIENTED_EDGE('',*,*,#1184,.T.);
#2671 = ORIENTED_EDGE('',*,*,#2672,.F.);
#2672 = EDGE_CURVE('',#364,#1185,#2673,.T.);
#2673 = LINE('',#2674,#2675);
#2674 = CARTESIAN_POINT('',(-1.27,-21.844,0.));
#2675 = VECTOR('',#2676,1.);
#2676 = DIRECTION('',(0.,0.,1.));
#2677 = ORIENTED_EDGE('',*,*,#363,.F.);
#2678 = PLANE('',#2679);
#2679 = AXIS2_PLACEMENT_3D('',#2680,#2681,#2682);
#2680 = CARTESIAN_POINT('',(-1.016,-21.59,0.));
#2681 = DIRECTION('',(0.707106781187,-0.707106781187,0.));
#2682 = DIRECTION('',(-0.707106781187,-0.707106781187,0.));
#2683 = ADVANCED_FACE('',(#2684),#2695,.F.);
#2684 = FACE_BOUND('',#2685,.F.);
#2685 = EDGE_LOOP('',(#2686,#2692,#2693,#2694));
#2686 = ORIENTED_EDGE('',*,*,#2687,.T.);
#2687 = EDGE_CURVE('',#412,#1233,#2688,.T.);
#2688 = LINE('',#2689,#2690);
#2689 = CARTESIAN_POINT('',(1.016,-21.59,0.));
#2690 = VECTOR('',#2691,1.);
#2691 = DIRECTION('',(0.,0.,1.));
#2692 = ORIENTED_EDGE('',*,*,#1240,.T.);
#2693 = ORIENTED_EDGE('',*,*,#2653,.F.);
#2694 = ORIENTED_EDGE('',*,*,#419,.F.);
#2695 = PLANE('',#2696);
#2696 = AXIS2_PLACEMENT_3D('',#2697,#2698,#2699);
#2697 = CARTESIAN_POINT('',(1.016,-21.59,0.));
#2698 = DIRECTION('',(-0.707106781187,0.707106781187,0.));
#2699 = DIRECTION('',(0.707106781187,0.707106781187,0.));
#2700 = ADVANCED_FACE('',(#2701),#2712,.F.);
#2701 = FACE_BOUND('',#2702,.F.);
#2702 = EDGE_LOOP('',(#2703,#2704,#2705,#2711));
#2703 = ORIENTED_EDGE('',*,*,#2672,.T.);
#2704 = ORIENTED_EDGE('',*,*,#1192,.T.);
#2705 = ORIENTED_EDGE('',*,*,#2706,.F.);
#2706 = EDGE_CURVE('',#372,#1193,#2707,.T.);
#2707 = LINE('',#2708,#2709);
#2708 = CARTESIAN_POINT('',(-1.27,-23.876,0.));
#2709 = VECTOR('',#2710,1.);
#2710 = DIRECTION('',(0.,0.,1.));
#2711 = ORIENTED_EDGE('',*,*,#371,.F.);
#2712 = PLANE('',#2713);
#2713 = AXIS2_PLACEMENT_3D('',#2714,#2715,#2716);
#2714 = CARTESIAN_POINT('',(-1.27,-21.844,0.));
#2715 = DIRECTION('',(1.,0.,0.));
#2716 = DIRECTION('',(0.,-1.,0.));
#2717 = ADVANCED_FACE('',(#2718),#2729,.F.);
#2718 = FACE_BOUND('',#2719,.F.);
#2719 = EDGE_LOOP('',(#2720,#2726,#2727,#2728));
#2720 = ORIENTED_EDGE('',*,*,#2721,.T.);
#2721 = EDGE_CURVE('',#404,#1225,#2722,.T.);
#2722 = LINE('',#2723,#2724);
#2723 = CARTESIAN_POINT('',(1.27,-21.844,0.));
#2724 = VECTOR('',#2725,1.);
#2725 = DIRECTION('',(0.,0.,1.));
#2726 = ORIENTED_EDGE('',*,*,#1232,.T.);
#2727 = ORIENTED_EDGE('',*,*,#2687,.F.);
#2728 = ORIENTED_EDGE('',*,*,#411,.F.);
#2729 = PLANE('',#2730);
#2730 = AXIS2_PLACEMENT_3D('',#2731,#2732,#2733);
#2731 = CARTESIAN_POINT('',(1.27,-21.844,0.));
#2732 = DIRECTION('',(-0.707106781187,-0.707106781187,0.));
#2733 = DIRECTION('',(-0.707106781187,0.707106781187,0.));
#2734 = ADVANCED_FACE('',(#2735),#2746,.F.);
#2735 = FACE_BOUND('',#2736,.F.);
#2736 = EDGE_LOOP('',(#2737,#2738,#2739,#2745));
#2737 = ORIENTED_EDGE('',*,*,#2706,.T.);
#2738 = ORIENTED_EDGE('',*,*,#1200,.T.);
#2739 = ORIENTED_EDGE('',*,*,#2740,.F.);
#2740 = EDGE_CURVE('',#380,#1201,#2741,.T.);
#2741 = LINE('',#2742,#2743);
#2742 = CARTESIAN_POINT('',(-1.016,-24.13,0.));
#2743 = VECTOR('',#2744,1.);
#2744 = DIRECTION('',(0.,0.,1.));
#2745 = ORIENTED_EDGE('',*,*,#379,.F.);
#2746 = PLANE('',#2747);
#2747 = AXIS2_PLACEMENT_3D('',#2748,#2749,#2750);
#2748 = CARTESIAN_POINT('',(-1.27,-23.876,0.));
#2749 = DIRECTION('',(0.707106781187,0.707106781187,0.));
#2750 = DIRECTION('',(0.707106781187,-0.707106781187,0.));
#2751 = ADVANCED_FACE('',(#2752),#2763,.F.);
#2752 = FACE_BOUND('',#2753,.F.);
#2753 = EDGE_LOOP('',(#2754,#2760,#2761,#2762));
#2754 = ORIENTED_EDGE('',*,*,#2755,.T.);
#2755 = EDGE_CURVE('',#396,#1217,#2756,.T.);
#2756 = LINE('',#2757,#2758);
#2757 = CARTESIAN_POINT('',(1.27,-23.876,0.));
#2758 = VECTOR('',#2759,1.);
#2759 = DIRECTION('',(0.,0.,1.));
#2760 = ORIENTED_EDGE('',*,*,#1224,.T.);
#2761 = ORIENTED_EDGE('',*,*,#2721,.F.);
#2762 = ORIENTED_EDGE('',*,*,#403,.F.);
#2763 = PLANE('',#2764);
#2764 = AXIS2_PLACEMENT_3D('',#2765,#2766,#2767);
#2765 = CARTESIAN_POINT('',(1.27,-23.876,0.));
#2766 = DIRECTION('',(-1.,0.,0.));
#2767 = DIRECTION('',(0.,1.,0.));
#2768 = ADVANCED_FACE('',(#2769),#2780,.F.);
#2769 = FACE_BOUND('',#2770,.F.);
#2770 = EDGE_LOOP('',(#2771,#2772,#2773,#2779));
#2771 = ORIENTED_EDGE('',*,*,#2740,.T.);
#2772 = ORIENTED_EDGE('',*,*,#1208,.T.);
#2773 = ORIENTED_EDGE('',*,*,#2774,.F.);
#2774 = EDGE_CURVE('',#388,#1209,#2775,.T.);
#2775 = LINE('',#2776,#2777);
#2776 = CARTESIAN_POINT('',(1.016,-24.13,0.));
#2777 = VECTOR('',#2778,1.);
#2778 = DIRECTION('',(0.,0.,1.));
#2779 = ORIENTED_EDGE('',*,*,#387,.F.);
#2780 = PLANE('',#2781);
#2781 = AXIS2_PLACEMENT_3D('',#2782,#2783,#2784);
#2782 = CARTESIAN_POINT('',(-1.016,-24.13,0.));
#2783 = DIRECTION('',(0.,1.,0.));
#2784 = DIRECTION('',(1.,0.,0.));
#2785 = ADVANCED_FACE('',(#2786),#2792,.F.);
#2786 = FACE_BOUND('',#2787,.F.);
#2787 = EDGE_LOOP('',(#2788,#2789,#2790,#2791));
#2788 = ORIENTED_EDGE('',*,*,#2774,.T.);
#2789 = ORIENTED_EDGE('',*,*,#1216,.T.);
#2790 = ORIENTED_EDGE('',*,*,#2755,.F.);
#2791 = ORIENTED_EDGE('',*,*,#395,.F.);
#2792 = PLANE('',#2793);
#2793 = AXIS2_PLACEMENT_3D('',#2794,#2795,#2796);
#2794 = CARTESIAN_POINT('',(1.016,-24.13,0.));
#2795 = DIRECTION('',(-0.707106781187,0.707106781187,0.));
#2796 = DIRECTION('',(0.707106781187,0.707106781187,0.));
#2797 = ADVANCED_FACE('',(#2798),#2823,.T.);
#2798 = FACE_BOUND('',#2799,.T.);
#2799 = EDGE_LOOP('',(#2800,#2808,#2816,#2822));
#2800 = ORIENTED_EDGE('',*,*,#2801,.F.);
#2801 = EDGE_CURVE('',#2802,#637,#2804,.T.);
#2802 = VERTEX_POINT('',#2803);
#2803 = CARTESIAN_POINT('',(0.32,-13.02,-2.84));
#2804 = LINE('',#2805,#2806);
#2805 = CARTESIAN_POINT('',(0.32,-13.02,-3.));
#2806 = VECTOR('',#2807,1.);
#2807 = DIRECTION('',(0.,0.,1.));
#2808 = ORIENTED_EDGE('',*,*,#2809,.T.);
#2809 = EDGE_CURVE('',#2802,#2810,#2812,.T.);
#2810 = VERTEX_POINT('',#2811);
#2811 = CARTESIAN_POINT('',(0.32,-12.38,-2.84));
#2812 = LINE('',#2813,#2814);
#2813 = CARTESIAN_POINT('',(0.32,-13.02,-2.84));
#2814 = VECTOR('',#2815,1.);
#2815 = DIRECTION('',(0.,1.,0.));
#2816 = ORIENTED_EDGE('',*,*,#2817,.T.);
#2817 = EDGE_CURVE('',#2810,#639,#2818,.T.);
#2818 = LINE('',#2819,#2820);
#2819 = CARTESIAN_POINT('',(0.32,-12.38,-3.));
#2820 = VECTOR('',#2821,1.);
#2821 = DIRECTION('',(0.,0.,1.));
#2822 = ORIENTED_EDGE('',*,*,#636,.F.);
#2823 = PLANE('',#2824);
#2824 = AXIS2_PLACEMENT_3D('',#2825,#2826,#2827);
#2825 = CARTESIAN_POINT('',(0.32,-13.02,-3.));
#2826 = DIRECTION('',(1.,0.,0.));
#2827 = DIRECTION('',(0.,0.,1.));
#2828 = ADVANCED_FACE('',(#2829),#2847,.T.);
#2829 = FACE_BOUND('',#2830,.T.);
#2830 = EDGE_LOOP('',(#2831,#2832,#2840,#2846));
#2831 = ORIENTED_EDGE('',*,*,#2817,.F.);
#2832 = ORIENTED_EDGE('',*,*,#2833,.F.);
#2833 = EDGE_CURVE('',#2834,#2810,#2836,.T.);
#2834 = VERTEX_POINT('',#2835);
#2835 = CARTESIAN_POINT('',(-0.32,-12.38,-2.84));
#2836 = LINE('',#2837,#2838);
#2837 = CARTESIAN_POINT('',(-0.32,-12.38,-2.84));
#2838 = VECTOR('',#2839,1.);
#2839 = DIRECTION('',(1.,0.,0.));
#2840 = ORIENTED_EDGE('',*,*,#2841,.T.);
#2841 = EDGE_CURVE('',#2834,#655,#2842,.T.);
#2842 = LINE('',#2843,#2844);
#2843 = CARTESIAN_POINT('',(-0.32,-12.38,-3.));
#2844 = VECTOR('',#2845,1.);
#2845 = DIRECTION('',(0.,0.,1.));
#2846 = ORIENTED_EDGE('',*,*,#662,.F.);
#2847 = PLANE('',#2848);
#2848 = AXIS2_PLACEMENT_3D('',#2849,#2850,#2851);
#2849 = CARTESIAN_POINT('',(-0.32,-12.38,-3.));
#2850 = DIRECTION('',(0.,1.,0.));
#2851 = DIRECTION('',(0.,-0.,1.));
#2852 = ADVANCED_FACE('',(#2853),#2871,.F.);
#2853 = FACE_BOUND('',#2854,.F.);
#2854 = EDGE_LOOP('',(#2855,#2863,#2869,#2870));
#2855 = ORIENTED_EDGE('',*,*,#2856,.F.);
#2856 = EDGE_CURVE('',#2857,#647,#2859,.T.);
#2857 = VERTEX_POINT('',#2858);
#2858 = CARTESIAN_POINT('',(-0.32,-13.02,-2.84));
#2859 = LINE('',#2860,#2861);
#2860 = CARTESIAN_POINT('',(-0.32,-13.02,-3.));
#2861 = VECTOR('',#2862,1.);
#2862 = DIRECTION('',(0.,0.,1.));
#2863 = ORIENTED_EDGE('',*,*,#2864,.T.);
#2864 = EDGE_CURVE('',#2857,#2834,#2865,.T.);
#2865 = LINE('',#2866,#2867);
#2866 = CARTESIAN_POINT('',(-0.32,-13.02,-2.84));
#2867 = VECTOR('',#2868,1.);
#2868 = DIRECTION('',(0.,1.,0.));
#2869 = ORIENTED_EDGE('',*,*,#2841,.T.);
#2870 = ORIENTED_EDGE('',*,*,#654,.F.);
#2871 = PLANE('',#2872);
#2872 = AXIS2_PLACEMENT_3D('',#2873,#2874,#2875);
#2873 = CARTESIAN_POINT('',(-0.32,-13.02,-3.));
#2874 = DIRECTION('',(1.,0.,0.));
#2875 = DIRECTION('',(0.,0.,1.));
#2876 = ADVANCED_FACE('',(#2877),#2888,.F.);
#2877 = FACE_BOUND('',#2878,.F.);
#2878 = EDGE_LOOP('',(#2879,#2880,#2886,#2887));
#2879 = ORIENTED_EDGE('',*,*,#2801,.F.);
#2880 = ORIENTED_EDGE('',*,*,#2881,.F.);
#2881 = EDGE_CURVE('',#2857,#2802,#2882,.T.);
#2882 = LINE('',#2883,#2884);
#2883 = CARTESIAN_POINT('',(-0.32,-13.02,-2.84));
#2884 = VECTOR('',#2885,1.);
#2885 = DIRECTION('',(1.,0.,0.));
#2886 = ORIENTED_EDGE('',*,*,#2856,.T.);
#2887 = ORIENTED_EDGE('',*,*,#646,.F.);
#2888 = PLANE('',#2889);
#2889 = AXIS2_PLACEMENT_3D('',#2890,#2891,#2892);
#2890 = CARTESIAN_POINT('',(-0.32,-13.02,-3.));
#2891 = DIRECTION('',(0.,1.,0.));
#2892 = DIRECTION('',(0.,-0.,1.));
#2893 = ADVANCED_FACE('',(#2894),#2919,.T.);
#2894 = FACE_BOUND('',#2895,.T.);
#2895 = EDGE_LOOP('',(#2896,#2904,#2912,#2918));
#2896 = ORIENTED_EDGE('',*,*,#2897,.F.);
#2897 = EDGE_CURVE('',#2898,#671,#2900,.T.);
#2898 = VERTEX_POINT('',#2899);
#2899 = CARTESIAN_POINT('',(0.32,-10.48,-2.84));
#2900 = LINE('',#2901,#2902);
#2901 = CARTESIAN_POINT('',(0.32,-10.48,-3.));
#2902 = VECTOR('',#2903,1.);
#2903 = DIRECTION('',(0.,0.,1.));
#2904 = ORIENTED_EDGE('',*,*,#2905,.T.);
#2905 = EDGE_CURVE('',#2898,#2906,#2908,.T.);
#2906 = VERTEX_POINT('',#2907);
#2907 = CARTESIAN_POINT('',(0.32,-9.84,-2.84));
#2908 = LINE('',#2909,#2910);
#2909 = CARTESIAN_POINT('',(0.32,-10.48,-2.84));
#2910 = VECTOR('',#2911,1.);
#2911 = DIRECTION('',(0.,1.,0.));
#2912 = ORIENTED_EDGE('',*,*,#2913,.T.);
#2913 = EDGE_CURVE('',#2906,#673,#2914,.T.);
#2914 = LINE('',#2915,#2916);
#2915 = CARTESIAN_POINT('',(0.32,-9.84,-3.));
#2916 = VECTOR('',#2917,1.);
#2917 = DIRECTION('',(0.,0.,1.));
#2918 = ORIENTED_EDGE('',*,*,#670,.F.);
#2919 = PLANE('',#2920);
#2920 = AXIS2_PLACEMENT_3D('',#2921,#2922,#2923);
#2921 = CARTESIAN_POINT('',(0.32,-10.48,-3.));
#2922 = DIRECTION('',(1.,0.,0.));
#2923 = DIRECTION('',(0.,0.,1.));
#2924 = ADVANCED_FACE('',(#2925),#2943,.T.);
#2925 = FACE_BOUND('',#2926,.T.);
#2926 = EDGE_LOOP('',(#2927,#2928,#2936,#2942));
#2927 = ORIENTED_EDGE('',*,*,#2913,.F.);
#2928 = ORIENTED_EDGE('',*,*,#2929,.F.);
#2929 = EDGE_CURVE('',#2930,#2906,#2932,.T.);
#2930 = VERTEX_POINT('',#2931);
#2931 = CARTESIAN_POINT('',(-0.32,-9.84,-2.84));
#2932 = LINE('',#2933,#2934);
#2933 = CARTESIAN_POINT('',(-0.32,-9.84,-2.84));
#2934 = VECTOR('',#2935,1.);
#2935 = DIRECTION('',(1.,0.,0.));
#2936 = ORIENTED_EDGE('',*,*,#2937,.T.);
#2937 = EDGE_CURVE('',#2930,#689,#2938,.T.);
#2938 = LINE('',#2939,#2940);
#2939 = CARTESIAN_POINT('',(-0.32,-9.84,-3.));
#2940 = VECTOR('',#2941,1.);
#2941 = DIRECTION('',(0.,0.,1.));
#2942 = ORIENTED_EDGE('',*,*,#696,.F.);
#2943 = PLANE('',#2944);
#2944 = AXIS2_PLACEMENT_3D('',#2945,#2946,#2947);
#2945 = CARTESIAN_POINT('',(-0.32,-9.84,-3.));
#2946 = DIRECTION('',(0.,1.,0.));
#2947 = DIRECTION('',(0.,-0.,1.));
#2948 = ADVANCED_FACE('',(#2949),#2967,.F.);
#2949 = FACE_BOUND('',#2950,.F.);
#2950 = EDGE_LOOP('',(#2951,#2959,#2965,#2966));
#2951 = ORIENTED_EDGE('',*,*,#2952,.F.);
#2952 = EDGE_CURVE('',#2953,#681,#2955,.T.);
#2953 = VERTEX_POINT('',#2954);
#2954 = CARTESIAN_POINT('',(-0.32,-10.48,-2.84));
#2955 = LINE('',#2956,#2957);
#2956 = CARTESIAN_POINT('',(-0.32,-10.48,-3.));
#2957 = VECTOR('',#2958,1.);
#2958 = DIRECTION('',(0.,0.,1.));
#2959 = ORIENTED_EDGE('',*,*,#2960,.T.);
#2960 = EDGE_CURVE('',#2953,#2930,#2961,.T.);
#2961 = LINE('',#2962,#2963);
#2962 = CARTESIAN_POINT('',(-0.32,-10.48,-2.84));
#2963 = VECTOR('',#2964,1.);
#2964 = DIRECTION('',(0.,1.,0.));
#2965 = ORIENTED_EDGE('',*,*,#2937,.T.);
#2966 = ORIENTED_EDGE('',*,*,#688,.F.);
#2967 = PLANE('',#2968);
#2968 = AXIS2_PLACEMENT_3D('',#2969,#2970,#2971);
#2969 = CARTESIAN_POINT('',(-0.32,-10.48,-3.));
#2970 = DIRECTION('',(1.,0.,0.));
#2971 = DIRECTION('',(0.,0.,1.));
#2972 = ADVANCED_FACE('',(#2973),#2984,.F.);
#2973 = FACE_BOUND('',#2974,.F.);
#2974 = EDGE_LOOP('',(#2975,#2976,#2982,#2983));
#2975 = ORIENTED_EDGE('',*,*,#2897,.F.);
#2976 = ORIENTED_EDGE('',*,*,#2977,.F.);
#2977 = EDGE_CURVE('',#2953,#2898,#2978,.T.);
#2978 = LINE('',#2979,#2980);
#2979 = CARTESIAN_POINT('',(-0.32,-10.48,-2.84));
#2980 = VECTOR('',#2981,1.);
#2981 = DIRECTION('',(1.,0.,0.));
#2982 = ORIENTED_EDGE('',*,*,#2952,.T.);
#2983 = ORIENTED_EDGE('',*,*,#680,.F.);
#2984 = PLANE('',#2985);
#2985 = AXIS2_PLACEMENT_3D('',#2986,#2987,#2988);
#2986 = CARTESIAN_POINT('',(-0.32,-10.48,-3.));
#2987 = DIRECTION('',(0.,1.,0.));
#2988 = DIRECTION('',(0.,-0.,1.));
#2989 = ADVANCED_FACE('',(#2990),#3015,.T.);
#2990 = FACE_BOUND('',#2991,.T.);
#2991 = EDGE_LOOP('',(#2992,#3000,#3008,#3014));
#2992 = ORIENTED_EDGE('',*,*,#2993,.F.);
#2993 = EDGE_CURVE('',#2994,#705,#2996,.T.);
#2994 = VERTEX_POINT('',#2995);
#2995 = CARTESIAN_POINT('',(0.32,-7.94,-2.84));
#2996 = LINE('',#2997,#2998);
#2997 = CARTESIAN_POINT('',(0.32,-7.94,-3.));
#2998 = VECTOR('',#2999,1.);
#2999 = DIRECTION('',(0.,0.,1.));
#3000 = ORIENTED_EDGE('',*,*,#3001,.T.);
#3001 = EDGE_CURVE('',#2994,#3002,#3004,.T.);
#3002 = VERTEX_POINT('',#3003);
#3003 = CARTESIAN_POINT('',(0.32,-7.3,-2.84));
#3004 = LINE('',#3005,#3006);
#3005 = CARTESIAN_POINT('',(0.32,-7.94,-2.84));
#3006 = VECTOR('',#3007,1.);
#3007 = DIRECTION('',(0.,1.,0.));
#3008 = ORIENTED_EDGE('',*,*,#3009,.T.);
#3009 = EDGE_CURVE('',#3002,#707,#3010,.T.);
#3010 = LINE('',#3011,#3012);
#3011 = CARTESIAN_POINT('',(0.32,-7.3,-3.));
#3012 = VECTOR('',#3013,1.);
#3013 = DIRECTION('',(0.,0.,1.));
#3014 = ORIENTED_EDGE('',*,*,#704,.F.);
#3015 = PLANE('',#3016);
#3016 = AXIS2_PLACEMENT_3D('',#3017,#3018,#3019);
#3017 = CARTESIAN_POINT('',(0.32,-7.94,-3.));
#3018 = DIRECTION('',(1.,0.,0.));
#3019 = DIRECTION('',(0.,0.,1.));
#3020 = ADVANCED_FACE('',(#3021),#3039,.T.);
#3021 = FACE_BOUND('',#3022,.T.);
#3022 = EDGE_LOOP('',(#3023,#3024,#3032,#3038));
#3023 = ORIENTED_EDGE('',*,*,#3009,.F.);
#3024 = ORIENTED_EDGE('',*,*,#3025,.F.);
#3025 = EDGE_CURVE('',#3026,#3002,#3028,.T.);
#3026 = VERTEX_POINT('',#3027);
#3027 = CARTESIAN_POINT('',(-0.32,-7.3,-2.84));
#3028 = LINE('',#3029,#3030);
#3029 = CARTESIAN_POINT('',(-0.32,-7.3,-2.84));
#3030 = VECTOR('',#3031,1.);
#3031 = DIRECTION('',(1.,0.,0.));
#3032 = ORIENTED_EDGE('',*,*,#3033,.T.);
#3033 = EDGE_CURVE('',#3026,#723,#3034,.T.);
#3034 = LINE('',#3035,#3036);
#3035 = CARTESIAN_POINT('',(-0.32,-7.3,-3.));
#3036 = VECTOR('',#3037,1.);
#3037 = DIRECTION('',(0.,0.,1.));
#3038 = ORIENTED_EDGE('',*,*,#730,.F.);
#3039 = PLANE('',#3040);
#3040 = AXIS2_PLACEMENT_3D('',#3041,#3042,#3043);
#3041 = CARTESIAN_POINT('',(-0.32,-7.3,-3.));
#3042 = DIRECTION('',(0.,1.,0.));
#3043 = DIRECTION('',(0.,-0.,1.));
#3044 = ADVANCED_FACE('',(#3045),#3063,.F.);
#3045 = FACE_BOUND('',#3046,.F.);
#3046 = EDGE_LOOP('',(#3047,#3055,#3061,#3062));
#3047 = ORIENTED_EDGE('',*,*,#3048,.F.);
#3048 = EDGE_CURVE('',#3049,#715,#3051,.T.);
#3049 = VERTEX_POINT('',#3050);
#3050 = CARTESIAN_POINT('',(-0.32,-7.94,-2.84));
#3051 = LINE('',#3052,#3053);
#3052 = CARTESIAN_POINT('',(-0.32,-7.94,-3.));
#3053 = VECTOR('',#3054,1.);
#3054 = DIRECTION('',(0.,0.,1.));
#3055 = ORIENTED_EDGE('',*,*,#3056,.T.);
#3056 = EDGE_CURVE('',#3049,#3026,#3057,.T.);
#3057 = LINE('',#3058,#3059);
#3058 = CARTESIAN_POINT('',(-0.32,-7.94,-2.84));
#3059 = VECTOR('',#3060,1.);
#3060 = DIRECTION('',(0.,1.,0.));
#3061 = ORIENTED_EDGE('',*,*,#3033,.T.);
#3062 = ORIENTED_EDGE('',*,*,#722,.F.);
#3063 = PLANE('',#3064);
#3064 = AXIS2_PLACEMENT_3D('',#3065,#3066,#3067);
#3065 = CARTESIAN_POINT('',(-0.32,-7.94,-3.));
#3066 = DIRECTION('',(1.,0.,0.));
#3067 = DIRECTION('',(0.,0.,1.));
#3068 = ADVANCED_FACE('',(#3069),#3080,.F.);
#3069 = FACE_BOUND('',#3070,.F.);
#3070 = EDGE_LOOP('',(#3071,#3072,#3078,#3079));
#3071 = ORIENTED_EDGE('',*,*,#2993,.F.);
#3072 = ORIENTED_EDGE('',*,*,#3073,.F.);
#3073 = EDGE_CURVE('',#3049,#2994,#3074,.T.);
#3074 = LINE('',#3075,#3076);
#3075 = CARTESIAN_POINT('',(-0.32,-7.94,-2.84));
#3076 = VECTOR('',#3077,1.);
#3077 = DIRECTION('',(1.,0.,0.));
#3078 = ORIENTED_EDGE('',*,*,#3048,.T.);
#3079 = ORIENTED_EDGE('',*,*,#714,.F.);
#3080 = PLANE('',#3081);
#3081 = AXIS2_PLACEMENT_3D('',#3082,#3083,#3084);
#3082 = CARTESIAN_POINT('',(-0.32,-7.94,-3.));
#3083 = DIRECTION('',(0.,1.,0.));
#3084 = DIRECTION('',(0.,-0.,1.));
#3085 = ADVANCED_FACE('',(#3086),#3111,.F.);
#3086 = FACE_BOUND('',#3087,.F.);
#3087 = EDGE_LOOP('',(#3088,#3096,#3104,#3110));
#3088 = ORIENTED_EDGE('',*,*,#3089,.F.);
#3089 = EDGE_CURVE('',#3090,#739,#3092,.T.);
#3090 = VERTEX_POINT('',#3091);
#3091 = CARTESIAN_POINT('',(0.32,-18.1,-2.84));
#3092 = LINE('',#3093,#3094);
#3093 = CARTESIAN_POINT('',(0.32,-18.1,-3.));
#3094 = VECTOR('',#3095,1.);
#3095 = DIRECTION('',(0.,0.,1.));
#3096 = ORIENTED_EDGE('',*,*,#3097,.F.);
#3097 = EDGE_CURVE('',#3098,#3090,#3100,.T.);
#3098 = VERTEX_POINT('',#3099);
#3099 = CARTESIAN_POINT('',(-0.32,-18.1,-2.84));
#3100 = LINE('',#3101,#3102);
#3101 = CARTESIAN_POINT('',(-0.32,-18.1,-2.84));
#3102 = VECTOR('',#3103,1.);
#3103 = DIRECTION('',(1.,0.,0.));
#3104 = ORIENTED_EDGE('',*,*,#3105,.T.);
#3105 = EDGE_CURVE('',#3098,#741,#3106,.T.);
#3106 = LINE('',#3107,#3108);
#3107 = CARTESIAN_POINT('',(-0.32,-18.1,-3.));
#3108 = VECTOR('',#3109,1.);
#3109 = DIRECTION('',(0.,0.,1.));
#3110 = ORIENTED_EDGE('',*,*,#738,.F.);
#3111 = PLANE('',#3112);
#3112 = AXIS2_PLACEMENT_3D('',#3113,#3114,#3115);
#3113 = CARTESIAN_POINT('',(-0.32,-18.1,-3.));
#3114 = DIRECTION('',(0.,1.,0.));
#3115 = DIRECTION('',(0.,-0.,1.));
#3116 = ADVANCED_FACE('',(#3117),#3135,.T.);
#3117 = FACE_BOUND('',#3118,.T.);
#3118 = EDGE_LOOP('',(#3119,#3120,#3128,#3134));
#3119 = ORIENTED_EDGE('',*,*,#3089,.F.);
#3120 = ORIENTED_EDGE('',*,*,#3121,.T.);
#3121 = EDGE_CURVE('',#3090,#3122,#3124,.T.);
#3122 = VERTEX_POINT('',#3123);
#3123 = CARTESIAN_POINT('',(0.32,-17.46,-2.84));
#3124 = LINE('',#3125,#3126);
#3125 = CARTESIAN_POINT('',(0.32,-18.1,-2.84));
#3126 = VECTOR('',#3127,1.);
#3127 = DIRECTION('',(0.,1.,0.));
#3128 = ORIENTED_EDGE('',*,*,#3129,.T.);
#3129 = EDGE_CURVE('',#3122,#757,#3130,.T.);
#3130 = LINE('',#3131,#3132);
#3131 = CARTESIAN_POINT('',(0.32,-17.46,-3.));
#3132 = VECTOR('',#3133,1.);
#3133 = DIRECTION('',(0.,0.,1.));
#3134 = ORIENTED_EDGE('',*,*,#764,.F.);
#3135 = PLANE('',#3136);
#3136 = AXIS2_PLACEMENT_3D('',#3137,#3138,#3139);
#3137 = CARTESIAN_POINT('',(0.32,-18.1,-3.));
#3138 = DIRECTION('',(1.,0.,0.));
#3139 = DIRECTION('',(0.,0.,1.));
#3140 = ADVANCED_FACE('',(#3141),#3159,.T.);
#3141 = FACE_BOUND('',#3142,.T.);
#3142 = EDGE_LOOP('',(#3143,#3144,#3152,#3158));
#3143 = ORIENTED_EDGE('',*,*,#3129,.F.);
#3144 = ORIENTED_EDGE('',*,*,#3145,.F.);
#3145 = EDGE_CURVE('',#3146,#3122,#3148,.T.);
#3146 = VERTEX_POINT('',#3147);
#3147 = CARTESIAN_POINT('',(-0.32,-17.46,-2.84));
#3148 = LINE('',#3149,#3150);
#3149 = CARTESIAN_POINT('',(-0.32,-17.46,-2.84));
#3150 = VECTOR('',#3151,1.);
#3151 = DIRECTION('',(1.,0.,0.));
#3152 = ORIENTED_EDGE('',*,*,#3153,.T.);
#3153 = EDGE_CURVE('',#3146,#749,#3154,.T.);
#3154 = LINE('',#3155,#3156);
#3155 = CARTESIAN_POINT('',(-0.32,-17.46,-3.));
#3156 = VECTOR('',#3157,1.);
#3157 = DIRECTION('',(0.,0.,1.));
#3158 = ORIENTED_EDGE('',*,*,#756,.F.);
#3159 = PLANE('',#3160);
#3160 = AXIS2_PLACEMENT_3D('',#3161,#3162,#3163);
#3161 = CARTESIAN_POINT('',(-0.32,-17.46,-3.));
#3162 = DIRECTION('',(0.,1.,0.));
#3163 = DIRECTION('',(0.,-0.,1.));
#3164 = ADVANCED_FACE('',(#3165),#3176,.F.);
#3165 = FACE_BOUND('',#3166,.F.);
#3166 = EDGE_LOOP('',(#3167,#3168,#3174,#3175));
#3167 = ORIENTED_EDGE('',*,*,#3105,.F.);
#3168 = ORIENTED_EDGE('',*,*,#3169,.T.);
#3169 = EDGE_CURVE('',#3098,#3146,#3170,.T.);
#3170 = LINE('',#3171,#3172);
#3171 = CARTESIAN_POINT('',(-0.32,-18.1,-2.84));
#3172 = VECTOR('',#3173,1.);
#3173 = DIRECTION('',(0.,1.,0.));
#3174 = ORIENTED_EDGE('',*,*,#3153,.T.);
#3175 = ORIENTED_EDGE('',*,*,#748,.F.);
#3176 = PLANE('',#3177);
#3177 = AXIS2_PLACEMENT_3D('',#3178,#3179,#3180);
#3178 = CARTESIAN_POINT('',(-0.32,-18.1,-3.));
#3179 = DIRECTION('',(1.,0.,0.));
#3180 = DIRECTION('',(0.,0.,1.));
#3181 = ADVANCED_FACE('',(#3182),#3207,.T.);
#3182 = FACE_BOUND('',#3183,.T.);
#3183 = EDGE_LOOP('',(#3184,#3192,#3200,#3206));
#3184 = ORIENTED_EDGE('',*,*,#3185,.F.);
#3185 = EDGE_CURVE('',#3186,#773,#3188,.T.);
#3186 = VERTEX_POINT('',#3187);
#3187 = CARTESIAN_POINT('',(0.32,-15.56,-2.84));
#3188 = LINE('',#3189,#3190);
#3189 = CARTESIAN_POINT('',(0.32,-15.56,-3.));
#3190 = VECTOR('',#3191,1.);
#3191 = DIRECTION('',(0.,0.,1.));
#3192 = ORIENTED_EDGE('',*,*,#3193,.T.);
#3193 = EDGE_CURVE('',#3186,#3194,#3196,.T.);
#3194 = VERTEX_POINT('',#3195);
#3195 = CARTESIAN_POINT('',(0.32,-14.92,-2.84));
#3196 = LINE('',#3197,#3198);
#3197 = CARTESIAN_POINT('',(0.32,-15.56,-2.84));
#3198 = VECTOR('',#3199,1.);
#3199 = DIRECTION('',(0.,1.,0.));
#3200 = ORIENTED_EDGE('',*,*,#3201,.T.);
#3201 = EDGE_CURVE('',#3194,#775,#3202,.T.);
#3202 = LINE('',#3203,#3204);
#3203 = CARTESIAN_POINT('',(0.32,-14.92,-3.));
#3204 = VECTOR('',#3205,1.);
#3205 = DIRECTION('',(0.,0.,1.));
#3206 = ORIENTED_EDGE('',*,*,#772,.F.);
#3207 = PLANE('',#3208);
#3208 = AXIS2_PLACEMENT_3D('',#3209,#3210,#3211);
#3209 = CARTESIAN_POINT('',(0.32,-15.56,-3.));
#3210 = DIRECTION('',(1.,0.,0.));
#3211 = DIRECTION('',(0.,0.,1.));
#3212 = ADVANCED_FACE('',(#3213),#3231,.T.);
#3213 = FACE_BOUND('',#3214,.T.);
#3214 = EDGE_LOOP('',(#3215,#3216,#3224,#3230));
#3215 = ORIENTED_EDGE('',*,*,#3201,.F.);
#3216 = ORIENTED_EDGE('',*,*,#3217,.F.);
#3217 = EDGE_CURVE('',#3218,#3194,#3220,.T.);
#3218 = VERTEX_POINT('',#3219);
#3219 = CARTESIAN_POINT('',(-0.32,-14.92,-2.84));
#3220 = LINE('',#3221,#3222);
#3221 = CARTESIAN_POINT('',(-0.32,-14.92,-2.84));
#3222 = VECTOR('',#3223,1.);
#3223 = DIRECTION('',(1.,0.,0.));
#3224 = ORIENTED_EDGE('',*,*,#3225,.T.);
#3225 = EDGE_CURVE('',#3218,#791,#3226,.T.);
#3226 = LINE('',#3227,#3228);
#3227 = CARTESIAN_POINT('',(-0.32,-14.92,-3.));
#3228 = VECTOR('',#3229,1.);
#3229 = DIRECTION('',(0.,0.,1.));
#3230 = ORIENTED_EDGE('',*,*,#798,.F.);
#3231 = PLANE('',#3232);
#3232 = AXIS2_PLACEMENT_3D('',#3233,#3234,#3235);
#3233 = CARTESIAN_POINT('',(-0.32,-14.92,-3.));
#3234 = DIRECTION('',(0.,1.,0.));
#3235 = DIRECTION('',(0.,-0.,1.));
#3236 = ADVANCED_FACE('',(#3237),#3255,.F.);
#3237 = FACE_BOUND('',#3238,.F.);
#3238 = EDGE_LOOP('',(#3239,#3247,#3253,#3254));
#3239 = ORIENTED_EDGE('',*,*,#3240,.F.);
#3240 = EDGE_CURVE('',#3241,#783,#3243,.T.);
#3241 = VERTEX_POINT('',#3242);
#3242 = CARTESIAN_POINT('',(-0.32,-15.56,-2.84));
#3243 = LINE('',#3244,#3245);
#3244 = CARTESIAN_POINT('',(-0.32,-15.56,-3.));
#3245 = VECTOR('',#3246,1.);
#3246 = DIRECTION('',(0.,0.,1.));
#3247 = ORIENTED_EDGE('',*,*,#3248,.T.);
#3248 = EDGE_CURVE('',#3241,#3218,#3249,.T.);
#3249 = LINE('',#3250,#3251);
#3250 = CARTESIAN_POINT('',(-0.32,-15.56,-2.84));
#3251 = VECTOR('',#3252,1.);
#3252 = DIRECTION('',(0.,1.,0.));
#3253 = ORIENTED_EDGE('',*,*,#3225,.T.);
#3254 = ORIENTED_EDGE('',*,*,#790,.F.);
#3255 = PLANE('',#3256);
#3256 = AXIS2_PLACEMENT_3D('',#3257,#3258,#3259);
#3257 = CARTESIAN_POINT('',(-0.32,-15.56,-3.));
#3258 = DIRECTION('',(1.,0.,0.));
#3259 = DIRECTION('',(0.,0.,1.));
#3260 = ADVANCED_FACE('',(#3261),#3272,.F.);
#3261 = FACE_BOUND('',#3262,.F.);
#3262 = EDGE_LOOP('',(#3263,#3264,#3270,#3271));
#3263 = ORIENTED_EDGE('',*,*,#3185,.F.);
#3264 = ORIENTED_EDGE('',*,*,#3265,.F.);
#3265 = EDGE_CURVE('',#3241,#3186,#3266,.T.);
#3266 = LINE('',#3267,#3268);
#3267 = CARTESIAN_POINT('',(-0.32,-15.56,-2.84));
#3268 = VECTOR('',#3269,1.);
#3269 = DIRECTION('',(1.,0.,0.));
#3270 = ORIENTED_EDGE('',*,*,#3240,.T.);
#3271 = ORIENTED_EDGE('',*,*,#782,.F.);
#3272 = PLANE('',#3273);
#3273 = AXIS2_PLACEMENT_3D('',#3274,#3275,#3276);
#3274 = CARTESIAN_POINT('',(-0.32,-15.56,-3.));
#3275 = DIRECTION('',(0.,1.,0.));
#3276 = DIRECTION('',(0.,-0.,1.));
#3277 = ADVANCED_FACE('',(#3278),#3303,.T.);
#3278 = FACE_BOUND('',#3279,.T.);
#3279 = EDGE_LOOP('',(#3280,#3288,#3296,#3302));
#3280 = ORIENTED_EDGE('',*,*,#3281,.F.);
#3281 = EDGE_CURVE('',#3282,#807,#3284,.T.);
#3282 = VERTEX_POINT('',#3283);
#3283 = CARTESIAN_POINT('',(0.32,-23.18,-2.84));
#3284 = LINE('',#3285,#3286);
#3285 = CARTESIAN_POINT('',(0.32,-23.18,-3.));
#3286 = VECTOR('',#3287,1.);
#3287 = DIRECTION('',(0.,0.,1.));
#3288 = ORIENTED_EDGE('',*,*,#3289,.T.);
#3289 = EDGE_CURVE('',#3282,#3290,#3292,.T.);
#3290 = VERTEX_POINT('',#3291);
#3291 = CARTESIAN_POINT('',(0.32,-22.54,-2.84));
#3292 = LINE('',#3293,#3294);
#3293 = CARTESIAN_POINT('',(0.32,-23.18,-2.84));
#3294 = VECTOR('',#3295,1.);
#3295 = DIRECTION('',(0.,1.,0.));
#3296 = ORIENTED_EDGE('',*,*,#3297,.T.);
#3297 = EDGE_CURVE('',#3290,#809,#3298,.T.);
#3298 = LINE('',#3299,#3300);
#3299 = CARTESIAN_POINT('',(0.32,-22.54,-3.));
#3300 = VECTOR('',#3301,1.);
#3301 = DIRECTION('',(0.,0.,1.));
#3302 = ORIENTED_EDGE('',*,*,#806,.F.);
#3303 = PLANE('',#3304);
#3304 = AXIS2_PLACEMENT_3D('',#3305,#3306,#3307);
#3305 = CARTESIAN_POINT('',(0.32,-23.18,-3.));
#3306 = DIRECTION('',(1.,0.,0.));
#3307 = DIRECTION('',(0.,0.,1.));
#3308 = ADVANCED_FACE('',(#3309),#3327,.T.);
#3309 = FACE_BOUND('',#3310,.T.);
#3310 = EDGE_LOOP('',(#3311,#3312,#3320,#3326));
#3311 = ORIENTED_EDGE('',*,*,#3297,.F.);
#3312 = ORIENTED_EDGE('',*,*,#3313,.F.);
#3313 = EDGE_CURVE('',#3314,#3290,#3316,.T.);
#3314 = VERTEX_POINT('',#3315);
#3315 = CARTESIAN_POINT('',(-0.32,-22.54,-2.84));
#3316 = LINE('',#3317,#3318);
#3317 = CARTESIAN_POINT('',(-0.32,-22.54,-2.84));
#3318 = VECTOR('',#3319,1.);
#3319 = DIRECTION('',(1.,0.,0.));
#3320 = ORIENTED_EDGE('',*,*,#3321,.T.);
#3321 = EDGE_CURVE('',#3314,#825,#3322,.T.);
#3322 = LINE('',#3323,#3324);
#3323 = CARTESIAN_POINT('',(-0.32,-22.54,-3.));
#3324 = VECTOR('',#3325,1.);
#3325 = DIRECTION('',(0.,0.,1.));
#3326 = ORIENTED_EDGE('',*,*,#832,.F.);
#3327 = PLANE('',#3328);
#3328 = AXIS2_PLACEMENT_3D('',#3329,#3330,#3331);
#3329 = CARTESIAN_POINT('',(-0.32,-22.54,-3.));
#3330 = DIRECTION('',(0.,1.,0.));
#3331 = DIRECTION('',(0.,-0.,1.));
#3332 = ADVANCED_FACE('',(#3333),#3351,.F.);
#3333 = FACE_BOUND('',#3334,.F.);
#3334 = EDGE_LOOP('',(#3335,#3343,#3349,#3350));
#3335 = ORIENTED_EDGE('',*,*,#3336,.F.);
#3336 = EDGE_CURVE('',#3337,#817,#3339,.T.);
#3337 = VERTEX_POINT('',#3338);
#3338 = CARTESIAN_POINT('',(-0.32,-23.18,-2.84));
#3339 = LINE('',#3340,#3341);
#3340 = CARTESIAN_POINT('',(-0.32,-23.18,-3.));
#3341 = VECTOR('',#3342,1.);
#3342 = DIRECTION('',(0.,0.,1.));
#3343 = ORIENTED_EDGE('',*,*,#3344,.T.);
#3344 = EDGE_CURVE('',#3337,#3314,#3345,.T.);
#3345 = LINE('',#3346,#3347);
#3346 = CARTESIAN_POINT('',(-0.32,-23.18,-2.84));
#3347 = VECTOR('',#3348,1.);
#3348 = DIRECTION('',(0.,1.,0.));
#3349 = ORIENTED_EDGE('',*,*,#3321,.T.);
#3350 = ORIENTED_EDGE('',*,*,#824,.F.);
#3351 = PLANE('',#3352);
#3352 = AXIS2_PLACEMENT_3D('',#3353,#3354,#3355);
#3353 = CARTESIAN_POINT('',(-0.32,-23.18,-3.));
#3354 = DIRECTION('',(1.,0.,0.));
#3355 = DIRECTION('',(0.,0.,1.));
#3356 = ADVANCED_FACE('',(#3357),#3368,.F.);
#3357 = FACE_BOUND('',#3358,.F.);
#3358 = EDGE_LOOP('',(#3359,#3360,#3366,#3367));
#3359 = ORIENTED_EDGE('',*,*,#3281,.F.);
#3360 = ORIENTED_EDGE('',*,*,#3361,.F.);
#3361 = EDGE_CURVE('',#3337,#3282,#3362,.T.);
#3362 = LINE('',#3363,#3364);
#3363 = CARTESIAN_POINT('',(-0.32,-23.18,-2.84));
#3364 = VECTOR('',#3365,1.);
#3365 = DIRECTION('',(1.,0.,0.));
#3366 = ORIENTED_EDGE('',*,*,#3336,.T.);
#3367 = ORIENTED_EDGE('',*,*,#816,.F.);
#3368 = PLANE('',#3369);
#3369 = AXIS2_PLACEMENT_3D('',#3370,#3371,#3372);
#3370 = CARTESIAN_POINT('',(-0.32,-23.18,-3.));
#3371 = DIRECTION('',(0.,1.,0.));
#3372 = DIRECTION('',(0.,-0.,1.));
#3373 = ADVANCED_FACE('',(#3374),#3399,.F.);
#3374 = FACE_BOUND('',#3375,.F.);
#3375 = EDGE_LOOP('',(#3376,#3384,#3392,#3398));
#3376 = ORIENTED_EDGE('',*,*,#3377,.F.);
#3377 = EDGE_CURVE('',#3378,#841,#3380,.T.);
#3378 = VERTEX_POINT('',#3379);
#3379 = CARTESIAN_POINT('',(0.32,-20.64,-2.84));
#3380 = LINE('',#3381,#3382);
#3381 = CARTESIAN_POINT('',(0.32,-20.64,-3.));
#3382 = VECTOR('',#3383,1.);
#3383 = DIRECTION('',(0.,0.,1.));
#3384 = ORIENTED_EDGE('',*,*,#3385,.F.);
#3385 = EDGE_CURVE('',#3386,#3378,#3388,.T.);
#3386 = VERTEX_POINT('',#3387);
#3387 = CARTESIAN_POINT('',(-0.32,-20.64,-2.84));
#3388 = LINE('',#3389,#3390);
#3389 = CARTESIAN_POINT('',(-0.32,-20.64,-2.84));
#3390 = VECTOR('',#3391,1.);
#3391 = DIRECTION('',(1.,0.,0.));
#3392 = ORIENTED_EDGE('',*,*,#3393,.T.);
#3393 = EDGE_CURVE('',#3386,#843,#3394,.T.);
#3394 = LINE('',#3395,#3396);
#3395 = CARTESIAN_POINT('',(-0.32,-20.64,-3.));
#3396 = VECTOR('',#3397,1.);
#3397 = DIRECTION('',(0.,0.,1.));
#3398 = ORIENTED_EDGE('',*,*,#840,.F.);
#3399 = PLANE('',#3400);
#3400 = AXIS2_PLACEMENT_3D('',#3401,#3402,#3403);
#3401 = CARTESIAN_POINT('',(-0.32,-20.64,-3.));
#3402 = DIRECTION('',(0.,1.,0.));
#3403 = DIRECTION('',(0.,-0.,1.));
#3404 = ADVANCED_FACE('',(#3405),#3423,.T.);
#3405 = FACE_BOUND('',#3406,.T.);
#3406 = EDGE_LOOP('',(#3407,#3408,#3416,#3422));
#3407 = ORIENTED_EDGE('',*,*,#3377,.F.);
#3408 = ORIENTED_EDGE('',*,*,#3409,.T.);
#3409 = EDGE_CURVE('',#3378,#3410,#3412,.T.);
#3410 = VERTEX_POINT('',#3411);
#3411 = CARTESIAN_POINT('',(0.32,-20.,-2.84));
#3412 = LINE('',#3413,#3414);
#3413 = CARTESIAN_POINT('',(0.32,-20.64,-2.84));
#3414 = VECTOR('',#3415,1.);
#3415 = DIRECTION('',(0.,1.,0.));
#3416 = ORIENTED_EDGE('',*,*,#3417,.T.);
#3417 = EDGE_CURVE('',#3410,#859,#3418,.T.);
#3418 = LINE('',#3419,#3420);
#3419 = CARTESIAN_POINT('',(0.32,-20.,-3.));
#3420 = VECTOR('',#3421,1.);
#3421 = DIRECTION('',(0.,0.,1.));
#3422 = ORIENTED_EDGE('',*,*,#866,.F.);
#3423 = PLANE('',#3424);
#3424 = AXIS2_PLACEMENT_3D('',#3425,#3426,#3427);
#3425 = CARTESIAN_POINT('',(0.32,-20.64,-3.));
#3426 = DIRECTION('',(1.,0.,0.));
#3427 = DIRECTION('',(0.,0.,1.));
#3428 = ADVANCED_FACE('',(#3429),#3447,.T.);
#3429 = FACE_BOUND('',#3430,.T.);
#3430 = EDGE_LOOP('',(#3431,#3432,#3440,#3446));
#3431 = ORIENTED_EDGE('',*,*,#3417,.F.);
#3432 = ORIENTED_EDGE('',*,*,#3433,.F.);
#3433 = EDGE_CURVE('',#3434,#3410,#3436,.T.);
#3434 = VERTEX_POINT('',#3435);
#3435 = CARTESIAN_POINT('',(-0.32,-20.,-2.84));
#3436 = LINE('',#3437,#3438);
#3437 = CARTESIAN_POINT('',(-0.32,-20.,-2.84));
#3438 = VECTOR('',#3439,1.);
#3439 = DIRECTION('',(1.,0.,0.));
#3440 = ORIENTED_EDGE('',*,*,#3441,.T.);
#3441 = EDGE_CURVE('',#3434,#851,#3442,.T.);
#3442 = LINE('',#3443,#3444);
#3443 = CARTESIAN_POINT('',(-0.32,-20.,-3.));
#3444 = VECTOR('',#3445,1.);
#3445 = DIRECTION('',(0.,0.,1.));
#3446 = ORIENTED_EDGE('',*,*,#858,.F.);
#3447 = PLANE('',#3448);
#3448 = AXIS2_PLACEMENT_3D('',#3449,#3450,#3451);
#3449 = CARTESIAN_POINT('',(-0.32,-20.,-3.));
#3450 = DIRECTION('',(0.,1.,0.));
#3451 = DIRECTION('',(0.,-0.,1.));
#3452 = ADVANCED_FACE('',(#3453),#3464,.F.);
#3453 = FACE_BOUND('',#3454,.F.);
#3454 = EDGE_LOOP('',(#3455,#3456,#3462,#3463));
#3455 = ORIENTED_EDGE('',*,*,#3393,.F.);
#3456 = ORIENTED_EDGE('',*,*,#3457,.T.);
#3457 = EDGE_CURVE('',#3386,#3434,#3458,.T.);
#3458 = LINE('',#3459,#3460);
#3459 = CARTESIAN_POINT('',(-0.32,-20.64,-2.84));
#3460 = VECTOR('',#3461,1.);
#3461 = DIRECTION('',(0.,1.,0.));
#3462 = ORIENTED_EDGE('',*,*,#3441,.T.);
#3463 = ORIENTED_EDGE('',*,*,#850,.F.);
#3464 = PLANE('',#3465);
#3465 = AXIS2_PLACEMENT_3D('',#3466,#3467,#3468);
#3466 = CARTESIAN_POINT('',(-0.32,-20.64,-3.));
#3467 = DIRECTION('',(1.,0.,0.));
#3468 = DIRECTION('',(0.,0.,1.));
#3469 = ADVANCED_FACE('',(#3470),#3495,.F.);
#3470 = FACE_BOUND('',#3471,.F.);
#3471 = EDGE_LOOP('',(#3472,#3480,#3488,#3494));
#3472 = ORIENTED_EDGE('',*,*,#3473,.F.);
#3473 = EDGE_CURVE('',#3474,#875,#3476,.T.);
#3474 = VERTEX_POINT('',#3475);
#3475 = CARTESIAN_POINT('',(0.32,-0.32,-2.84));
#3476 = LINE('',#3477,#3478);
#3477 = CARTESIAN_POINT('',(0.32,-0.32,-3.));
#3478 = VECTOR('',#3479,1.);
#3479 = DIRECTION('',(0.,0.,1.));
#3480 = ORIENTED_EDGE('',*,*,#3481,.F.);
#3481 = EDGE_CURVE('',#3482,#3474,#3484,.T.);
#3482 = VERTEX_POINT('',#3483);
#3483 = CARTESIAN_POINT('',(-0.32,-0.32,-2.84));
#3484 = LINE('',#3485,#3486);
#3485 = CARTESIAN_POINT('',(-0.32,-0.32,-2.84));
#3486 = VECTOR('',#3487,1.);
#3487 = DIRECTION('',(1.,0.,0.));
#3488 = ORIENTED_EDGE('',*,*,#3489,.T.);
#3489 = EDGE_CURVE('',#3482,#877,#3490,.T.);
#3490 = LINE('',#3491,#3492);
#3491 = CARTESIAN_POINT('',(-0.32,-0.32,-3.));
#3492 = VECTOR('',#3493,1.);
#3493 = DIRECTION('',(0.,0.,1.));
#3494 = ORIENTED_EDGE('',*,*,#874,.F.);
#3495 = PLANE('',#3496);
#3496 = AXIS2_PLACEMENT_3D('',#3497,#3498,#3499);
#3497 = CARTESIAN_POINT('',(-0.32,-0.32,-3.));
#3498 = DIRECTION('',(0.,1.,0.));
#3499 = DIRECTION('',(0.,-0.,1.));
#3500 = ADVANCED_FACE('',(#3501),#3519,.T.);
#3501 = FACE_BOUND('',#3502,.T.);
#3502 = EDGE_LOOP('',(#3503,#3504,#3512,#3518));
#3503 = ORIENTED_EDGE('',*,*,#3473,.F.);
#3504 = ORIENTED_EDGE('',*,*,#3505,.T.);
#3505 = EDGE_CURVE('',#3474,#3506,#3508,.T.);
#3506 = VERTEX_POINT('',#3507);
#3507 = CARTESIAN_POINT('',(0.32,0.32,-2.84));
#3508 = LINE('',#3509,#3510);
#3509 = CARTESIAN_POINT('',(0.32,-0.32,-2.84));
#3510 = VECTOR('',#3511,1.);
#3511 = DIRECTION('',(0.,1.,0.));
#3512 = ORIENTED_EDGE('',*,*,#3513,.T.);
#3513 = EDGE_CURVE('',#3506,#893,#3514,.T.);
#3514 = LINE('',#3515,#3516);
#3515 = CARTESIAN_POINT('',(0.32,0.32,-3.));
#3516 = VECTOR('',#3517,1.);
#3517 = DIRECTION('',(0.,0.,1.));
#3518 = ORIENTED_EDGE('',*,*,#900,.F.);
#3519 = PLANE('',#3520);
#3520 = AXIS2_PLACEMENT_3D('',#3521,#3522,#3523);
#3521 = CARTESIAN_POINT('',(0.32,-0.32,-3.));
#3522 = DIRECTION('',(1.,0.,0.));
#3523 = DIRECTION('',(0.,0.,1.));
#3524 = ADVANCED_FACE('',(#3525),#3543,.T.);
#3525 = FACE_BOUND('',#3526,.T.);
#3526 = EDGE_LOOP('',(#3527,#3528,#3536,#3542));
#3527 = ORIENTED_EDGE('',*,*,#3513,.F.);
#3528 = ORIENTED_EDGE('',*,*,#3529,.F.);
#3529 = EDGE_CURVE('',#3530,#3506,#3532,.T.);
#3530 = VERTEX_POINT('',#3531);
#3531 = CARTESIAN_POINT('',(-0.32,0.32,-2.84));
#3532 = LINE('',#3533,#3534);
#3533 = CARTESIAN_POINT('',(-0.32,0.32,-2.84));
#3534 = VECTOR('',#3535,1.);
#3535 = DIRECTION('',(1.,0.,0.));
#3536 = ORIENTED_EDGE('',*,*,#3537,.T.);
#3537 = EDGE_CURVE('',#3530,#885,#3538,.T.);
#3538 = LINE('',#3539,#3540);
#3539 = CARTESIAN_POINT('',(-0.32,0.32,-3.));
#3540 = VECTOR('',#3541,1.);
#3541 = DIRECTION('',(0.,0.,1.));
#3542 = ORIENTED_EDGE('',*,*,#892,.F.);
#3543 = PLANE('',#3544);
#3544 = AXIS2_PLACEMENT_3D('',#3545,#3546,#3547);
#3545 = CARTESIAN_POINT('',(-0.32,0.32,-3.));
#3546 = DIRECTION('',(0.,1.,0.));
#3547 = DIRECTION('',(0.,-0.,1.));
#3548 = ADVANCED_FACE('',(#3549),#3560,.F.);
#3549 = FACE_BOUND('',#3550,.F.);
#3550 = EDGE_LOOP('',(#3551,#3552,#3558,#3559));
#3551 = ORIENTED_EDGE('',*,*,#3489,.F.);
#3552 = ORIENTED_EDGE('',*,*,#3553,.T.);
#3553 = EDGE_CURVE('',#3482,#3530,#3554,.T.);
#3554 = LINE('',#3555,#3556);
#3555 = CARTESIAN_POINT('',(-0.32,-0.32,-2.84));
#3556 = VECTOR('',#3557,1.);
#3557 = DIRECTION('',(0.,1.,0.));
#3558 = ORIENTED_EDGE('',*,*,#3537,.T.);
#3559 = ORIENTED_EDGE('',*,*,#884,.F.);
#3560 = PLANE('',#3561);
#3561 = AXIS2_PLACEMENT_3D('',#3562,#3563,#3564);
#3562 = CARTESIAN_POINT('',(-0.32,-0.32,-3.));
#3563 = DIRECTION('',(1.,0.,0.));
#3564 = DIRECTION('',(0.,0.,1.));
#3565 = ADVANCED_FACE('',(#3566),#3591,.T.);
#3566 = FACE_BOUND('',#3567,.T.);
#3567 = EDGE_LOOP('',(#3568,#3576,#3584,#3590));
#3568 = ORIENTED_EDGE('',*,*,#3569,.F.);
#3569 = EDGE_CURVE('',#3570,#909,#3572,.T.);
#3570 = VERTEX_POINT('',#3571);
#3571 = CARTESIAN_POINT('',(0.32,-2.86,-2.84));
#3572 = LINE('',#3573,#3574);
#3573 = CARTESIAN_POINT('',(0.32,-2.86,-3.));
#3574 = VECTOR('',#3575,1.);
#3575 = DIRECTION('',(0.,0.,1.));
#3576 = ORIENTED_EDGE('',*,*,#3577,.T.);
#3577 = EDGE_CURVE('',#3570,#3578,#3580,.T.);
#3578 = VERTEX_POINT('',#3579);
#3579 = CARTESIAN_POINT('',(0.32,-2.22,-2.84));
#3580 = LINE('',#3581,#3582);
#3581 = CARTESIAN_POINT('',(0.32,-2.86,-2.84));
#3582 = VECTOR('',#3583,1.);
#3583 = DIRECTION('',(0.,1.,0.));
#3584 = ORIENTED_EDGE('',*,*,#3585,.T.);
#3585 = EDGE_CURVE('',#3578,#911,#3586,.T.);
#3586 = LINE('',#3587,#3588);
#3587 = CARTESIAN_POINT('',(0.32,-2.22,-3.));
#3588 = VECTOR('',#3589,1.);
#3589 = DIRECTION('',(0.,0.,1.));
#3590 = ORIENTED_EDGE('',*,*,#908,.F.);
#3591 = PLANE('',#3592);
#3592 = AXIS2_PLACEMENT_3D('',#3593,#3594,#3595);
#3593 = CARTESIAN_POINT('',(0.32,-2.86,-3.));
#3594 = DIRECTION('',(1.,0.,0.));
#3595 = DIRECTION('',(0.,0.,1.));
#3596 = ADVANCED_FACE('',(#3597),#3615,.T.);
#3597 = FACE_BOUND('',#3598,.T.);
#3598 = EDGE_LOOP('',(#3599,#3600,#3608,#3614));
#3599 = ORIENTED_EDGE('',*,*,#3585,.F.);
#3600 = ORIENTED_EDGE('',*,*,#3601,.F.);
#3601 = EDGE_CURVE('',#3602,#3578,#3604,.T.);
#3602 = VERTEX_POINT('',#3603);
#3603 = CARTESIAN_POINT('',(-0.32,-2.22,-2.84));
#3604 = LINE('',#3605,#3606);
#3605 = CARTESIAN_POINT('',(-0.32,-2.22,-2.84));
#3606 = VECTOR('',#3607,1.);
#3607 = DIRECTION('',(1.,0.,0.));
#3608 = ORIENTED_EDGE('',*,*,#3609,.T.);
#3609 = EDGE_CURVE('',#3602,#927,#3610,.T.);
#3610 = LINE('',#3611,#3612);
#3611 = CARTESIAN_POINT('',(-0.32,-2.22,-3.));
#3612 = VECTOR('',#3613,1.);
#3613 = DIRECTION('',(0.,0.,1.));
#3614 = ORIENTED_EDGE('',*,*,#934,.F.);
#3615 = PLANE('',#3616);
#3616 = AXIS2_PLACEMENT_3D('',#3617,#3618,#3619);
#3617 = CARTESIAN_POINT('',(-0.32,-2.22,-3.));
#3618 = DIRECTION('',(0.,1.,0.));
#3619 = DIRECTION('',(0.,-0.,1.));
#3620 = ADVANCED_FACE('',(#3621),#3639,.F.);
#3621 = FACE_BOUND('',#3622,.F.);
#3622 = EDGE_LOOP('',(#3623,#3631,#3637,#3638));
#3623 = ORIENTED_EDGE('',*,*,#3624,.F.);
#3624 = EDGE_CURVE('',#3625,#919,#3627,.T.);
#3625 = VERTEX_POINT('',#3626);
#3626 = CARTESIAN_POINT('',(-0.32,-2.86,-2.84));
#3627 = LINE('',#3628,#3629);
#3628 = CARTESIAN_POINT('',(-0.32,-2.86,-3.));
#3629 = VECTOR('',#3630,1.);
#3630 = DIRECTION('',(0.,0.,1.));
#3631 = ORIENTED_EDGE('',*,*,#3632,.T.);
#3632 = EDGE_CURVE('',#3625,#3602,#3633,.T.);
#3633 = LINE('',#3634,#3635);
#3634 = CARTESIAN_POINT('',(-0.32,-2.86,-2.84));
#3635 = VECTOR('',#3636,1.);
#3636 = DIRECTION('',(0.,1.,0.));
#3637 = ORIENTED_EDGE('',*,*,#3609,.T.);
#3638 = ORIENTED_EDGE('',*,*,#926,.F.);
#3639 = PLANE('',#3640);
#3640 = AXIS2_PLACEMENT_3D('',#3641,#3642,#3643);
#3641 = CARTESIAN_POINT('',(-0.32,-2.86,-3.));
#3642 = DIRECTION('',(1.,0.,0.));
#3643 = DIRECTION('',(0.,0.,1.));
#3644 = ADVANCED_FACE('',(#3645),#3656,.F.);
#3645 = FACE_BOUND('',#3646,.F.);
#3646 = EDGE_LOOP('',(#3647,#3648,#3654,#3655));
#3647 = ORIENTED_EDGE('',*,*,#3569,.F.);
#3648 = ORIENTED_EDGE('',*,*,#3649,.F.);
#3649 = EDGE_CURVE('',#3625,#3570,#3650,.T.);
#3650 = LINE('',#3651,#3652);
#3651 = CARTESIAN_POINT('',(-0.32,-2.86,-2.84));
#3652 = VECTOR('',#3653,1.);
#3653 = DIRECTION('',(1.,0.,0.));
#3654 = ORIENTED_EDGE('',*,*,#3624,.T.);
#3655 = ORIENTED_EDGE('',*,*,#918,.F.);
#3656 = PLANE('',#3657);
#3657 = AXIS2_PLACEMENT_3D('',#3658,#3659,#3660);
#3658 = CARTESIAN_POINT('',(-0.32,-2.86,-3.));
#3659 = DIRECTION('',(0.,1.,0.));
#3660 = DIRECTION('',(0.,-0.,1.));
#3661 = ADVANCED_FACE('',(#3662),#3687,.T.);
#3662 = FACE_BOUND('',#3663,.T.);
#3663 = EDGE_LOOP('',(#3664,#3672,#3680,#3686));
#3664 = ORIENTED_EDGE('',*,*,#3665,.F.);
#3665 = EDGE_CURVE('',#3666,#943,#3668,.T.);
#3666 = VERTEX_POINT('',#3667);
#3667 = CARTESIAN_POINT('',(0.32,-5.4,-2.84));
#3668 = LINE('',#3669,#3670);
#3669 = CARTESIAN_POINT('',(0.32,-5.4,-3.));
#3670 = VECTOR('',#3671,1.);
#3671 = DIRECTION('',(0.,0.,1.));
#3672 = ORIENTED_EDGE('',*,*,#3673,.T.);
#3673 = EDGE_CURVE('',#3666,#3674,#3676,.T.);
#3674 = VERTEX_POINT('',#3675);
#3675 = CARTESIAN_POINT('',(0.32,-4.76,-2.84));
#3676 = LINE('',#3677,#3678);
#3677 = CARTESIAN_POINT('',(0.32,-5.4,-2.84));
#3678 = VECTOR('',#3679,1.);
#3679 = DIRECTION('',(0.,1.,0.));
#3680 = ORIENTED_EDGE('',*,*,#3681,.T.);
#3681 = EDGE_CURVE('',#3674,#945,#3682,.T.);
#3682 = LINE('',#3683,#3684);
#3683 = CARTESIAN_POINT('',(0.32,-4.76,-3.));
#3684 = VECTOR('',#3685,1.);
#3685 = DIRECTION('',(0.,0.,1.));
#3686 = ORIENTED_EDGE('',*,*,#942,.F.);
#3687 = PLANE('',#3688);
#3688 = AXIS2_PLACEMENT_3D('',#3689,#3690,#3691);
#3689 = CARTESIAN_POINT('',(0.32,-5.4,-3.));
#3690 = DIRECTION('',(1.,0.,0.));
#3691 = DIRECTION('',(0.,0.,1.));
#3692 = ADVANCED_FACE('',(#3693),#3711,.T.);
#3693 = FACE_BOUND('',#3694,.T.);
#3694 = EDGE_LOOP('',(#3695,#3696,#3704,#3710));
#3695 = ORIENTED_EDGE('',*,*,#3681,.F.);
#3696 = ORIENTED_EDGE('',*,*,#3697,.F.);
#3697 = EDGE_CURVE('',#3698,#3674,#3700,.T.);
#3698 = VERTEX_POINT('',#3699);
#3699 = CARTESIAN_POINT('',(-0.32,-4.76,-2.84));
#3700 = LINE('',#3701,#3702);
#3701 = CARTESIAN_POINT('',(-0.32,-4.76,-2.84));
#3702 = VECTOR('',#3703,1.);
#3703 = DIRECTION('',(1.,0.,0.));
#3704 = ORIENTED_EDGE('',*,*,#3705,.T.);
#3705 = EDGE_CURVE('',#3698,#961,#3706,.T.);
#3706 = LINE('',#3707,#3708);
#3707 = CARTESIAN_POINT('',(-0.32,-4.76,-3.));
#3708 = VECTOR('',#3709,1.);
#3709 = DIRECTION('',(0.,0.,1.));
#3710 = ORIENTED_EDGE('',*,*,#968,.F.);
#3711 = PLANE('',#3712);
#3712 = AXIS2_PLACEMENT_3D('',#3713,#3714,#3715);
#3713 = CARTESIAN_POINT('',(-0.32,-4.76,-3.));
#3714 = DIRECTION('',(0.,1.,0.));
#3715 = DIRECTION('',(0.,-0.,1.));
#3716 = ADVANCED_FACE('',(#3717),#3735,.F.);
#3717 = FACE_BOUND('',#3718,.F.);
#3718 = EDGE_LOOP('',(#3719,#3727,#3733,#3734));
#3719 = ORIENTED_EDGE('',*,*,#3720,.F.);
#3720 = EDGE_CURVE('',#3721,#953,#3723,.T.);
#3721 = VERTEX_POINT('',#3722);
#3722 = CARTESIAN_POINT('',(-0.32,-5.4,-2.84));
#3723 = LINE('',#3724,#3725);
#3724 = CARTESIAN_POINT('',(-0.32,-5.4,-3.));
#3725 = VECTOR('',#3726,1.);
#3726 = DIRECTION('',(0.,0.,1.));
#3727 = ORIENTED_EDGE('',*,*,#3728,.T.);
#3728 = EDGE_CURVE('',#3721,#3698,#3729,.T.);
#3729 = LINE('',#3730,#3731);
#3730 = CARTESIAN_POINT('',(-0.32,-5.4,-2.84));
#3731 = VECTOR('',#3732,1.);
#3732 = DIRECTION('',(0.,1.,0.));
#3733 = ORIENTED_EDGE('',*,*,#3705,.T.);
#3734 = ORIENTED_EDGE('',*,*,#960,.F.);
#3735 = PLANE('',#3736);
#3736 = AXIS2_PLACEMENT_3D('',#3737,#3738,#3739);
#3737 = CARTESIAN_POINT('',(-0.32,-5.4,-3.));
#3738 = DIRECTION('',(1.,0.,0.));
#3739 = DIRECTION('',(0.,0.,1.));
#3740 = ADVANCED_FACE('',(#3741),#3752,.F.);
#3741 = FACE_BOUND('',#3742,.F.);
#3742 = EDGE_LOOP('',(#3743,#3744,#3750,#3751));
#3743 = ORIENTED_EDGE('',*,*,#3665,.F.);
#3744 = ORIENTED_EDGE('',*,*,#3745,.F.);
#3745 = EDGE_CURVE('',#3721,#3666,#3746,.T.);
#3746 = LINE('',#3747,#3748);
#3747 = CARTESIAN_POINT('',(-0.32,-5.4,-2.84));
#3748 = VECTOR('',#3749,1.);
#3749 = DIRECTION('',(1.,0.,0.));
#3750 = ORIENTED_EDGE('',*,*,#3720,.T.);
#3751 = ORIENTED_EDGE('',*,*,#952,.F.);
#3752 = PLANE('',#3753);
#3753 = AXIS2_PLACEMENT_3D('',#3754,#3755,#3756);
#3754 = CARTESIAN_POINT('',(-0.32,-5.4,-3.));
#3755 = DIRECTION('',(0.,1.,0.));
#3756 = DIRECTION('',(0.,-0.,1.));
#3757 = ADVANCED_FACE('',(#3758),#3783,.T.);
#3758 = FACE_BOUND('',#3759,.T.);
#3759 = EDGE_LOOP('',(#3760,#3768,#3769,#3777));
#3760 = ORIENTED_EDGE('',*,*,#3761,.F.);
#3761 = EDGE_CURVE('',#1458,#3762,#3764,.T.);
#3762 = VERTEX_POINT('',#3763);
#3763 = CARTESIAN_POINT('',(0.32,-13.02,8.38));
#3764 = LINE('',#3765,#3766);
#3765 = CARTESIAN_POINT('',(0.32,-13.02,-3.));
#3766 = VECTOR('',#3767,1.);
#3767 = DIRECTION('',(0.,0.,1.));
#3768 = ORIENTED_EDGE('',*,*,#1457,.T.);
#3769 = ORIENTED_EDGE('',*,*,#3770,.T.);
#3770 = EDGE_CURVE('',#1460,#3771,#3773,.T.);
#3771 = VERTEX_POINT('',#3772);
#3772 = CARTESIAN_POINT('',(0.32,-12.38,8.38));
#3773 = LINE('',#3774,#3775);
#3774 = CARTESIAN_POINT('',(0.32,-12.38,-3.));
#3775 = VECTOR('',#3776,1.);
#3776 = DIRECTION('',(0.,0.,1.));
#3777 = ORIENTED_EDGE('',*,*,#3778,.F.);
#3778 = EDGE_CURVE('',#3762,#3771,#3779,.T.);
#3779 = LINE('',#3780,#3781);
#3780 = CARTESIAN_POINT('',(0.32,-13.02,8.38));
#3781 = VECTOR('',#3782,1.);
#3782 = DIRECTION('',(0.,1.,0.));
#3783 = PLANE('',#3784);
#3784 = AXIS2_PLACEMENT_3D('',#3785,#3786,#3787);
#3785 = CARTESIAN_POINT('',(0.32,-13.02,-3.));
#3786 = DIRECTION('',(1.,0.,0.));
#3787 = DIRECTION('',(0.,0.,1.));
#3788 = ADVANCED_FACE('',(#3789),#3807,.T.);
#3789 = FACE_BOUND('',#3790,.T.);
#3790 = EDGE_LOOP('',(#3791,#3792,#3793,#3801));
#3791 = ORIENTED_EDGE('',*,*,#3770,.F.);
#3792 = ORIENTED_EDGE('',*,*,#1483,.T.);
#3793 = ORIENTED_EDGE('',*,*,#3794,.T.);
#3794 = EDGE_CURVE('',#1476,#3795,#3797,.T.);
#3795 = VERTEX_POINT('',#3796);
#3796 = CARTESIAN_POINT('',(-0.32,-12.38,8.38));
#3797 = LINE('',#3798,#3799);
#3798 = CARTESIAN_POINT('',(-0.32,-12.38,-3.));
#3799 = VECTOR('',#3800,1.);
#3800 = DIRECTION('',(0.,0.,1.));
#3801 = ORIENTED_EDGE('',*,*,#3802,.T.);
#3802 = EDGE_CURVE('',#3795,#3771,#3803,.T.);
#3803 = LINE('',#3804,#3805);
#3804 = CARTESIAN_POINT('',(-0.32,-12.38,8.38));
#3805 = VECTOR('',#3806,1.);
#3806 = DIRECTION('',(1.,0.,0.));
#3807 = PLANE('',#3808);
#3808 = AXIS2_PLACEMENT_3D('',#3809,#3810,#3811);
#3809 = CARTESIAN_POINT('',(-0.32,-12.38,-3.));
#3810 = DIRECTION('',(0.,1.,0.));
#3811 = DIRECTION('',(0.,-0.,1.));
#3812 = ADVANCED_FACE('',(#3813),#3831,.F.);
#3813 = FACE_BOUND('',#3814,.F.);
#3814 = EDGE_LOOP('',(#3815,#3823,#3824,#3825));
#3815 = ORIENTED_EDGE('',*,*,#3816,.F.);
#3816 = EDGE_CURVE('',#1468,#3817,#3819,.T.);
#3817 = VERTEX_POINT('',#3818);
#3818 = CARTESIAN_POINT('',(-0.32,-13.02,8.38));
#3819 = LINE('',#3820,#3821);
#3820 = CARTESIAN_POINT('',(-0.32,-13.02,-3.));
#3821 = VECTOR('',#3822,1.);
#3822 = DIRECTION('',(0.,0.,1.));
#3823 = ORIENTED_EDGE('',*,*,#1475,.T.);
#3824 = ORIENTED_EDGE('',*,*,#3794,.T.);
#3825 = ORIENTED_EDGE('',*,*,#3826,.F.);
#3826 = EDGE_CURVE('',#3817,#3795,#3827,.T.);
#3827 = LINE('',#3828,#3829);
#3828 = CARTESIAN_POINT('',(-0.32,-13.02,8.38));
#3829 = VECTOR('',#3830,1.);
#3830 = DIRECTION('',(0.,1.,0.));
#3831 = PLANE('',#3832);
#3832 = AXIS2_PLACEMENT_3D('',#3833,#3834,#3835);
#3833 = CARTESIAN_POINT('',(-0.32,-13.02,-3.));
#3834 = DIRECTION('',(1.,0.,0.));
#3835 = DIRECTION('',(0.,0.,1.));
#3836 = ADVANCED_FACE('',(#3837),#3848,.F.);
#3837 = FACE_BOUND('',#3838,.F.);
#3838 = EDGE_LOOP('',(#3839,#3840,#3841,#3842));
#3839 = ORIENTED_EDGE('',*,*,#3761,.F.);
#3840 = ORIENTED_EDGE('',*,*,#1467,.T.);
#3841 = ORIENTED_EDGE('',*,*,#3816,.T.);
#3842 = ORIENTED_EDGE('',*,*,#3843,.T.);
#3843 = EDGE_CURVE('',#3817,#3762,#3844,.T.);
#3844 = LINE('',#3845,#3846);
#3845 = CARTESIAN_POINT('',(-0.32,-13.02,8.38));
#3846 = VECTOR('',#3847,1.);
#3847 = DIRECTION('',(1.,0.,0.));
#3848 = PLANE('',#3849);
#3849 = AXIS2_PLACEMENT_3D('',#3850,#3851,#3852);
#3850 = CARTESIAN_POINT('',(-0.32,-13.02,-3.));
#3851 = DIRECTION('',(0.,1.,0.));
#3852 = DIRECTION('',(0.,-0.,1.));
#3853 = ADVANCED_FACE('',(#3854),#3879,.T.);
#3854 = FACE_BOUND('',#3855,.T.);
#3855 = EDGE_LOOP('',(#3856,#3864,#3865,#3873));
#3856 = ORIENTED_EDGE('',*,*,#3857,.F.);
#3857 = EDGE_CURVE('',#1492,#3858,#3860,.T.);
#3858 = VERTEX_POINT('',#3859);
#3859 = CARTESIAN_POINT('',(0.32,-10.48,8.38));
#3860 = LINE('',#3861,#3862);
#3861 = CARTESIAN_POINT('',(0.32,-10.48,-3.));
#3862 = VECTOR('',#3863,1.);
#3863 = DIRECTION('',(0.,0.,1.));
#3864 = ORIENTED_EDGE('',*,*,#1491,.T.);
#3865 = ORIENTED_EDGE('',*,*,#3866,.T.);
#3866 = EDGE_CURVE('',#1494,#3867,#3869,.T.);
#3867 = VERTEX_POINT('',#3868);
#3868 = CARTESIAN_POINT('',(0.32,-9.84,8.38));
#3869 = LINE('',#3870,#3871);
#3870 = CARTESIAN_POINT('',(0.32,-9.84,-3.));
#3871 = VECTOR('',#3872,1.);
#3872 = DIRECTION('',(0.,0.,1.));
#3873 = ORIENTED_EDGE('',*,*,#3874,.F.);
#3874 = EDGE_CURVE('',#3858,#3867,#3875,.T.);
#3875 = LINE('',#3876,#3877);
#3876 = CARTESIAN_POINT('',(0.32,-10.48,8.38));
#3877 = VECTOR('',#3878,1.);
#3878 = DIRECTION('',(0.,1.,0.));
#3879 = PLANE('',#3880);
#3880 = AXIS2_PLACEMENT_3D('',#3881,#3882,#3883);
#3881 = CARTESIAN_POINT('',(0.32,-10.48,-3.));
#3882 = DIRECTION('',(1.,0.,0.));
#3883 = DIRECTION('',(0.,0.,1.));
#3884 = ADVANCED_FACE('',(#3885),#3903,.T.);
#3885 = FACE_BOUND('',#3886,.T.);
#3886 = EDGE_LOOP('',(#3887,#3888,#3889,#3897));
#3887 = ORIENTED_EDGE('',*,*,#3866,.F.);
#3888 = ORIENTED_EDGE('',*,*,#1517,.T.);
#3889 = ORIENTED_EDGE('',*,*,#3890,.T.);
#3890 = EDGE_CURVE('',#1510,#3891,#3893,.T.);
#3891 = VERTEX_POINT('',#3892);
#3892 = CARTESIAN_POINT('',(-0.32,-9.84,8.38));
#3893 = LINE('',#3894,#3895);
#3894 = CARTESIAN_POINT('',(-0.32,-9.84,-3.));
#3895 = VECTOR('',#3896,1.);
#3896 = DIRECTION('',(0.,0.,1.));
#3897 = ORIENTED_EDGE('',*,*,#3898,.T.);
#3898 = EDGE_CURVE('',#3891,#3867,#3899,.T.);
#3899 = LINE('',#3900,#3901);
#3900 = CARTESIAN_POINT('',(-0.32,-9.84,8.38));
#3901 = VECTOR('',#3902,1.);
#3902 = DIRECTION('',(1.,0.,0.));
#3903 = PLANE('',#3904);
#3904 = AXIS2_PLACEMENT_3D('',#3905,#3906,#3907);
#3905 = CARTESIAN_POINT('',(-0.32,-9.84,-3.));
#3906 = DIRECTION('',(0.,1.,0.));
#3907 = DIRECTION('',(0.,-0.,1.));
#3908 = ADVANCED_FACE('',(#3909),#3927,.F.);
#3909 = FACE_BOUND('',#3910,.F.);
#3910 = EDGE_LOOP('',(#3911,#3919,#3920,#3921));
#3911 = ORIENTED_EDGE('',*,*,#3912,.F.);
#3912 = EDGE_CURVE('',#1502,#3913,#3915,.T.);
#3913 = VERTEX_POINT('',#3914);
#3914 = CARTESIAN_POINT('',(-0.32,-10.48,8.38));
#3915 = LINE('',#3916,#3917);
#3916 = CARTESIAN_POINT('',(-0.32,-10.48,-3.));
#3917 = VECTOR('',#3918,1.);
#3918 = DIRECTION('',(0.,0.,1.));
#3919 = ORIENTED_EDGE('',*,*,#1509,.T.);
#3920 = ORIENTED_EDGE('',*,*,#3890,.T.);
#3921 = ORIENTED_EDGE('',*,*,#3922,.F.);
#3922 = EDGE_CURVE('',#3913,#3891,#3923,.T.);
#3923 = LINE('',#3924,#3925);
#3924 = CARTESIAN_POINT('',(-0.32,-10.48,8.38));
#3925 = VECTOR('',#3926,1.);
#3926 = DIRECTION('',(0.,1.,0.));
#3927 = PLANE('',#3928);
#3928 = AXIS2_PLACEMENT_3D('',#3929,#3930,#3931);
#3929 = CARTESIAN_POINT('',(-0.32,-10.48,-3.));
#3930 = DIRECTION('',(1.,0.,0.));
#3931 = DIRECTION('',(0.,0.,1.));
#3932 = ADVANCED_FACE('',(#3933),#3944,.F.);
#3933 = FACE_BOUND('',#3934,.F.);
#3934 = EDGE_LOOP('',(#3935,#3936,#3937,#3938));
#3935 = ORIENTED_EDGE('',*,*,#3857,.F.);
#3936 = ORIENTED_EDGE('',*,*,#1501,.T.);
#3937 = ORIENTED_EDGE('',*,*,#3912,.T.);
#3938 = ORIENTED_EDGE('',*,*,#3939,.T.);
#3939 = EDGE_CURVE('',#3913,#3858,#3940,.T.);
#3940 = LINE('',#3941,#3942);
#3941 = CARTESIAN_POINT('',(-0.32,-10.48,8.38));
#3942 = VECTOR('',#3943,1.);
#3943 = DIRECTION('',(1.,0.,0.));
#3944 = PLANE('',#3945);
#3945 = AXIS2_PLACEMENT_3D('',#3946,#3947,#3948);
#3946 = CARTESIAN_POINT('',(-0.32,-10.48,-3.));
#3947 = DIRECTION('',(0.,1.,0.));
#3948 = DIRECTION('',(0.,-0.,1.));
#3949 = ADVANCED_FACE('',(#3950),#3975,.T.);
#3950 = FACE_BOUND('',#3951,.T.);
#3951 = EDGE_LOOP('',(#3952,#3960,#3961,#3969));
#3952 = ORIENTED_EDGE('',*,*,#3953,.F.);
#3953 = EDGE_CURVE('',#1526,#3954,#3956,.T.);
#3954 = VERTEX_POINT('',#3955);
#3955 = CARTESIAN_POINT('',(0.32,-7.94,8.38));
#3956 = LINE('',#3957,#3958);
#3957 = CARTESIAN_POINT('',(0.32,-7.94,-3.));
#3958 = VECTOR('',#3959,1.);
#3959 = DIRECTION('',(0.,0.,1.));
#3960 = ORIENTED_EDGE('',*,*,#1525,.T.);
#3961 = ORIENTED_EDGE('',*,*,#3962,.T.);
#3962 = EDGE_CURVE('',#1528,#3963,#3965,.T.);
#3963 = VERTEX_POINT('',#3964);
#3964 = CARTESIAN_POINT('',(0.32,-7.3,8.38));
#3965 = LINE('',#3966,#3967);
#3966 = CARTESIAN_POINT('',(0.32,-7.3,-3.));
#3967 = VECTOR('',#3968,1.);
#3968 = DIRECTION('',(0.,0.,1.));
#3969 = ORIENTED_EDGE('',*,*,#3970,.F.);
#3970 = EDGE_CURVE('',#3954,#3963,#3971,.T.);
#3971 = LINE('',#3972,#3973);
#3972 = CARTESIAN_POINT('',(0.32,-7.94,8.38));
#3973 = VECTOR('',#3974,1.);
#3974 = DIRECTION('',(0.,1.,0.));
#3975 = PLANE('',#3976);
#3976 = AXIS2_PLACEMENT_3D('',#3977,#3978,#3979);
#3977 = CARTESIAN_POINT('',(0.32,-7.94,-3.));
#3978 = DIRECTION('',(1.,0.,0.));
#3979 = DIRECTION('',(0.,0.,1.));
#3980 = ADVANCED_FACE('',(#3981),#3999,.T.);
#3981 = FACE_BOUND('',#3982,.T.);
#3982 = EDGE_LOOP('',(#3983,#3984,#3985,#3993));
#3983 = ORIENTED_EDGE('',*,*,#3962,.F.);
#3984 = ORIENTED_EDGE('',*,*,#1551,.T.);
#3985 = ORIENTED_EDGE('',*,*,#3986,.T.);
#3986 = EDGE_CURVE('',#1544,#3987,#3989,.T.);
#3987 = VERTEX_POINT('',#3988);
#3988 = CARTESIAN_POINT('',(-0.32,-7.3,8.38));
#3989 = LINE('',#3990,#3991);
#3990 = CARTESIAN_POINT('',(-0.32,-7.3,-3.));
#3991 = VECTOR('',#3992,1.);
#3992 = DIRECTION('',(0.,0.,1.));
#3993 = ORIENTED_EDGE('',*,*,#3994,.T.);
#3994 = EDGE_CURVE('',#3987,#3963,#3995,.T.);
#3995 = LINE('',#3996,#3997);
#3996 = CARTESIAN_POINT('',(-0.32,-7.3,8.38));
#3997 = VECTOR('',#3998,1.);
#3998 = DIRECTION('',(1.,0.,0.));
#3999 = PLANE('',#4000);
#4000 = AXIS2_PLACEMENT_3D('',#4001,#4002,#4003);
#4001 = CARTESIAN_POINT('',(-0.32,-7.3,-3.));
#4002 = DIRECTION('',(0.,1.,0.));
#4003 = DIRECTION('',(0.,-0.,1.));
#4004 = ADVANCED_FACE('',(#4005),#4023,.F.);
#4005 = FACE_BOUND('',#4006,.F.);
#4006 = EDGE_LOOP('',(#4007,#4015,#4016,#4017));
#4007 = ORIENTED_EDGE('',*,*,#4008,.F.);
#4008 = EDGE_CURVE('',#1536,#4009,#4011,.T.);
#4009 = VERTEX_POINT('',#4010);
#4010 = CARTESIAN_POINT('',(-0.32,-7.94,8.38));
#4011 = LINE('',#4012,#4013);
#4012 = CARTESIAN_POINT('',(-0.32,-7.94,-3.));
#4013 = VECTOR('',#4014,1.);
#4014 = DIRECTION('',(0.,0.,1.));
#4015 = ORIENTED_EDGE('',*,*,#1543,.T.);
#4016 = ORIENTED_EDGE('',*,*,#3986,.T.);
#4017 = ORIENTED_EDGE('',*,*,#4018,.F.);
#4018 = EDGE_CURVE('',#4009,#3987,#4019,.T.);
#4019 = LINE('',#4020,#4021);
#4020 = CARTESIAN_POINT('',(-0.32,-7.94,8.38));
#4021 = VECTOR('',#4022,1.);
#4022 = DIRECTION('',(0.,1.,0.));
#4023 = PLANE('',#4024);
#4024 = AXIS2_PLACEMENT_3D('',#4025,#4026,#4027);
#4025 = CARTESIAN_POINT('',(-0.32,-7.94,-3.));
#4026 = DIRECTION('',(1.,0.,0.));
#4027 = DIRECTION('',(0.,0.,1.));
#4028 = ADVANCED_FACE('',(#4029),#4040,.F.);
#4029 = FACE_BOUND('',#4030,.F.);
#4030 = EDGE_LOOP('',(#4031,#4032,#4033,#4034));
#4031 = ORIENTED_EDGE('',*,*,#3953,.F.);
#4032 = ORIENTED_EDGE('',*,*,#1535,.T.);
#4033 = ORIENTED_EDGE('',*,*,#4008,.T.);
#4034 = ORIENTED_EDGE('',*,*,#4035,.T.);
#4035 = EDGE_CURVE('',#4009,#3954,#4036,.T.);
#4036 = LINE('',#4037,#4038);
#4037 = CARTESIAN_POINT('',(-0.32,-7.94,8.38));
#4038 = VECTOR('',#4039,1.);
#4039 = DIRECTION('',(1.,0.,0.));
#4040 = PLANE('',#4041);
#4041 = AXIS2_PLACEMENT_3D('',#4042,#4043,#4044);
#4042 = CARTESIAN_POINT('',(-0.32,-7.94,-3.));
#4043 = DIRECTION('',(0.,1.,0.));
#4044 = DIRECTION('',(0.,-0.,1.));
#4045 = ADVANCED_FACE('',(#4046),#4071,.F.);
#4046 = FACE_BOUND('',#4047,.F.);
#4047 = EDGE_LOOP('',(#4048,#4056,#4057,#4065));
#4048 = ORIENTED_EDGE('',*,*,#4049,.F.);
#4049 = EDGE_CURVE('',#1560,#4050,#4052,.T.);
#4050 = VERTEX_POINT('',#4051);
#4051 = CARTESIAN_POINT('',(0.32,-18.1,8.38));
#4052 = LINE('',#4053,#4054);
#4053 = CARTESIAN_POINT('',(0.32,-18.1,-3.));
#4054 = VECTOR('',#4055,1.);
#4055 = DIRECTION('',(0.,0.,1.));
#4056 = ORIENTED_EDGE('',*,*,#1559,.T.);
#4057 = ORIENTED_EDGE('',*,*,#4058,.T.);
#4058 = EDGE_CURVE('',#1562,#4059,#4061,.T.);
#4059 = VERTEX_POINT('',#4060);
#4060 = CARTESIAN_POINT('',(-0.32,-18.1,8.38));
#4061 = LINE('',#4062,#4063);
#4062 = CARTESIAN_POINT('',(-0.32,-18.1,-3.));
#4063 = VECTOR('',#4064,1.);
#4064 = DIRECTION('',(0.,0.,1.));
#4065 = ORIENTED_EDGE('',*,*,#4066,.T.);
#4066 = EDGE_CURVE('',#4059,#4050,#4067,.T.);
#4067 = LINE('',#4068,#4069);
#4068 = CARTESIAN_POINT('',(-0.32,-18.1,8.38));
#4069 = VECTOR('',#4070,1.);
#4070 = DIRECTION('',(1.,0.,0.));
#4071 = PLANE('',#4072);
#4072 = AXIS2_PLACEMENT_3D('',#4073,#4074,#4075);
#4073 = CARTESIAN_POINT('',(-0.32,-18.1,-3.));
#4074 = DIRECTION('',(0.,1.,0.));
#4075 = DIRECTION('',(0.,-0.,1.));
#4076 = ADVANCED_FACE('',(#4077),#4095,.T.);
#4077 = FACE_BOUND('',#4078,.T.);
#4078 = EDGE_LOOP('',(#4079,#4080,#4081,#4089));
#4079 = ORIENTED_EDGE('',*,*,#4049,.F.);
#4080 = ORIENTED_EDGE('',*,*,#1585,.T.);
#4081 = ORIENTED_EDGE('',*,*,#4082,.T.);
#4082 = EDGE_CURVE('',#1578,#4083,#4085,.T.);
#4083 = VERTEX_POINT('',#4084);
#4084 = CARTESIAN_POINT('',(0.32,-17.46,8.38));
#4085 = LINE('',#4086,#4087);
#4086 = CARTESIAN_POINT('',(0.32,-17.46,-3.));
#4087 = VECTOR('',#4088,1.);
#4088 = DIRECTION('',(0.,0.,1.));
#4089 = ORIENTED_EDGE('',*,*,#4090,.F.);
#4090 = EDGE_CURVE('',#4050,#4083,#4091,.T.);
#4091 = LINE('',#4092,#4093);
#4092 = CARTESIAN_POINT('',(0.32,-18.1,8.38));
#4093 = VECTOR('',#4094,1.);
#4094 = DIRECTION('',(0.,1.,0.));
#4095 = PLANE('',#4096);
#4096 = AXIS2_PLACEMENT_3D('',#4097,#4098,#4099);
#4097 = CARTESIAN_POINT('',(0.32,-18.1,-3.));
#4098 = DIRECTION('',(1.,0.,0.));
#4099 = DIRECTION('',(0.,0.,1.));
#4100 = ADVANCED_FACE('',(#4101),#4119,.T.);
#4101 = FACE_BOUND('',#4102,.T.);
#4102 = EDGE_LOOP('',(#4103,#4104,#4105,#4113));
#4103 = ORIENTED_EDGE('',*,*,#4082,.F.);
#4104 = ORIENTED_EDGE('',*,*,#1577,.T.);
#4105 = ORIENTED_EDGE('',*,*,#4106,.T.);
#4106 = EDGE_CURVE('',#1570,#4107,#4109,.T.);
#4107 = VERTEX_POINT('',#4108);
#4108 = CARTESIAN_POINT('',(-0.32,-17.46,8.38));
#4109 = LINE('',#4110,#4111);
#4110 = CARTESIAN_POINT('',(-0.32,-17.46,-3.));
#4111 = VECTOR('',#4112,1.);
#4112 = DIRECTION('',(0.,0.,1.));
#4113 = ORIENTED_EDGE('',*,*,#4114,.T.);
#4114 = EDGE_CURVE('',#4107,#4083,#4115,.T.);
#4115 = LINE('',#4116,#4117);
#4116 = CARTESIAN_POINT('',(-0.32,-17.46,8.38));
#4117 = VECTOR('',#4118,1.);
#4118 = DIRECTION('',(1.,0.,0.));
#4119 = PLANE('',#4120);
#4120 = AXIS2_PLACEMENT_3D('',#4121,#4122,#4123);
#4121 = CARTESIAN_POINT('',(-0.32,-17.46,-3.));
#4122 = DIRECTION('',(0.,1.,0.));
#4123 = DIRECTION('',(0.,-0.,1.));
#4124 = ADVANCED_FACE('',(#4125),#4136,.F.);
#4125 = FACE_BOUND('',#4126,.F.);
#4126 = EDGE_LOOP('',(#4127,#4128,#4129,#4130));
#4127 = ORIENTED_EDGE('',*,*,#4058,.F.);
#4128 = ORIENTED_EDGE('',*,*,#1569,.T.);
#4129 = ORIENTED_EDGE('',*,*,#4106,.T.);
#4130 = ORIENTED_EDGE('',*,*,#4131,.F.);
#4131 = EDGE_CURVE('',#4059,#4107,#4132,.T.);
#4132 = LINE('',#4133,#4134);
#4133 = CARTESIAN_POINT('',(-0.32,-18.1,8.38));
#4134 = VECTOR('',#4135,1.);
#4135 = DIRECTION('',(0.,1.,0.));
#4136 = PLANE('',#4137);
#4137 = AXIS2_PLACEMENT_3D('',#4138,#4139,#4140);
#4138 = CARTESIAN_POINT('',(-0.32,-18.1,-3.));
#4139 = DIRECTION('',(1.,0.,0.));
#4140 = DIRECTION('',(0.,0.,1.));
#4141 = ADVANCED_FACE('',(#4142),#4167,.T.);
#4142 = FACE_BOUND('',#4143,.T.);
#4143 = EDGE_LOOP('',(#4144,#4152,#4153,#4161));
#4144 = ORIENTED_EDGE('',*,*,#4145,.F.);
#4145 = EDGE_CURVE('',#1594,#4146,#4148,.T.);
#4146 = VERTEX_POINT('',#4147);
#4147 = CARTESIAN_POINT('',(0.32,-15.56,8.38));
#4148 = LINE('',#4149,#4150);
#4149 = CARTESIAN_POINT('',(0.32,-15.56,-3.));
#4150 = VECTOR('',#4151,1.);
#4151 = DIRECTION('',(0.,0.,1.));
#4152 = ORIENTED_EDGE('',*,*,#1593,.T.);
#4153 = ORIENTED_EDGE('',*,*,#4154,.T.);
#4154 = EDGE_CURVE('',#1596,#4155,#4157,.T.);
#4155 = VERTEX_POINT('',#4156);
#4156 = CARTESIAN_POINT('',(0.32,-14.92,8.38));
#4157 = LINE('',#4158,#4159);
#4158 = CARTESIAN_POINT('',(0.32,-14.92,-3.));
#4159 = VECTOR('',#4160,1.);
#4160 = DIRECTION('',(0.,0.,1.));
#4161 = ORIENTED_EDGE('',*,*,#4162,.F.);
#4162 = EDGE_CURVE('',#4146,#4155,#4163,.T.);
#4163 = LINE('',#4164,#4165);
#4164 = CARTESIAN_POINT('',(0.32,-15.56,8.38));
#4165 = VECTOR('',#4166,1.);
#4166 = DIRECTION('',(0.,1.,0.));
#4167 = PLANE('',#4168);
#4168 = AXIS2_PLACEMENT_3D('',#4169,#4170,#4171);
#4169 = CARTESIAN_POINT('',(0.32,-15.56,-3.));
#4170 = DIRECTION('',(1.,0.,0.));
#4171 = DIRECTION('',(0.,0.,1.));
#4172 = ADVANCED_FACE('',(#4173),#4191,.T.);
#4173 = FACE_BOUND('',#4174,.T.);
#4174 = EDGE_LOOP('',(#4175,#4176,#4177,#4185));
#4175 = ORIENTED_EDGE('',*,*,#4154,.F.);
#4176 = ORIENTED_EDGE('',*,*,#1619,.T.);
#4177 = ORIENTED_EDGE('',*,*,#4178,.T.);
#4178 = EDGE_CURVE('',#1612,#4179,#4181,.T.);
#4179 = VERTEX_POINT('',#4180);
#4180 = CARTESIAN_POINT('',(-0.32,-14.92,8.38));
#4181 = LINE('',#4182,#4183);
#4182 = CARTESIAN_POINT('',(-0.32,-14.92,-3.));
#4183 = VECTOR('',#4184,1.);
#4184 = DIRECTION('',(0.,0.,1.));
#4185 = ORIENTED_EDGE('',*,*,#4186,.T.);
#4186 = EDGE_CURVE('',#4179,#4155,#4187,.T.);
#4187 = LINE('',#4188,#4189);
#4188 = CARTESIAN_POINT('',(-0.32,-14.92,8.38));
#4189 = VECTOR('',#4190,1.);
#4190 = DIRECTION('',(1.,0.,0.));
#4191 = PLANE('',#4192);
#4192 = AXIS2_PLACEMENT_3D('',#4193,#4194,#4195);
#4193 = CARTESIAN_POINT('',(-0.32,-14.92,-3.));
#4194 = DIRECTION('',(0.,1.,0.));
#4195 = DIRECTION('',(0.,-0.,1.));
#4196 = ADVANCED_FACE('',(#4197),#4215,.F.);
#4197 = FACE_BOUND('',#4198,.F.);
#4198 = EDGE_LOOP('',(#4199,#4207,#4208,#4209));
#4199 = ORIENTED_EDGE('',*,*,#4200,.F.);
#4200 = EDGE_CURVE('',#1604,#4201,#4203,.T.);
#4201 = VERTEX_POINT('',#4202);
#4202 = CARTESIAN_POINT('',(-0.32,-15.56,8.38));
#4203 = LINE('',#4204,#4205);
#4204 = CARTESIAN_POINT('',(-0.32,-15.56,-3.));
#4205 = VECTOR('',#4206,1.);
#4206 = DIRECTION('',(0.,0.,1.));
#4207 = ORIENTED_EDGE('',*,*,#1611,.T.);
#4208 = ORIENTED_EDGE('',*,*,#4178,.T.);
#4209 = ORIENTED_EDGE('',*,*,#4210,.F.);
#4210 = EDGE_CURVE('',#4201,#4179,#4211,.T.);
#4211 = LINE('',#4212,#4213);
#4212 = CARTESIAN_POINT('',(-0.32,-15.56,8.38));
#4213 = VECTOR('',#4214,1.);
#4214 = DIRECTION('',(0.,1.,0.));
#4215 = PLANE('',#4216);
#4216 = AXIS2_PLACEMENT_3D('',#4217,#4218,#4219);
#4217 = CARTESIAN_POINT('',(-0.32,-15.56,-3.));
#4218 = DIRECTION('',(1.,0.,0.));
#4219 = DIRECTION('',(0.,0.,1.));
#4220 = ADVANCED_FACE('',(#4221),#4232,.F.);
#4221 = FACE_BOUND('',#4222,.F.);
#4222 = EDGE_LOOP('',(#4223,#4224,#4225,#4226));
#4223 = ORIENTED_EDGE('',*,*,#4145,.F.);
#4224 = ORIENTED_EDGE('',*,*,#1603,.T.);
#4225 = ORIENTED_EDGE('',*,*,#4200,.T.);
#4226 = ORIENTED_EDGE('',*,*,#4227,.T.);
#4227 = EDGE_CURVE('',#4201,#4146,#4228,.T.);
#4228 = LINE('',#4229,#4230);
#4229 = CARTESIAN_POINT('',(-0.32,-15.56,8.38));
#4230 = VECTOR('',#4231,1.);
#4231 = DIRECTION('',(1.,0.,0.));
#4232 = PLANE('',#4233);
#4233 = AXIS2_PLACEMENT_3D('',#4234,#4235,#4236);
#4234 = CARTESIAN_POINT('',(-0.32,-15.56,-3.));
#4235 = DIRECTION('',(0.,1.,0.));
#4236 = DIRECTION('',(0.,-0.,1.));
#4237 = ADVANCED_FACE('',(#4238),#4263,.T.);
#4238 = FACE_BOUND('',#4239,.T.);
#4239 = EDGE_LOOP('',(#4240,#4248,#4249,#4257));
#4240 = ORIENTED_EDGE('',*,*,#4241,.F.);
#4241 = EDGE_CURVE('',#1628,#4242,#4244,.T.);
#4242 = VERTEX_POINT('',#4243);
#4243 = CARTESIAN_POINT('',(0.32,-23.18,8.38));
#4244 = LINE('',#4245,#4246);
#4245 = CARTESIAN_POINT('',(0.32,-23.18,-3.));
#4246 = VECTOR('',#4247,1.);
#4247 = DIRECTION('',(0.,0.,1.));
#4248 = ORIENTED_EDGE('',*,*,#1627,.T.);
#4249 = ORIENTED_EDGE('',*,*,#4250,.T.);
#4250 = EDGE_CURVE('',#1630,#4251,#4253,.T.);
#4251 = VERTEX_POINT('',#4252);
#4252 = CARTESIAN_POINT('',(0.32,-22.54,8.38));
#4253 = LINE('',#4254,#4255);
#4254 = CARTESIAN_POINT('',(0.32,-22.54,-3.));
#4255 = VECTOR('',#4256,1.);
#4256 = DIRECTION('',(0.,0.,1.));
#4257 = ORIENTED_EDGE('',*,*,#4258,.F.);
#4258 = EDGE_CURVE('',#4242,#4251,#4259,.T.);
#4259 = LINE('',#4260,#4261);
#4260 = CARTESIAN_POINT('',(0.32,-23.18,8.38));
#4261 = VECTOR('',#4262,1.);
#4262 = DIRECTION('',(0.,1.,0.));
#4263 = PLANE('',#4264);
#4264 = AXIS2_PLACEMENT_3D('',#4265,#4266,#4267);
#4265 = CARTESIAN_POINT('',(0.32,-23.18,-3.));
#4266 = DIRECTION('',(1.,0.,0.));
#4267 = DIRECTION('',(0.,0.,1.));
#4268 = ADVANCED_FACE('',(#4269),#4287,.T.);
#4269 = FACE_BOUND('',#4270,.T.);
#4270 = EDGE_LOOP('',(#4271,#4272,#4273,#4281));
#4271 = ORIENTED_EDGE('',*,*,#4250,.F.);
#4272 = ORIENTED_EDGE('',*,*,#1653,.T.);
#4273 = ORIENTED_EDGE('',*,*,#4274,.T.);
#4274 = EDGE_CURVE('',#1646,#4275,#4277,.T.);
#4275 = VERTEX_POINT('',#4276);
#4276 = CARTESIAN_POINT('',(-0.32,-22.54,8.38));
#4277 = LINE('',#4278,#4279);
#4278 = CARTESIAN_POINT('',(-0.32,-22.54,-3.));
#4279 = VECTOR('',#4280,1.);
#4280 = DIRECTION('',(0.,0.,1.));
#4281 = ORIENTED_EDGE('',*,*,#4282,.T.);
#4282 = EDGE_CURVE('',#4275,#4251,#4283,.T.);
#4283 = LINE('',#4284,#4285);
#4284 = CARTESIAN_POINT('',(-0.32,-22.54,8.38));
#4285 = VECTOR('',#4286,1.);
#4286 = DIRECTION('',(1.,0.,0.));
#4287 = PLANE('',#4288);
#4288 = AXIS2_PLACEMENT_3D('',#4289,#4290,#4291);
#4289 = CARTESIAN_POINT('',(-0.32,-22.54,-3.));
#4290 = DIRECTION('',(0.,1.,0.));
#4291 = DIRECTION('',(0.,-0.,1.));
#4292 = ADVANCED_FACE('',(#4293),#4311,.F.);
#4293 = FACE_BOUND('',#4294,.F.);
#4294 = EDGE_LOOP('',(#4295,#4303,#4304,#4305));
#4295 = ORIENTED_EDGE('',*,*,#4296,.F.);
#4296 = EDGE_CURVE('',#1638,#4297,#4299,.T.);
#4297 = VERTEX_POINT('',#4298);
#4298 = CARTESIAN_POINT('',(-0.32,-23.18,8.38));
#4299 = LINE('',#4300,#4301);
#4300 = CARTESIAN_POINT('',(-0.32,-23.18,-3.));
#4301 = VECTOR('',#4302,1.);
#4302 = DIRECTION('',(0.,0.,1.));
#4303 = ORIENTED_EDGE('',*,*,#1645,.T.);
#4304 = ORIENTED_EDGE('',*,*,#4274,.T.);
#4305 = ORIENTED_EDGE('',*,*,#4306,.F.);
#4306 = EDGE_CURVE('',#4297,#4275,#4307,.T.);
#4307 = LINE('',#4308,#4309);
#4308 = CARTESIAN_POINT('',(-0.32,-23.18,8.38));
#4309 = VECTOR('',#4310,1.);
#4310 = DIRECTION('',(0.,1.,0.));
#4311 = PLANE('',#4312);
#4312 = AXIS2_PLACEMENT_3D('',#4313,#4314,#4315);
#4313 = CARTESIAN_POINT('',(-0.32,-23.18,-3.));
#4314 = DIRECTION('',(1.,0.,0.));
#4315 = DIRECTION('',(0.,0.,1.));
#4316 = ADVANCED_FACE('',(#4317),#4328,.F.);
#4317 = FACE_BOUND('',#4318,.F.);
#4318 = EDGE_LOOP('',(#4319,#4320,#4321,#4322));
#4319 = ORIENTED_EDGE('',*,*,#4241,.F.);
#4320 = ORIENTED_EDGE('',*,*,#1637,.T.);
#4321 = ORIENTED_EDGE('',*,*,#4296,.T.);
#4322 = ORIENTED_EDGE('',*,*,#4323,.T.);
#4323 = EDGE_CURVE('',#4297,#4242,#4324,.T.);
#4324 = LINE('',#4325,#4326);
#4325 = CARTESIAN_POINT('',(-0.32,-23.18,8.38));
#4326 = VECTOR('',#4327,1.);
#4327 = DIRECTION('',(1.,0.,0.));
#4328 = PLANE('',#4329);
#4329 = AXIS2_PLACEMENT_3D('',#4330,#4331,#4332);
#4330 = CARTESIAN_POINT('',(-0.32,-23.18,-3.));
#4331 = DIRECTION('',(0.,1.,0.));
#4332 = DIRECTION('',(0.,-0.,1.));
#4333 = ADVANCED_FACE('',(#4334),#4359,.F.);
#4334 = FACE_BOUND('',#4335,.F.);
#4335 = EDGE_LOOP('',(#4336,#4344,#4345,#4353));
#4336 = ORIENTED_EDGE('',*,*,#4337,.F.);
#4337 = EDGE_CURVE('',#1662,#4338,#4340,.T.);
#4338 = VERTEX_POINT('',#4339);
#4339 = CARTESIAN_POINT('',(0.32,-20.64,8.38));
#4340 = LINE('',#4341,#4342);
#4341 = CARTESIAN_POINT('',(0.32,-20.64,-3.));
#4342 = VECTOR('',#4343,1.);
#4343 = DIRECTION('',(0.,0.,1.));
#4344 = ORIENTED_EDGE('',*,*,#1661,.T.);
#4345 = ORIENTED_EDGE('',*,*,#4346,.T.);
#4346 = EDGE_CURVE('',#1664,#4347,#4349,.T.);
#4347 = VERTEX_POINT('',#4348);
#4348 = CARTESIAN_POINT('',(-0.32,-20.64,8.38));
#4349 = LINE('',#4350,#4351);
#4350 = CARTESIAN_POINT('',(-0.32,-20.64,-3.));
#4351 = VECTOR('',#4352,1.);
#4352 = DIRECTION('',(0.,0.,1.));
#4353 = ORIENTED_EDGE('',*,*,#4354,.T.);
#4354 = EDGE_CURVE('',#4347,#4338,#4355,.T.);
#4355 = LINE('',#4356,#4357);
#4356 = CARTESIAN_POINT('',(-0.32,-20.64,8.38));
#4357 = VECTOR('',#4358,1.);
#4358 = DIRECTION('',(1.,0.,0.));
#4359 = PLANE('',#4360);
#4360 = AXIS2_PLACEMENT_3D('',#4361,#4362,#4363);
#4361 = CARTESIAN_POINT('',(-0.32,-20.64,-3.));
#4362 = DIRECTION('',(0.,1.,0.));
#4363 = DIRECTION('',(0.,-0.,1.));
#4364 = ADVANCED_FACE('',(#4365),#4383,.T.);
#4365 = FACE_BOUND('',#4366,.T.);
#4366 = EDGE_LOOP('',(#4367,#4368,#4369,#4377));
#4367 = ORIENTED_EDGE('',*,*,#4337,.F.);
#4368 = ORIENTED_EDGE('',*,*,#1687,.T.);
#4369 = ORIENTED_EDGE('',*,*,#4370,.T.);
#4370 = EDGE_CURVE('',#1680,#4371,#4373,.T.);
#4371 = VERTEX_POINT('',#4372);
#4372 = CARTESIAN_POINT('',(0.32,-20.,8.38));
#4373 = LINE('',#4374,#4375);
#4374 = CARTESIAN_POINT('',(0.32,-20.,-3.));
#4375 = VECTOR('',#4376,1.);
#4376 = DIRECTION('',(0.,0.,1.));
#4377 = ORIENTED_EDGE('',*,*,#4378,.F.);
#4378 = EDGE_CURVE('',#4338,#4371,#4379,.T.);
#4379 = LINE('',#4380,#4381);
#4380 = CARTESIAN_POINT('',(0.32,-20.64,8.38));
#4381 = VECTOR('',#4382,1.);
#4382 = DIRECTION('',(0.,1.,0.));
#4383 = PLANE('',#4384);
#4384 = AXIS2_PLACEMENT_3D('',#4385,#4386,#4387);
#4385 = CARTESIAN_POINT('',(0.32,-20.64,-3.));
#4386 = DIRECTION('',(1.,0.,0.));
#4387 = DIRECTION('',(0.,0.,1.));
#4388 = ADVANCED_FACE('',(#4389),#4407,.T.);
#4389 = FACE_BOUND('',#4390,.T.);
#4390 = EDGE_LOOP('',(#4391,#4392,#4393,#4401));
#4391 = ORIENTED_EDGE('',*,*,#4370,.F.);
#4392 = ORIENTED_EDGE('',*,*,#1679,.T.);
#4393 = ORIENTED_EDGE('',*,*,#4394,.T.);
#4394 = EDGE_CURVE('',#1672,#4395,#4397,.T.);
#4395 = VERTEX_POINT('',#4396);
#4396 = CARTESIAN_POINT('',(-0.32,-20.,8.38));
#4397 = LINE('',#4398,#4399);
#4398 = CARTESIAN_POINT('',(-0.32,-20.,-3.));
#4399 = VECTOR('',#4400,1.);
#4400 = DIRECTION('',(0.,0.,1.));
#4401 = ORIENTED_EDGE('',*,*,#4402,.T.);
#4402 = EDGE_CURVE('',#4395,#4371,#4403,.T.);
#4403 = LINE('',#4404,#4405);
#4404 = CARTESIAN_POINT('',(-0.32,-20.,8.38));
#4405 = VECTOR('',#4406,1.);
#4406 = DIRECTION('',(1.,0.,0.));
#4407 = PLANE('',#4408);
#4408 = AXIS2_PLACEMENT_3D('',#4409,#4410,#4411);
#4409 = CARTESIAN_POINT('',(-0.32,-20.,-3.));
#4410 = DIRECTION('',(0.,1.,0.));
#4411 = DIRECTION('',(0.,-0.,1.));
#4412 = ADVANCED_FACE('',(#4413),#4424,.F.);
#4413 = FACE_BOUND('',#4414,.F.);
#4414 = EDGE_LOOP('',(#4415,#4416,#4417,#4418));
#4415 = ORIENTED_EDGE('',*,*,#4346,.F.);
#4416 = ORIENTED_EDGE('',*,*,#1671,.T.);
#4417 = ORIENTED_EDGE('',*,*,#4394,.T.);
#4418 = ORIENTED_EDGE('',*,*,#4419,.F.);
#4419 = EDGE_CURVE('',#4347,#4395,#4420,.T.);
#4420 = LINE('',#4421,#4422);
#4421 = CARTESIAN_POINT('',(-0.32,-20.64,8.38));
#4422 = VECTOR('',#4423,1.);
#4423 = DIRECTION('',(0.,1.,0.));
#4424 = PLANE('',#4425);
#4425 = AXIS2_PLACEMENT_3D('',#4426,#4427,#4428);
#4426 = CARTESIAN_POINT('',(-0.32,-20.64,-3.));
#4427 = DIRECTION('',(1.,0.,0.));
#4428 = DIRECTION('',(0.,0.,1.));
#4429 = ADVANCED_FACE('',(#4430),#4455,.F.);
#4430 = FACE_BOUND('',#4431,.F.);
#4431 = EDGE_LOOP('',(#4432,#4440,#4441,#4449));
#4432 = ORIENTED_EDGE('',*,*,#4433,.F.);
#4433 = EDGE_CURVE('',#1696,#4434,#4436,.T.);
#4434 = VERTEX_POINT('',#4435);
#4435 = CARTESIAN_POINT('',(0.32,-0.32,8.38));
#4436 = LINE('',#4437,#4438);
#4437 = CARTESIAN_POINT('',(0.32,-0.32,-3.));
#4438 = VECTOR('',#4439,1.);
#4439 = DIRECTION('',(0.,0.,1.));
#4440 = ORIENTED_EDGE('',*,*,#1695,.T.);
#4441 = ORIENTED_EDGE('',*,*,#4442,.T.);
#4442 = EDGE_CURVE('',#1698,#4443,#4445,.T.);
#4443 = VERTEX_POINT('',#4444);
#4444 = CARTESIAN_POINT('',(-0.32,-0.32,8.38));
#4445 = LINE('',#4446,#4447);
#4446 = CARTESIAN_POINT('',(-0.32,-0.32,-3.));
#4447 = VECTOR('',#4448,1.);
#4448 = DIRECTION('',(0.,0.,1.));
#4449 = ORIENTED_EDGE('',*,*,#4450,.T.);
#4450 = EDGE_CURVE('',#4443,#4434,#4451,.T.);
#4451 = LINE('',#4452,#4453);
#4452 = CARTESIAN_POINT('',(-0.32,-0.32,8.38));
#4453 = VECTOR('',#4454,1.);
#4454 = DIRECTION('',(1.,0.,0.));
#4455 = PLANE('',#4456);
#4456 = AXIS2_PLACEMENT_3D('',#4457,#4458,#4459);
#4457 = CARTESIAN_POINT('',(-0.32,-0.32,-3.));
#4458 = DIRECTION('',(0.,1.,0.));
#4459 = DIRECTION('',(0.,-0.,1.));
#4460 = ADVANCED_FACE('',(#4461),#4479,.T.);
#4461 = FACE_BOUND('',#4462,.T.);
#4462 = EDGE_LOOP('',(#4463,#4464,#4465,#4473));
#4463 = ORIENTED_EDGE('',*,*,#4433,.F.);
#4464 = ORIENTED_EDGE('',*,*,#1721,.T.);
#4465 = ORIENTED_EDGE('',*,*,#4466,.T.);
#4466 = EDGE_CURVE('',#1714,#4467,#4469,.T.);
#4467 = VERTEX_POINT('',#4468);
#4468 = CARTESIAN_POINT('',(0.32,0.32,8.38));
#4469 = LINE('',#4470,#4471);
#4470 = CARTESIAN_POINT('',(0.32,0.32,-3.));
#4471 = VECTOR('',#4472,1.);
#4472 = DIRECTION('',(0.,0.,1.));
#4473 = ORIENTED_EDGE('',*,*,#4474,.F.);
#4474 = EDGE_CURVE('',#4434,#4467,#4475,.T.);
#4475 = LINE('',#4476,#4477);
#4476 = CARTESIAN_POINT('',(0.32,-0.32,8.38));
#4477 = VECTOR('',#4478,1.);
#4478 = DIRECTION('',(0.,1.,0.));
#4479 = PLANE('',#4480);
#4480 = AXIS2_PLACEMENT_3D('',#4481,#4482,#4483);
#4481 = CARTESIAN_POINT('',(0.32,-0.32,-3.));
#4482 = DIRECTION('',(1.,0.,0.));
#4483 = DIRECTION('',(0.,0.,1.));
#4484 = ADVANCED_FACE('',(#4485),#4503,.T.);
#4485 = FACE_BOUND('',#4486,.T.);
#4486 = EDGE_LOOP('',(#4487,#4488,#4489,#4497));
#4487 = ORIENTED_EDGE('',*,*,#4466,.F.);
#4488 = ORIENTED_EDGE('',*,*,#1713,.T.);
#4489 = ORIENTED_EDGE('',*,*,#4490,.T.);
#4490 = EDGE_CURVE('',#1706,#4491,#4493,.T.);
#4491 = VERTEX_POINT('',#4492);
#4492 = CARTESIAN_POINT('',(-0.32,0.32,8.38));
#4493 = LINE('',#4494,#4495);
#4494 = CARTESIAN_POINT('',(-0.32,0.32,-3.));
#4495 = VECTOR('',#4496,1.);
#4496 = DIRECTION('',(0.,0.,1.));
#4497 = ORIENTED_EDGE('',*,*,#4498,.T.);
#4498 = EDGE_CURVE('',#4491,#4467,#4499,.T.);
#4499 = LINE('',#4500,#4501);
#4500 = CARTESIAN_POINT('',(-0.32,0.32,8.38));
#4501 = VECTOR('',#4502,1.);
#4502 = DIRECTION('',(1.,0.,0.));
#4503 = PLANE('',#4504);
#4504 = AXIS2_PLACEMENT_3D('',#4505,#4506,#4507);
#4505 = CARTESIAN_POINT('',(-0.32,0.32,-3.));
#4506 = DIRECTION('',(0.,1.,0.));
#4507 = DIRECTION('',(0.,-0.,1.));
#4508 = ADVANCED_FACE('',(#4509),#4520,.F.);
#4509 = FACE_BOUND('',#4510,.F.);
#4510 = EDGE_LOOP('',(#4511,#4512,#4513,#4514));
#4511 = ORIENTED_EDGE('',*,*,#4442,.F.);
#4512 = ORIENTED_EDGE('',*,*,#1705,.T.);
#4513 = ORIENTED_EDGE('',*,*,#4490,.T.);
#4514 = ORIENTED_EDGE('',*,*,#4515,.F.);
#4515 = EDGE_CURVE('',#4443,#4491,#4516,.T.);
#4516 = LINE('',#4517,#4518);
#4517 = CARTESIAN_POINT('',(-0.32,-0.32,8.38));
#4518 = VECTOR('',#4519,1.);
#4519 = DIRECTION('',(0.,1.,0.));
#4520 = PLANE('',#4521);
#4521 = AXIS2_PLACEMENT_3D('',#4522,#4523,#4524);
#4522 = CARTESIAN_POINT('',(-0.32,-0.32,-3.));
#4523 = DIRECTION('',(1.,0.,0.));
#4524 = DIRECTION('',(0.,0.,1.));
#4525 = ADVANCED_FACE('',(#4526),#4551,.T.);
#4526 = FACE_BOUND('',#4527,.T.);
#4527 = EDGE_LOOP('',(#4528,#4536,#4537,#4545));
#4528 = ORIENTED_EDGE('',*,*,#4529,.F.);
#4529 = EDGE_CURVE('',#1730,#4530,#4532,.T.);
#4530 = VERTEX_POINT('',#4531);
#4531 = CARTESIAN_POINT('',(0.32,-2.86,8.38));
#4532 = LINE('',#4533,#4534);
#4533 = CARTESIAN_POINT('',(0.32,-2.86,-3.));
#4534 = VECTOR('',#4535,1.);
#4535 = DIRECTION('',(0.,0.,1.));
#4536 = ORIENTED_EDGE('',*,*,#1729,.T.);
#4537 = ORIENTED_EDGE('',*,*,#4538,.T.);
#4538 = EDGE_CURVE('',#1732,#4539,#4541,.T.);
#4539 = VERTEX_POINT('',#4540);
#4540 = CARTESIAN_POINT('',(0.32,-2.22,8.38));
#4541 = LINE('',#4542,#4543);
#4542 = CARTESIAN_POINT('',(0.32,-2.22,-3.));
#4543 = VECTOR('',#4544,1.);
#4544 = DIRECTION('',(0.,0.,1.));
#4545 = ORIENTED_EDGE('',*,*,#4546,.F.);
#4546 = EDGE_CURVE('',#4530,#4539,#4547,.T.);
#4547 = LINE('',#4548,#4549);
#4548 = CARTESIAN_POINT('',(0.32,-2.86,8.38));
#4549 = VECTOR('',#4550,1.);
#4550 = DIRECTION('',(0.,1.,0.));
#4551 = PLANE('',#4552);
#4552 = AXIS2_PLACEMENT_3D('',#4553,#4554,#4555);
#4553 = CARTESIAN_POINT('',(0.32,-2.86,-3.));
#4554 = DIRECTION('',(1.,0.,0.));
#4555 = DIRECTION('',(0.,0.,1.));
#4556 = ADVANCED_FACE('',(#4557),#4575,.T.);
#4557 = FACE_BOUND('',#4558,.T.);
#4558 = EDGE_LOOP('',(#4559,#4560,#4561,#4569));
#4559 = ORIENTED_EDGE('',*,*,#4538,.F.);
#4560 = ORIENTED_EDGE('',*,*,#1755,.T.);
#4561 = ORIENTED_EDGE('',*,*,#4562,.T.);
#4562 = EDGE_CURVE('',#1748,#4563,#4565,.T.);
#4563 = VERTEX_POINT('',#4564);
#4564 = CARTESIAN_POINT('',(-0.32,-2.22,8.38));
#4565 = LINE('',#4566,#4567);
#4566 = CARTESIAN_POINT('',(-0.32,-2.22,-3.));
#4567 = VECTOR('',#4568,1.);
#4568 = DIRECTION('',(0.,0.,1.));
#4569 = ORIENTED_EDGE('',*,*,#4570,.T.);
#4570 = EDGE_CURVE('',#4563,#4539,#4571,.T.);
#4571 = LINE('',#4572,#4573);
#4572 = CARTESIAN_POINT('',(-0.32,-2.22,8.38));
#4573 = VECTOR('',#4574,1.);
#4574 = DIRECTION('',(1.,0.,0.));
#4575 = PLANE('',#4576);
#4576 = AXIS2_PLACEMENT_3D('',#4577,#4578,#4579);
#4577 = CARTESIAN_POINT('',(-0.32,-2.22,-3.));
#4578 = DIRECTION('',(0.,1.,0.));
#4579 = DIRECTION('',(0.,-0.,1.));
#4580 = ADVANCED_FACE('',(#4581),#4599,.F.);
#4581 = FACE_BOUND('',#4582,.F.);
#4582 = EDGE_LOOP('',(#4583,#4591,#4592,#4593));
#4583 = ORIENTED_EDGE('',*,*,#4584,.F.);
#4584 = EDGE_CURVE('',#1740,#4585,#4587,.T.);
#4585 = VERTEX_POINT('',#4586);
#4586 = CARTESIAN_POINT('',(-0.32,-2.86,8.38));
#4587 = LINE('',#4588,#4589);
#4588 = CARTESIAN_POINT('',(-0.32,-2.86,-3.));
#4589 = VECTOR('',#4590,1.);
#4590 = DIRECTION('',(0.,0.,1.));
#4591 = ORIENTED_EDGE('',*,*,#1747,.T.);
#4592 = ORIENTED_EDGE('',*,*,#4562,.T.);
#4593 = ORIENTED_EDGE('',*,*,#4594,.F.);
#4594 = EDGE_CURVE('',#4585,#4563,#4595,.T.);
#4595 = LINE('',#4596,#4597);
#4596 = CARTESIAN_POINT('',(-0.32,-2.86,8.38));
#4597 = VECTOR('',#4598,1.);
#4598 = DIRECTION('',(0.,1.,0.));
#4599 = PLANE('',#4600);
#4600 = AXIS2_PLACEMENT_3D('',#4601,#4602,#4603);
#4601 = CARTESIAN_POINT('',(-0.32,-2.86,-3.));
#4602 = DIRECTION('',(1.,0.,0.));
#4603 = DIRECTION('',(0.,0.,1.));
#4604 = ADVANCED_FACE('',(#4605),#4616,.F.);
#4605 = FACE_BOUND('',#4606,.F.);
#4606 = EDGE_LOOP('',(#4607,#4608,#4609,#4610));
#4607 = ORIENTED_EDGE('',*,*,#4529,.F.);
#4608 = ORIENTED_EDGE('',*,*,#1739,.T.);
#4609 = ORIENTED_EDGE('',*,*,#4584,.T.);
#4610 = ORIENTED_EDGE('',*,*,#4611,.T.);
#4611 = EDGE_CURVE('',#4585,#4530,#4612,.T.);
#4612 = LINE('',#4613,#4614);
#4613 = CARTESIAN_POINT('',(-0.32,-2.86,8.38));
#4614 = VECTOR('',#4615,1.);
#4615 = DIRECTION('',(1.,0.,0.));
#4616 = PLANE('',#4617);
#4617 = AXIS2_PLACEMENT_3D('',#4618,#4619,#4620);
#4618 = CARTESIAN_POINT('',(-0.32,-2.86,-3.));
#4619 = DIRECTION('',(0.,1.,0.));
#4620 = DIRECTION('',(0.,-0.,1.));
#4621 = ADVANCED_FACE('',(#4622),#4647,.T.);
#4622 = FACE_BOUND('',#4623,.T.);
#4623 = EDGE_LOOP('',(#4624,#4632,#4633,#4641));
#4624 = ORIENTED_EDGE('',*,*,#4625,.F.);
#4625 = EDGE_CURVE('',#1764,#4626,#4628,.T.);
#4626 = VERTEX_POINT('',#4627);
#4627 = CARTESIAN_POINT('',(0.32,-5.4,8.38));
#4628 = LINE('',#4629,#4630);
#4629 = CARTESIAN_POINT('',(0.32,-5.4,-3.));
#4630 = VECTOR('',#4631,1.);
#4631 = DIRECTION('',(0.,0.,1.));
#4632 = ORIENTED_EDGE('',*,*,#1763,.T.);
#4633 = ORIENTED_EDGE('',*,*,#4634,.T.);
#4634 = EDGE_CURVE('',#1766,#4635,#4637,.T.);
#4635 = VERTEX_POINT('',#4636);
#4636 = CARTESIAN_POINT('',(0.32,-4.76,8.38));
#4637 = LINE('',#4638,#4639);
#4638 = CARTESIAN_POINT('',(0.32,-4.76,-3.));
#4639 = VECTOR('',#4640,1.);
#4640 = DIRECTION('',(0.,0.,1.));
#4641 = ORIENTED_EDGE('',*,*,#4642,.F.);
#4642 = EDGE_CURVE('',#4626,#4635,#4643,.T.);
#4643 = LINE('',#4644,#4645);
#4644 = CARTESIAN_POINT('',(0.32,-5.4,8.38));
#4645 = VECTOR('',#4646,1.);
#4646 = DIRECTION('',(0.,1.,0.));
#4647 = PLANE('',#4648);
#4648 = AXIS2_PLACEMENT_3D('',#4649,#4650,#4651);
#4649 = CARTESIAN_POINT('',(0.32,-5.4,-3.));
#4650 = DIRECTION('',(1.,0.,0.));
#4651 = DIRECTION('',(0.,0.,1.));
#4652 = ADVANCED_FACE('',(#4653),#4671,.T.);
#4653 = FACE_BOUND('',#4654,.T.);
#4654 = EDGE_LOOP('',(#4655,#4656,#4657,#4665));
#4655 = ORIENTED_EDGE('',*,*,#4634,.F.);
#4656 = ORIENTED_EDGE('',*,*,#1789,.T.);
#4657 = ORIENTED_EDGE('',*,*,#4658,.T.);
#4658 = EDGE_CURVE('',#1782,#4659,#4661,.T.);
#4659 = VERTEX_POINT('',#4660);
#4660 = CARTESIAN_POINT('',(-0.32,-4.76,8.38));
#4661 = LINE('',#4662,#4663);
#4662 = CARTESIAN_POINT('',(-0.32,-4.76,-3.));
#4663 = VECTOR('',#4664,1.);
#4664 = DIRECTION('',(0.,0.,1.));
#4665 = ORIENTED_EDGE('',*,*,#4666,.T.);
#4666 = EDGE_CURVE('',#4659,#4635,#4667,.T.);
#4667 = LINE('',#4668,#4669);
#4668 = CARTESIAN_POINT('',(-0.32,-4.76,8.38));
#4669 = VECTOR('',#4670,1.);
#4670 = DIRECTION('',(1.,0.,0.));
#4671 = PLANE('',#4672);
#4672 = AXIS2_PLACEMENT_3D('',#4673,#4674,#4675);
#4673 = CARTESIAN_POINT('',(-0.32,-4.76,-3.));
#4674 = DIRECTION('',(0.,1.,0.));
#4675 = DIRECTION('',(0.,-0.,1.));
#4676 = ADVANCED_FACE('',(#4677),#4695,.F.);
#4677 = FACE_BOUND('',#4678,.F.);
#4678 = EDGE_LOOP('',(#4679,#4687,#4688,#4689));
#4679 = ORIENTED_EDGE('',*,*,#4680,.F.);
#4680 = EDGE_CURVE('',#1774,#4681,#4683,.T.);
#4681 = VERTEX_POINT('',#4682);
#4682 = CARTESIAN_POINT('',(-0.32,-5.4,8.38));
#4683 = LINE('',#4684,#4685);
#4684 = CARTESIAN_POINT('',(-0.32,-5.4,-3.));
#4685 = VECTOR('',#4686,1.);
#4686 = DIRECTION('',(0.,0.,1.));
#4687 = ORIENTED_EDGE('',*,*,#1781,.T.);
#4688 = ORIENTED_EDGE('',*,*,#4658,.T.);
#4689 = ORIENTED_EDGE('',*,*,#4690,.F.);
#4690 = EDGE_CURVE('',#4681,#4659,#4691,.T.);
#4691 = LINE('',#4692,#4693);
#4692 = CARTESIAN_POINT('',(-0.32,-5.4,8.38));
#4693 = VECTOR('',#4694,1.);
#4694 = DIRECTION('',(0.,1.,0.));
#4695 = PLANE('',#4696);
#4696 = AXIS2_PLACEMENT_3D('',#4697,#4698,#4699);
#4697 = CARTESIAN_POINT('',(-0.32,-5.4,-3.));
#4698 = DIRECTION('',(1.,0.,0.));
#4699 = DIRECTION('',(0.,0.,1.));
#4700 = ADVANCED_FACE('',(#4701),#4712,.F.);
#4701 = FACE_BOUND('',#4702,.F.);
#4702 = EDGE_LOOP('',(#4703,#4704,#4705,#4706));
#4703 = ORIENTED_EDGE('',*,*,#4625,.F.);
#4704 = ORIENTED_EDGE('',*,*,#1773,.T.);
#4705 = ORIENTED_EDGE('',*,*,#4680,.T.);
#4706 = ORIENTED_EDGE('',*,*,#4707,.T.);
#4707 = EDGE_CURVE('',#4681,#4626,#4708,.T.);
#4708 = LINE('',#4709,#4710);
#4709 = CARTESIAN_POINT('',(-0.32,-5.4,8.38));
#4710 = VECTOR('',#4711,1.);
#4711 = DIRECTION('',(1.,0.,0.));
#4712 = PLANE('',#4713);
#4713 = AXIS2_PLACEMENT_3D('',#4714,#4715,#4716);
#4714 = CARTESIAN_POINT('',(-0.32,-5.4,-3.));
#4715 = DIRECTION('',(0.,1.,0.));
#4716 = DIRECTION('',(0.,-0.,1.));
#4717 = ADVANCED_FACE('',(#4718),#4743,.F.);
#4718 = FACE_BOUND('',#4719,.F.);
#4719 = EDGE_LOOP('',(#4720,#4728,#4729,#4737));
#4720 = ORIENTED_EDGE('',*,*,#4721,.F.);
#4721 = EDGE_CURVE('',#2802,#4722,#4724,.T.);
#4722 = VERTEX_POINT('',#4723);
#4723 = CARTESIAN_POINT('',(0.16,-12.86,-3.));
#4724 = LINE('',#4725,#4726);
#4725 = CARTESIAN_POINT('',(0.16,-12.86,-3.));
#4726 = VECTOR('',#4727,1.);
#4727 = DIRECTION('',(-0.57735026919,0.57735026919,-0.57735026919));
#4728 = ORIENTED_EDGE('',*,*,#2809,.T.);
#4729 = ORIENTED_EDGE('',*,*,#4730,.T.);
#4730 = EDGE_CURVE('',#2810,#4731,#4733,.T.);
#4731 = VERTEX_POINT('',#4732);
#4732 = CARTESIAN_POINT('',(0.16,-12.54,-3.));
#4733 = LINE('',#4734,#4735);
#4734 = CARTESIAN_POINT('',(5.333333333333E-02,-12.64666666666,
    -3.106666666667));
#4735 = VECTOR('',#4736,1.);
#4736 = DIRECTION('',(-0.57735026919,-0.57735026919,-0.57735026919));
#4737 = ORIENTED_EDGE('',*,*,#4738,.F.);
#4738 = EDGE_CURVE('',#4722,#4731,#4739,.T.);
#4739 = LINE('',#4740,#4741);
#4740 = CARTESIAN_POINT('',(0.16,-13.02,-3.));
#4741 = VECTOR('',#4742,1.);
#4742 = DIRECTION('',(0.,1.,0.));
#4743 = PLANE('',#4744);
#4744 = AXIS2_PLACEMENT_3D('',#4745,#4746,#4747);
#4745 = CARTESIAN_POINT('',(0.24,-13.02,-2.92));
#4746 = DIRECTION('',(-0.707106781187,1.735167508357E-18,0.707106781187)
  );
#4747 = DIRECTION('',(1.226948711654E-18,1.,-1.226948711654E-18));
#4748 = ADVANCED_FACE('',(#4749),#4767,.F.);
#4749 = FACE_BOUND('',#4750,.T.);
#4750 = EDGE_LOOP('',(#4751,#4759,#4760,#4761));
#4751 = ORIENTED_EDGE('',*,*,#4752,.F.);
#4752 = EDGE_CURVE('',#2834,#4753,#4755,.T.);
#4753 = VERTEX_POINT('',#4754);
#4754 = CARTESIAN_POINT('',(-0.16,-12.54,-3.));
#4755 = LINE('',#4756,#4757);
#4756 = CARTESIAN_POINT('',(-0.16,-12.54,-3.));
#4757 = VECTOR('',#4758,1.);
#4758 = DIRECTION('',(0.57735026919,-0.57735026919,-0.57735026919));
#4759 = ORIENTED_EDGE('',*,*,#2833,.T.);
#4760 = ORIENTED_EDGE('',*,*,#4730,.T.);
#4761 = ORIENTED_EDGE('',*,*,#4762,.F.);
#4762 = EDGE_CURVE('',#4753,#4731,#4763,.T.);
#4763 = LINE('',#4764,#4765);
#4764 = CARTESIAN_POINT('',(-0.32,-12.54,-3.));
#4765 = VECTOR('',#4766,1.);
#4766 = DIRECTION('',(1.,0.,0.));
#4767 = PLANE('',#4768);
#4768 = AXIS2_PLACEMENT_3D('',#4769,#4770,#4771);
#4769 = CARTESIAN_POINT('',(-0.32,-12.46,-2.92));
#4770 = DIRECTION('',(-1.735167508357E-18,-0.707106781187,0.707106781187
    ));
#4771 = DIRECTION('',(-1.,1.226948711654E-18,-1.226948711654E-18));
#4772 = ADVANCED_FACE('',(#4773),#4791,.T.);
#4773 = FACE_BOUND('',#4774,.T.);
#4774 = EDGE_LOOP('',(#4775,#4783,#4784,#4785));
#4775 = ORIENTED_EDGE('',*,*,#4776,.F.);
#4776 = EDGE_CURVE('',#2857,#4777,#4779,.T.);
#4777 = VERTEX_POINT('',#4778);
#4778 = CARTESIAN_POINT('',(-0.16,-12.86,-3.));
#4779 = LINE('',#4780,#4781);
#4780 = CARTESIAN_POINT('',(-0.266666666667,-12.96666666666,
    -2.893333333333));
#4781 = VECTOR('',#4782,1.);
#4782 = DIRECTION('',(0.57735026919,0.57735026919,-0.57735026919));
#4783 = ORIENTED_EDGE('',*,*,#2864,.T.);
#4784 = ORIENTED_EDGE('',*,*,#4752,.T.);
#4785 = ORIENTED_EDGE('',*,*,#4786,.F.);
#4786 = EDGE_CURVE('',#4777,#4753,#4787,.T.);
#4787 = LINE('',#4788,#4789);
#4788 = CARTESIAN_POINT('',(-0.16,-13.02,-3.));
#4789 = VECTOR('',#4790,1.);
#4790 = DIRECTION('',(0.,1.,0.));
#4791 = PLANE('',#4792);
#4792 = AXIS2_PLACEMENT_3D('',#4793,#4794,#4795);
#4793 = CARTESIAN_POINT('',(-0.24,-13.02,-2.92));
#4794 = DIRECTION('',(-0.707106781187,-1.735167508357E-18,
    -0.707106781187));
#4795 = DIRECTION('',(-1.226948711654E-18,1.,-1.226948711654E-18));
#4796 = ADVANCED_FACE('',(#4797),#4808,.T.);
#4797 = FACE_BOUND('',#4798,.F.);
#4798 = EDGE_LOOP('',(#4799,#4800,#4801,#4802));
#4799 = ORIENTED_EDGE('',*,*,#4776,.F.);
#4800 = ORIENTED_EDGE('',*,*,#2881,.T.);
#4801 = ORIENTED_EDGE('',*,*,#4721,.T.);
#4802 = ORIENTED_EDGE('',*,*,#4803,.F.);
#4803 = EDGE_CURVE('',#4777,#4722,#4804,.T.);
#4804 = LINE('',#4805,#4806);
#4805 = CARTESIAN_POINT('',(-0.32,-12.86,-3.));
#4806 = VECTOR('',#4807,1.);
#4807 = DIRECTION('',(1.,0.,0.));
#4808 = PLANE('',#4809);
#4809 = AXIS2_PLACEMENT_3D('',#4810,#4811,#4812);
#4810 = CARTESIAN_POINT('',(-0.32,-12.94,-2.92));
#4811 = DIRECTION('',(1.735167508357E-18,-0.707106781187,-0.707106781187
    ));
#4812 = DIRECTION('',(-1.,-1.226948711654E-18,-1.226948711654E-18));
#4813 = ADVANCED_FACE('',(#4814),#4839,.F.);
#4814 = FACE_BOUND('',#4815,.F.);
#4815 = EDGE_LOOP('',(#4816,#4824,#4825,#4833));
#4816 = ORIENTED_EDGE('',*,*,#4817,.F.);
#4817 = EDGE_CURVE('',#2898,#4818,#4820,.T.);
#4818 = VERTEX_POINT('',#4819);
#4819 = CARTESIAN_POINT('',(0.16,-10.32,-3.));
#4820 = LINE('',#4821,#4822);
#4821 = CARTESIAN_POINT('',(0.16,-10.32,-3.));
#4822 = VECTOR('',#4823,1.);
#4823 = DIRECTION('',(-0.57735026919,0.57735026919,-0.57735026919));
#4824 = ORIENTED_EDGE('',*,*,#2905,.T.);
#4825 = ORIENTED_EDGE('',*,*,#4826,.T.);
#4826 = EDGE_CURVE('',#2906,#4827,#4829,.T.);
#4827 = VERTEX_POINT('',#4828);
#4828 = CARTESIAN_POINT('',(0.16,-10.,-3.));
#4829 = LINE('',#4830,#4831);
#4830 = CARTESIAN_POINT('',(5.333333333333E-02,-10.10666666666,
    -3.106666666667));
#4831 = VECTOR('',#4832,1.);
#4832 = DIRECTION('',(-0.57735026919,-0.57735026919,-0.57735026919));
#4833 = ORIENTED_EDGE('',*,*,#4834,.F.);
#4834 = EDGE_CURVE('',#4818,#4827,#4835,.T.);
#4835 = LINE('',#4836,#4837);
#4836 = CARTESIAN_POINT('',(0.16,-10.48,-3.));
#4837 = VECTOR('',#4838,1.);
#4838 = DIRECTION('',(0.,1.,0.));
#4839 = PLANE('',#4840);
#4840 = AXIS2_PLACEMENT_3D('',#4841,#4842,#4843);
#4841 = CARTESIAN_POINT('',(0.24,-10.48,-2.92));
#4842 = DIRECTION('',(-0.707106781187,1.735167508357E-18,0.707106781187)
  );
#4843 = DIRECTION('',(1.226948711654E-18,1.,-1.226948711654E-18));
#4844 = ADVANCED_FACE('',(#4845),#4863,.F.);
#4845 = FACE_BOUND('',#4846,.T.);
#4846 = EDGE_LOOP('',(#4847,#4855,#4856,#4857));
#4847 = ORIENTED_EDGE('',*,*,#4848,.F.);
#4848 = EDGE_CURVE('',#2930,#4849,#4851,.T.);
#4849 = VERTEX_POINT('',#4850);
#4850 = CARTESIAN_POINT('',(-0.16,-10.,-3.));
#4851 = LINE('',#4852,#4853);
#4852 = CARTESIAN_POINT('',(-0.16,-10.,-3.));
#4853 = VECTOR('',#4854,1.);
#4854 = DIRECTION('',(0.57735026919,-0.57735026919,-0.57735026919));
#4855 = ORIENTED_EDGE('',*,*,#2929,.T.);
#4856 = ORIENTED_EDGE('',*,*,#4826,.T.);
#4857 = ORIENTED_EDGE('',*,*,#4858,.F.);
#4858 = EDGE_CURVE('',#4849,#4827,#4859,.T.);
#4859 = LINE('',#4860,#4861);
#4860 = CARTESIAN_POINT('',(-0.32,-10.,-3.));
#4861 = VECTOR('',#4862,1.);
#4862 = DIRECTION('',(1.,0.,0.));
#4863 = PLANE('',#4864);
#4864 = AXIS2_PLACEMENT_3D('',#4865,#4866,#4867);
#4865 = CARTESIAN_POINT('',(-0.32,-9.92,-2.92));
#4866 = DIRECTION('',(-1.735167508357E-18,-0.707106781187,0.707106781187
    ));
#4867 = DIRECTION('',(-1.,1.226948711654E-18,-1.226948711654E-18));
#4868 = ADVANCED_FACE('',(#4869),#4887,.T.);
#4869 = FACE_BOUND('',#4870,.T.);
#4870 = EDGE_LOOP('',(#4871,#4879,#4880,#4881));
#4871 = ORIENTED_EDGE('',*,*,#4872,.F.);
#4872 = EDGE_CURVE('',#2953,#4873,#4875,.T.);
#4873 = VERTEX_POINT('',#4874);
#4874 = CARTESIAN_POINT('',(-0.16,-10.32,-3.));
#4875 = LINE('',#4876,#4877);
#4876 = CARTESIAN_POINT('',(-0.266666666667,-10.42666666666,
    -2.893333333333));
#4877 = VECTOR('',#4878,1.);
#4878 = DIRECTION('',(0.57735026919,0.57735026919,-0.57735026919));
#4879 = ORIENTED_EDGE('',*,*,#2960,.T.);
#4880 = ORIENTED_EDGE('',*,*,#4848,.T.);
#4881 = ORIENTED_EDGE('',*,*,#4882,.F.);
#4882 = EDGE_CURVE('',#4873,#4849,#4883,.T.);
#4883 = LINE('',#4884,#4885);
#4884 = CARTESIAN_POINT('',(-0.16,-10.48,-3.));
#4885 = VECTOR('',#4886,1.);
#4886 = DIRECTION('',(0.,1.,0.));
#4887 = PLANE('',#4888);
#4888 = AXIS2_PLACEMENT_3D('',#4889,#4890,#4891);
#4889 = CARTESIAN_POINT('',(-0.24,-10.48,-2.92));
#4890 = DIRECTION('',(-0.707106781187,-1.735167508357E-18,
    -0.707106781187));
#4891 = DIRECTION('',(-1.226948711654E-18,1.,-1.226948711654E-18));
#4892 = ADVANCED_FACE('',(#4893),#4904,.T.);
#4893 = FACE_BOUND('',#4894,.F.);
#4894 = EDGE_LOOP('',(#4895,#4896,#4897,#4898));
#4895 = ORIENTED_EDGE('',*,*,#4872,.F.);
#4896 = ORIENTED_EDGE('',*,*,#2977,.T.);
#4897 = ORIENTED_EDGE('',*,*,#4817,.T.);
#4898 = ORIENTED_EDGE('',*,*,#4899,.F.);
#4899 = EDGE_CURVE('',#4873,#4818,#4900,.T.);
#4900 = LINE('',#4901,#4902);
#4901 = CARTESIAN_POINT('',(-0.32,-10.32,-3.));
#4902 = VECTOR('',#4903,1.);
#4903 = DIRECTION('',(1.,0.,0.));
#4904 = PLANE('',#4905);
#4905 = AXIS2_PLACEMENT_3D('',#4906,#4907,#4908);
#4906 = CARTESIAN_POINT('',(-0.32,-10.4,-2.92));
#4907 = DIRECTION('',(1.735167508357E-18,-0.707106781187,-0.707106781187
    ));
#4908 = DIRECTION('',(-1.,-1.226948711654E-18,-1.226948711654E-18));
#4909 = ADVANCED_FACE('',(#4910),#4935,.F.);
#4910 = FACE_BOUND('',#4911,.F.);
#4911 = EDGE_LOOP('',(#4912,#4920,#4921,#4929));
#4912 = ORIENTED_EDGE('',*,*,#4913,.F.);
#4913 = EDGE_CURVE('',#2994,#4914,#4916,.T.);
#4914 = VERTEX_POINT('',#4915);
#4915 = CARTESIAN_POINT('',(0.16,-7.78,-3.));
#4916 = LINE('',#4917,#4918);
#4917 = CARTESIAN_POINT('',(0.16,-7.78,-3.));
#4918 = VECTOR('',#4919,1.);
#4919 = DIRECTION('',(-0.57735026919,0.57735026919,-0.57735026919));
#4920 = ORIENTED_EDGE('',*,*,#3001,.T.);
#4921 = ORIENTED_EDGE('',*,*,#4922,.T.);
#4922 = EDGE_CURVE('',#3002,#4923,#4925,.T.);
#4923 = VERTEX_POINT('',#4924);
#4924 = CARTESIAN_POINT('',(0.16,-7.46,-3.));
#4925 = LINE('',#4926,#4927);
#4926 = CARTESIAN_POINT('',(5.333333333333E-02,-7.566666666667,
    -3.106666666667));
#4927 = VECTOR('',#4928,1.);
#4928 = DIRECTION('',(-0.57735026919,-0.57735026919,-0.57735026919));
#4929 = ORIENTED_EDGE('',*,*,#4930,.F.);
#4930 = EDGE_CURVE('',#4914,#4923,#4931,.T.);
#4931 = LINE('',#4932,#4933);
#4932 = CARTESIAN_POINT('',(0.16,-7.94,-3.));
#4933 = VECTOR('',#4934,1.);
#4934 = DIRECTION('',(0.,1.,0.));
#4935 = PLANE('',#4936);
#4936 = AXIS2_PLACEMENT_3D('',#4937,#4938,#4939);
#4937 = CARTESIAN_POINT('',(0.24,-7.94,-2.92));
#4938 = DIRECTION('',(-0.707106781187,1.735167508357E-18,0.707106781187)
  );
#4939 = DIRECTION('',(1.226948711654E-18,1.,-1.226948711654E-18));
#4940 = ADVANCED_FACE('',(#4941),#4959,.F.);
#4941 = FACE_BOUND('',#4942,.T.);
#4942 = EDGE_LOOP('',(#4943,#4951,#4952,#4953));
#4943 = ORIENTED_EDGE('',*,*,#4944,.F.);
#4944 = EDGE_CURVE('',#3026,#4945,#4947,.T.);
#4945 = VERTEX_POINT('',#4946);
#4946 = CARTESIAN_POINT('',(-0.16,-7.46,-3.));
#4947 = LINE('',#4948,#4949);
#4948 = CARTESIAN_POINT('',(-0.16,-7.46,-3.));
#4949 = VECTOR('',#4950,1.);
#4950 = DIRECTION('',(0.57735026919,-0.57735026919,-0.57735026919));
#4951 = ORIENTED_EDGE('',*,*,#3025,.T.);
#4952 = ORIENTED_EDGE('',*,*,#4922,.T.);
#4953 = ORIENTED_EDGE('',*,*,#4954,.F.);
#4954 = EDGE_CURVE('',#4945,#4923,#4955,.T.);
#4955 = LINE('',#4956,#4957);
#4956 = CARTESIAN_POINT('',(-0.32,-7.46,-3.));
#4957 = VECTOR('',#4958,1.);
#4958 = DIRECTION('',(1.,0.,0.));
#4959 = PLANE('',#4960);
#4960 = AXIS2_PLACEMENT_3D('',#4961,#4962,#4963);
#4961 = CARTESIAN_POINT('',(-0.32,-7.38,-2.92));
#4962 = DIRECTION('',(-1.735167508357E-18,-0.707106781187,0.707106781187
    ));
#4963 = DIRECTION('',(-1.,1.226948711654E-18,-1.226948711654E-18));
#4964 = ADVANCED_FACE('',(#4965),#4983,.T.);
#4965 = FACE_BOUND('',#4966,.T.);
#4966 = EDGE_LOOP('',(#4967,#4975,#4976,#4977));
#4967 = ORIENTED_EDGE('',*,*,#4968,.F.);
#4968 = EDGE_CURVE('',#3049,#4969,#4971,.T.);
#4969 = VERTEX_POINT('',#4970);
#4970 = CARTESIAN_POINT('',(-0.16,-7.78,-3.));
#4971 = LINE('',#4972,#4973);
#4972 = CARTESIAN_POINT('',(-0.266666666667,-7.886666666667,
    -2.893333333333));
#4973 = VECTOR('',#4974,1.);
#4974 = DIRECTION('',(0.57735026919,0.57735026919,-0.57735026919));
#4975 = ORIENTED_EDGE('',*,*,#3056,.T.);
#4976 = ORIENTED_EDGE('',*,*,#4944,.T.);
#4977 = ORIENTED_EDGE('',*,*,#4978,.F.);
#4978 = EDGE_CURVE('',#4969,#4945,#4979,.T.);
#4979 = LINE('',#4980,#4981);
#4980 = CARTESIAN_POINT('',(-0.16,-7.94,-3.));
#4981 = VECTOR('',#4982,1.);
#4982 = DIRECTION('',(0.,1.,0.));
#4983 = PLANE('',#4984);
#4984 = AXIS2_PLACEMENT_3D('',#4985,#4986,#4987);
#4985 = CARTESIAN_POINT('',(-0.24,-7.94,-2.92));
#4986 = DIRECTION('',(-0.707106781187,-1.735167508357E-18,
    -0.707106781187));
#4987 = DIRECTION('',(-1.226948711654E-18,1.,-1.226948711654E-18));
#4988 = ADVANCED_FACE('',(#4989),#5000,.T.);
#4989 = FACE_BOUND('',#4990,.F.);
#4990 = EDGE_LOOP('',(#4991,#4992,#4993,#4994));
#4991 = ORIENTED_EDGE('',*,*,#4968,.F.);
#4992 = ORIENTED_EDGE('',*,*,#3073,.T.);
#4993 = ORIENTED_EDGE('',*,*,#4913,.T.);
#4994 = ORIENTED_EDGE('',*,*,#4995,.F.);
#4995 = EDGE_CURVE('',#4969,#4914,#4996,.T.);
#4996 = LINE('',#4997,#4998);
#4997 = CARTESIAN_POINT('',(-0.32,-7.78,-3.));
#4998 = VECTOR('',#4999,1.);
#4999 = DIRECTION('',(1.,0.,0.));
#5000 = PLANE('',#5001);
#5001 = AXIS2_PLACEMENT_3D('',#5002,#5003,#5004);
#5002 = CARTESIAN_POINT('',(-0.32,-7.86,-2.92));
#5003 = DIRECTION('',(1.735167508357E-18,-0.707106781187,-0.707106781187
    ));
#5004 = DIRECTION('',(-1.,-1.226948711654E-18,-1.226948711654E-18));
#5005 = ADVANCED_FACE('',(#5006),#5031,.T.);
#5006 = FACE_BOUND('',#5007,.F.);
#5007 = EDGE_LOOP('',(#5008,#5016,#5017,#5025));
#5008 = ORIENTED_EDGE('',*,*,#5009,.F.);
#5009 = EDGE_CURVE('',#3098,#5010,#5012,.T.);
#5010 = VERTEX_POINT('',#5011);
#5011 = CARTESIAN_POINT('',(-0.16,-17.94,-3.));
#5012 = LINE('',#5013,#5014);
#5013 = CARTESIAN_POINT('',(-0.266666666667,-18.04666666666,
    -2.893333333333));
#5014 = VECTOR('',#5015,1.);
#5015 = DIRECTION('',(0.57735026919,0.57735026919,-0.57735026919));
#5016 = ORIENTED_EDGE('',*,*,#3097,.T.);
#5017 = ORIENTED_EDGE('',*,*,#5018,.T.);
#5018 = EDGE_CURVE('',#3090,#5019,#5021,.T.);
#5019 = VERTEX_POINT('',#5020);
#5020 = CARTESIAN_POINT('',(0.16,-17.94,-3.));
#5021 = LINE('',#5022,#5023);
#5022 = CARTESIAN_POINT('',(0.16,-17.94,-3.));
#5023 = VECTOR('',#5024,1.);
#5024 = DIRECTION('',(-0.57735026919,0.57735026919,-0.57735026919));
#5025 = ORIENTED_EDGE('',*,*,#5026,.F.);
#5026 = EDGE_CURVE('',#5010,#5019,#5027,.T.);
#5027 = LINE('',#5028,#5029);
#5028 = CARTESIAN_POINT('',(-0.32,-17.94,-3.));
#5029 = VECTOR('',#5030,1.);
#5030 = DIRECTION('',(1.,0.,0.));
#5031 = PLANE('',#5032);
#5032 = AXIS2_PLACEMENT_3D('',#5033,#5034,#5035);
#5033 = CARTESIAN_POINT('',(-0.32,-18.02,-2.92));
#5034 = DIRECTION('',(1.735167508357E-18,-0.707106781187,-0.707106781187
    ));
#5035 = DIRECTION('',(-1.,-1.226948711654E-18,-1.226948711654E-18));
#5036 = ADVANCED_FACE('',(#5037),#5055,.F.);
#5037 = FACE_BOUND('',#5038,.F.);
#5038 = EDGE_LOOP('',(#5039,#5040,#5041,#5049));
#5039 = ORIENTED_EDGE('',*,*,#5018,.F.);
#5040 = ORIENTED_EDGE('',*,*,#3121,.T.);
#5041 = ORIENTED_EDGE('',*,*,#5042,.T.);
#5042 = EDGE_CURVE('',#3122,#5043,#5045,.T.);
#5043 = VERTEX_POINT('',#5044);
#5044 = CARTESIAN_POINT('',(0.16,-17.62,-3.));
#5045 = LINE('',#5046,#5047);
#5046 = CARTESIAN_POINT('',(5.333333333333E-02,-17.72666666666,
    -3.106666666667));
#5047 = VECTOR('',#5048,1.);
#5048 = DIRECTION('',(-0.57735026919,-0.57735026919,-0.57735026919));
#5049 = ORIENTED_EDGE('',*,*,#5050,.F.);
#5050 = EDGE_CURVE('',#5019,#5043,#5051,.T.);
#5051 = LINE('',#5052,#5053);
#5052 = CARTESIAN_POINT('',(0.16,-18.1,-3.));
#5053 = VECTOR('',#5054,1.);
#5054 = DIRECTION('',(0.,1.,0.));
#5055 = PLANE('',#5056);
#5056 = AXIS2_PLACEMENT_3D('',#5057,#5058,#5059);
#5057 = CARTESIAN_POINT('',(0.24,-18.1,-2.92));
#5058 = DIRECTION('',(-0.707106781187,1.735167508357E-18,0.707106781187)
  );
#5059 = DIRECTION('',(1.226948711654E-18,1.,-1.226948711654E-18));
#5060 = ADVANCED_FACE('',(#5061),#5079,.F.);
#5061 = FACE_BOUND('',#5062,.T.);
#5062 = EDGE_LOOP('',(#5063,#5071,#5072,#5073));
#5063 = ORIENTED_EDGE('',*,*,#5064,.F.);
#5064 = EDGE_CURVE('',#3146,#5065,#5067,.T.);
#5065 = VERTEX_POINT('',#5066);
#5066 = CARTESIAN_POINT('',(-0.16,-17.62,-3.));
#5067 = LINE('',#5068,#5069);
#5068 = CARTESIAN_POINT('',(-0.16,-17.62,-3.));
#5069 = VECTOR('',#5070,1.);
#5070 = DIRECTION('',(0.57735026919,-0.57735026919,-0.57735026919));
#5071 = ORIENTED_EDGE('',*,*,#3145,.T.);
#5072 = ORIENTED_EDGE('',*,*,#5042,.T.);
#5073 = ORIENTED_EDGE('',*,*,#5074,.F.);
#5074 = EDGE_CURVE('',#5065,#5043,#5075,.T.);
#5075 = LINE('',#5076,#5077);
#5076 = CARTESIAN_POINT('',(-0.32,-17.62,-3.));
#5077 = VECTOR('',#5078,1.);
#5078 = DIRECTION('',(1.,0.,0.));
#5079 = PLANE('',#5080);
#5080 = AXIS2_PLACEMENT_3D('',#5081,#5082,#5083);
#5081 = CARTESIAN_POINT('',(-0.32,-17.54,-2.92));
#5082 = DIRECTION('',(-1.735167508357E-18,-0.707106781187,0.707106781187
    ));
#5083 = DIRECTION('',(-1.,1.226948711654E-18,-1.226948711654E-18));
#5084 = ADVANCED_FACE('',(#5085),#5096,.T.);
#5085 = FACE_BOUND('',#5086,.T.);
#5086 = EDGE_LOOP('',(#5087,#5088,#5089,#5090));
#5087 = ORIENTED_EDGE('',*,*,#5009,.F.);
#5088 = ORIENTED_EDGE('',*,*,#3169,.T.);
#5089 = ORIENTED_EDGE('',*,*,#5064,.T.);
#5090 = ORIENTED_EDGE('',*,*,#5091,.F.);
#5091 = EDGE_CURVE('',#5010,#5065,#5092,.T.);
#5092 = LINE('',#5093,#5094);
#5093 = CARTESIAN_POINT('',(-0.16,-18.1,-3.));
#5094 = VECTOR('',#5095,1.);
#5095 = DIRECTION('',(0.,1.,0.));
#5096 = PLANE('',#5097);
#5097 = AXIS2_PLACEMENT_3D('',#5098,#5099,#5100);
#5098 = CARTESIAN_POINT('',(-0.24,-18.1,-2.92));
#5099 = DIRECTION('',(-0.707106781187,-1.735167508357E-18,
    -0.707106781187));
#5100 = DIRECTION('',(-1.226948711654E-18,1.,-1.226948711654E-18));
#5101 = ADVANCED_FACE('',(#5102),#5127,.F.);
#5102 = FACE_BOUND('',#5103,.F.);
#5103 = EDGE_LOOP('',(#5104,#5112,#5113,#5121));
#5104 = ORIENTED_EDGE('',*,*,#5105,.F.);
#5105 = EDGE_CURVE('',#3186,#5106,#5108,.T.);
#5106 = VERTEX_POINT('',#5107);
#5107 = CARTESIAN_POINT('',(0.16,-15.4,-3.));
#5108 = LINE('',#5109,#5110);
#5109 = CARTESIAN_POINT('',(0.16,-15.4,-3.));
#5110 = VECTOR('',#5111,1.);
#5111 = DIRECTION('',(-0.57735026919,0.57735026919,-0.57735026919));
#5112 = ORIENTED_EDGE('',*,*,#3193,.T.);
#5113 = ORIENTED_EDGE('',*,*,#5114,.T.);
#5114 = EDGE_CURVE('',#3194,#5115,#5117,.T.);
#5115 = VERTEX_POINT('',#5116);
#5116 = CARTESIAN_POINT('',(0.16,-15.08,-3.));
#5117 = LINE('',#5118,#5119);
#5118 = CARTESIAN_POINT('',(5.333333333333E-02,-15.18666666666,
    -3.106666666667));
#5119 = VECTOR('',#5120,1.);
#5120 = DIRECTION('',(-0.57735026919,-0.57735026919,-0.57735026919));
#5121 = ORIENTED_EDGE('',*,*,#5122,.F.);
#5122 = EDGE_CURVE('',#5106,#5115,#5123,.T.);
#5123 = LINE('',#5124,#5125);
#5124 = CARTESIAN_POINT('',(0.16,-15.56,-3.));
#5125 = VECTOR('',#5126,1.);
#5126 = DIRECTION('',(0.,1.,0.));
#5127 = PLANE('',#5128);
#5128 = AXIS2_PLACEMENT_3D('',#5129,#5130,#5131);
#5129 = CARTESIAN_POINT('',(0.24,-15.56,-2.92));
#5130 = DIRECTION('',(-0.707106781187,1.735167508357E-18,0.707106781187)
  );
#5131 = DIRECTION('',(1.226948711654E-18,1.,-1.226948711654E-18));
#5132 = ADVANCED_FACE('',(#5133),#5151,.F.);
#5133 = FACE_BOUND('',#5134,.T.);
#5134 = EDGE_LOOP('',(#5135,#5143,#5144,#5145));
#5135 = ORIENTED_EDGE('',*,*,#5136,.F.);
#5136 = EDGE_CURVE('',#3218,#5137,#5139,.T.);
#5137 = VERTEX_POINT('',#5138);
#5138 = CARTESIAN_POINT('',(-0.16,-15.08,-3.));
#5139 = LINE('',#5140,#5141);
#5140 = CARTESIAN_POINT('',(-0.16,-15.08,-3.));
#5141 = VECTOR('',#5142,1.);
#5142 = DIRECTION('',(0.57735026919,-0.57735026919,-0.57735026919));
#5143 = ORIENTED_EDGE('',*,*,#3217,.T.);
#5144 = ORIENTED_EDGE('',*,*,#5114,.T.);
#5145 = ORIENTED_EDGE('',*,*,#5146,.F.);
#5146 = EDGE_CURVE('',#5137,#5115,#5147,.T.);
#5147 = LINE('',#5148,#5149);
#5148 = CARTESIAN_POINT('',(-0.32,-15.08,-3.));
#5149 = VECTOR('',#5150,1.);
#5150 = DIRECTION('',(1.,0.,0.));
#5151 = PLANE('',#5152);
#5152 = AXIS2_PLACEMENT_3D('',#5153,#5154,#5155);
#5153 = CARTESIAN_POINT('',(-0.32,-15.,-2.92));
#5154 = DIRECTION('',(-1.735167508357E-18,-0.707106781187,0.707106781187
    ));
#5155 = DIRECTION('',(-1.,1.226948711654E-18,-1.226948711654E-18));
#5156 = ADVANCED_FACE('',(#5157),#5175,.T.);
#5157 = FACE_BOUND('',#5158,.T.);
#5158 = EDGE_LOOP('',(#5159,#5167,#5168,#5169));
#5159 = ORIENTED_EDGE('',*,*,#5160,.F.);
#5160 = EDGE_CURVE('',#3241,#5161,#5163,.T.);
#5161 = VERTEX_POINT('',#5162);
#5162 = CARTESIAN_POINT('',(-0.16,-15.4,-3.));
#5163 = LINE('',#5164,#5165);
#5164 = CARTESIAN_POINT('',(-0.266666666667,-15.50666666666,
    -2.893333333333));
#5165 = VECTOR('',#5166,1.);
#5166 = DIRECTION('',(0.57735026919,0.57735026919,-0.57735026919));
#5167 = ORIENTED_EDGE('',*,*,#3248,.T.);
#5168 = ORIENTED_EDGE('',*,*,#5136,.T.);
#5169 = ORIENTED_EDGE('',*,*,#5170,.F.);
#5170 = EDGE_CURVE('',#5161,#5137,#5171,.T.);
#5171 = LINE('',#5172,#5173);
#5172 = CARTESIAN_POINT('',(-0.16,-15.56,-3.));
#5173 = VECTOR('',#5174,1.);
#5174 = DIRECTION('',(0.,1.,0.));
#5175 = PLANE('',#5176);
#5176 = AXIS2_PLACEMENT_3D('',#5177,#5178,#5179);
#5177 = CARTESIAN_POINT('',(-0.24,-15.56,-2.92));
#5178 = DIRECTION('',(-0.707106781187,-1.735167508357E-18,
    -0.707106781187));
#5179 = DIRECTION('',(-1.226948711654E-18,1.,-1.226948711654E-18));
#5180 = ADVANCED_FACE('',(#5181),#5192,.T.);
#5181 = FACE_BOUND('',#5182,.F.);
#5182 = EDGE_LOOP('',(#5183,#5184,#5185,#5186));
#5183 = ORIENTED_EDGE('',*,*,#5160,.F.);
#5184 = ORIENTED_EDGE('',*,*,#3265,.T.);
#5185 = ORIENTED_EDGE('',*,*,#5105,.T.);
#5186 = ORIENTED_EDGE('',*,*,#5187,.F.);
#5187 = EDGE_CURVE('',#5161,#5106,#5188,.T.);
#5188 = LINE('',#5189,#5190);
#5189 = CARTESIAN_POINT('',(-0.32,-15.4,-3.));
#5190 = VECTOR('',#5191,1.);
#5191 = DIRECTION('',(1.,0.,0.));
#5192 = PLANE('',#5193);
#5193 = AXIS2_PLACEMENT_3D('',#5194,#5195,#5196);
#5194 = CARTESIAN_POINT('',(-0.32,-15.48,-2.92));
#5195 = DIRECTION('',(1.735167508357E-18,-0.707106781187,-0.707106781187
    ));
#5196 = DIRECTION('',(-1.,-1.226948711654E-18,-1.226948711654E-18));
#5197 = ADVANCED_FACE('',(#5198),#5223,.F.);
#5198 = FACE_BOUND('',#5199,.F.);
#5199 = EDGE_LOOP('',(#5200,#5208,#5209,#5217));
#5200 = ORIENTED_EDGE('',*,*,#5201,.F.);
#5201 = EDGE_CURVE('',#3282,#5202,#5204,.T.);
#5202 = VERTEX_POINT('',#5203);
#5203 = CARTESIAN_POINT('',(0.16,-23.02,-3.));
#5204 = LINE('',#5205,#5206);
#5205 = CARTESIAN_POINT('',(0.16,-23.02,-3.));
#5206 = VECTOR('',#5207,1.);
#5207 = DIRECTION('',(-0.57735026919,0.57735026919,-0.57735026919));
#5208 = ORIENTED_EDGE('',*,*,#3289,.T.);
#5209 = ORIENTED_EDGE('',*,*,#5210,.T.);
#5210 = EDGE_CURVE('',#3290,#5211,#5213,.T.);
#5211 = VERTEX_POINT('',#5212);
#5212 = CARTESIAN_POINT('',(0.16,-22.7,-3.));
#5213 = LINE('',#5214,#5215);
#5214 = CARTESIAN_POINT('',(5.333333333333E-02,-22.80666666666,
    -3.106666666667));
#5215 = VECTOR('',#5216,1.);
#5216 = DIRECTION('',(-0.57735026919,-0.57735026919,-0.57735026919));
#5217 = ORIENTED_EDGE('',*,*,#5218,.F.);
#5218 = EDGE_CURVE('',#5202,#5211,#5219,.T.);
#5219 = LINE('',#5220,#5221);
#5220 = CARTESIAN_POINT('',(0.16,-23.18,-3.));
#5221 = VECTOR('',#5222,1.);
#5222 = DIRECTION('',(0.,1.,0.));
#5223 = PLANE('',#5224);
#5224 = AXIS2_PLACEMENT_3D('',#5225,#5226,#5227);
#5225 = CARTESIAN_POINT('',(0.24,-23.18,-2.92));
#5226 = DIRECTION('',(-0.707106781187,1.735167508357E-18,0.707106781187)
  );
#5227 = DIRECTION('',(1.226948711654E-18,1.,-1.226948711654E-18));
#5228 = ADVANCED_FACE('',(#5229),#5247,.F.);
#5229 = FACE_BOUND('',#5230,.T.);
#5230 = EDGE_LOOP('',(#5231,#5239,#5240,#5241));
#5231 = ORIENTED_EDGE('',*,*,#5232,.F.);
#5232 = EDGE_CURVE('',#3314,#5233,#5235,.T.);
#5233 = VERTEX_POINT('',#5234);
#5234 = CARTESIAN_POINT('',(-0.16,-22.7,-3.));
#5235 = LINE('',#5236,#5237);
#5236 = CARTESIAN_POINT('',(-0.16,-22.7,-3.));
#5237 = VECTOR('',#5238,1.);
#5238 = DIRECTION('',(0.57735026919,-0.57735026919,-0.57735026919));
#5239 = ORIENTED_EDGE('',*,*,#3313,.T.);
#5240 = ORIENTED_EDGE('',*,*,#5210,.T.);
#5241 = ORIENTED_EDGE('',*,*,#5242,.F.);
#5242 = EDGE_CURVE('',#5233,#5211,#5243,.T.);
#5243 = LINE('',#5244,#5245);
#5244 = CARTESIAN_POINT('',(-0.32,-22.7,-3.));
#5245 = VECTOR('',#5246,1.);
#5246 = DIRECTION('',(1.,0.,0.));
#5247 = PLANE('',#5248);
#5248 = AXIS2_PLACEMENT_3D('',#5249,#5250,#5251);
#5249 = CARTESIAN_POINT('',(-0.32,-22.62,-2.92));
#5250 = DIRECTION('',(-1.735167508357E-18,-0.707106781187,0.707106781187
    ));
#5251 = DIRECTION('',(-1.,1.226948711654E-18,-1.226948711654E-18));
#5252 = ADVANCED_FACE('',(#5253),#5271,.T.);
#5253 = FACE_BOUND('',#5254,.T.);
#5254 = EDGE_LOOP('',(#5255,#5263,#5264,#5265));
#5255 = ORIENTED_EDGE('',*,*,#5256,.F.);
#5256 = EDGE_CURVE('',#3337,#5257,#5259,.T.);
#5257 = VERTEX_POINT('',#5258);
#5258 = CARTESIAN_POINT('',(-0.16,-23.02,-3.));
#5259 = LINE('',#5260,#5261);
#5260 = CARTESIAN_POINT('',(-0.266666666667,-23.12666666666,
    -2.893333333333));
#5261 = VECTOR('',#5262,1.);
#5262 = DIRECTION('',(0.57735026919,0.57735026919,-0.57735026919));
#5263 = ORIENTED_EDGE('',*,*,#3344,.T.);
#5264 = ORIENTED_EDGE('',*,*,#5232,.T.);
#5265 = ORIENTED_EDGE('',*,*,#5266,.F.);
#5266 = EDGE_CURVE('',#5257,#5233,#5267,.T.);
#5267 = LINE('',#5268,#5269);
#5268 = CARTESIAN_POINT('',(-0.16,-23.18,-3.));
#5269 = VECTOR('',#5270,1.);
#5270 = DIRECTION('',(0.,1.,0.));
#5271 = PLANE('',#5272);
#5272 = AXIS2_PLACEMENT_3D('',#5273,#5274,#5275);
#5273 = CARTESIAN_POINT('',(-0.24,-23.18,-2.92));
#5274 = DIRECTION('',(-0.707106781187,-1.735167508357E-18,
    -0.707106781187));
#5275 = DIRECTION('',(-1.226948711654E-18,1.,-1.226948711654E-18));
#5276 = ADVANCED_FACE('',(#5277),#5288,.T.);
#5277 = FACE_BOUND('',#5278,.F.);
#5278 = EDGE_LOOP('',(#5279,#5280,#5281,#5282));
#5279 = ORIENTED_EDGE('',*,*,#5256,.F.);
#5280 = ORIENTED_EDGE('',*,*,#3361,.T.);
#5281 = ORIENTED_EDGE('',*,*,#5201,.T.);
#5282 = ORIENTED_EDGE('',*,*,#5283,.F.);
#5283 = EDGE_CURVE('',#5257,#5202,#5284,.T.);
#5284 = LINE('',#5285,#5286);
#5285 = CARTESIAN_POINT('',(-0.32,-23.02,-3.));
#5286 = VECTOR('',#5287,1.);
#5287 = DIRECTION('',(1.,0.,0.));
#5288 = PLANE('',#5289);
#5289 = AXIS2_PLACEMENT_3D('',#5290,#5291,#5292);
#5290 = CARTESIAN_POINT('',(-0.32,-23.1,-2.92));
#5291 = DIRECTION('',(1.735167508357E-18,-0.707106781187,-0.707106781187
    ));
#5292 = DIRECTION('',(-1.,-1.226948711654E-18,-1.226948711654E-18));
#5293 = ADVANCED_FACE('',(#5294),#5319,.T.);
#5294 = FACE_BOUND('',#5295,.F.);
#5295 = EDGE_LOOP('',(#5296,#5304,#5305,#5313));
#5296 = ORIENTED_EDGE('',*,*,#5297,.F.);
#5297 = EDGE_CURVE('',#3386,#5298,#5300,.T.);
#5298 = VERTEX_POINT('',#5299);
#5299 = CARTESIAN_POINT('',(-0.16,-20.48,-3.));
#5300 = LINE('',#5301,#5302);
#5301 = CARTESIAN_POINT('',(-0.266666666667,-20.58666666666,
    -2.893333333333));
#5302 = VECTOR('',#5303,1.);
#5303 = DIRECTION('',(0.57735026919,0.57735026919,-0.57735026919));
#5304 = ORIENTED_EDGE('',*,*,#3385,.T.);
#5305 = ORIENTED_EDGE('',*,*,#5306,.T.);
#5306 = EDGE_CURVE('',#3378,#5307,#5309,.T.);
#5307 = VERTEX_POINT('',#5308);
#5308 = CARTESIAN_POINT('',(0.16,-20.48,-3.));
#5309 = LINE('',#5310,#5311);
#5310 = CARTESIAN_POINT('',(0.16,-20.48,-3.));
#5311 = VECTOR('',#5312,1.);
#5312 = DIRECTION('',(-0.57735026919,0.57735026919,-0.57735026919));
#5313 = ORIENTED_EDGE('',*,*,#5314,.F.);
#5314 = EDGE_CURVE('',#5298,#5307,#5315,.T.);
#5315 = LINE('',#5316,#5317);
#5316 = CARTESIAN_POINT('',(-0.32,-20.48,-3.));
#5317 = VECTOR('',#5318,1.);
#5318 = DIRECTION('',(1.,0.,0.));
#5319 = PLANE('',#5320);
#5320 = AXIS2_PLACEMENT_3D('',#5321,#5322,#5323);
#5321 = CARTESIAN_POINT('',(-0.32,-20.56,-2.92));
#5322 = DIRECTION('',(1.735167508357E-18,-0.707106781187,-0.707106781187
    ));
#5323 = DIRECTION('',(-1.,-1.226948711654E-18,-1.226948711654E-18));
#5324 = ADVANCED_FACE('',(#5325),#5343,.F.);
#5325 = FACE_BOUND('',#5326,.F.);
#5326 = EDGE_LOOP('',(#5327,#5328,#5329,#5337));
#5327 = ORIENTED_EDGE('',*,*,#5306,.F.);
#5328 = ORIENTED_EDGE('',*,*,#3409,.T.);
#5329 = ORIENTED_EDGE('',*,*,#5330,.T.);
#5330 = EDGE_CURVE('',#3410,#5331,#5333,.T.);
#5331 = VERTEX_POINT('',#5332);
#5332 = CARTESIAN_POINT('',(0.16,-20.16,-3.));
#5333 = LINE('',#5334,#5335);
#5334 = CARTESIAN_POINT('',(5.333333333333E-02,-20.26666666666,
    -3.106666666667));
#5335 = VECTOR('',#5336,1.);
#5336 = DIRECTION('',(-0.57735026919,-0.57735026919,-0.57735026919));
#5337 = ORIENTED_EDGE('',*,*,#5338,.F.);
#5338 = EDGE_CURVE('',#5307,#5331,#5339,.T.);
#5339 = LINE('',#5340,#5341);
#5340 = CARTESIAN_POINT('',(0.16,-20.64,-3.));
#5341 = VECTOR('',#5342,1.);
#5342 = DIRECTION('',(0.,1.,0.));
#5343 = PLANE('',#5344);
#5344 = AXIS2_PLACEMENT_3D('',#5345,#5346,#5347);
#5345 = CARTESIAN_POINT('',(0.24,-20.64,-2.92));
#5346 = DIRECTION('',(-0.707106781187,1.735167508357E-18,0.707106781187)
  );
#5347 = DIRECTION('',(1.226948711654E-18,1.,-1.226948711654E-18));
#5348 = ADVANCED_FACE('',(#5349),#5367,.F.);
#5349 = FACE_BOUND('',#5350,.T.);
#5350 = EDGE_LOOP('',(#5351,#5359,#5360,#5361));
#5351 = ORIENTED_EDGE('',*,*,#5352,.F.);
#5352 = EDGE_CURVE('',#3434,#5353,#5355,.T.);
#5353 = VERTEX_POINT('',#5354);
#5354 = CARTESIAN_POINT('',(-0.16,-20.16,-3.));
#5355 = LINE('',#5356,#5357);
#5356 = CARTESIAN_POINT('',(-0.16,-20.16,-3.));
#5357 = VECTOR('',#5358,1.);
#5358 = DIRECTION('',(0.57735026919,-0.57735026919,-0.57735026919));
#5359 = ORIENTED_EDGE('',*,*,#3433,.T.);
#5360 = ORIENTED_EDGE('',*,*,#5330,.T.);
#5361 = ORIENTED_EDGE('',*,*,#5362,.F.);
#5362 = EDGE_CURVE('',#5353,#5331,#5363,.T.);
#5363 = LINE('',#5364,#5365);
#5364 = CARTESIAN_POINT('',(-0.32,-20.16,-3.));
#5365 = VECTOR('',#5366,1.);
#5366 = DIRECTION('',(1.,0.,0.));
#5367 = PLANE('',#5368);
#5368 = AXIS2_PLACEMENT_3D('',#5369,#5370,#5371);
#5369 = CARTESIAN_POINT('',(-0.32,-20.08,-2.92));
#5370 = DIRECTION('',(-1.735167508357E-18,-0.707106781187,0.707106781187
    ));
#5371 = DIRECTION('',(-1.,1.226948711654E-18,-1.226948711654E-18));
#5372 = ADVANCED_FACE('',(#5373),#5384,.T.);
#5373 = FACE_BOUND('',#5374,.T.);
#5374 = EDGE_LOOP('',(#5375,#5376,#5377,#5378));
#5375 = ORIENTED_EDGE('',*,*,#5297,.F.);
#5376 = ORIENTED_EDGE('',*,*,#3457,.T.);
#5377 = ORIENTED_EDGE('',*,*,#5352,.T.);
#5378 = ORIENTED_EDGE('',*,*,#5379,.F.);
#5379 = EDGE_CURVE('',#5298,#5353,#5380,.T.);
#5380 = LINE('',#5381,#5382);
#5381 = CARTESIAN_POINT('',(-0.16,-20.64,-3.));
#5382 = VECTOR('',#5383,1.);
#5383 = DIRECTION('',(0.,1.,0.));
#5384 = PLANE('',#5385);
#5385 = AXIS2_PLACEMENT_3D('',#5386,#5387,#5388);
#5386 = CARTESIAN_POINT('',(-0.24,-20.64,-2.92));
#5387 = DIRECTION('',(-0.707106781187,-1.735167508357E-18,
    -0.707106781187));
#5388 = DIRECTION('',(-1.226948711654E-18,1.,-1.226948711654E-18));
#5389 = ADVANCED_FACE('',(#5390),#5415,.T.);
#5390 = FACE_BOUND('',#5391,.F.);
#5391 = EDGE_LOOP('',(#5392,#5400,#5401,#5409));
#5392 = ORIENTED_EDGE('',*,*,#5393,.F.);
#5393 = EDGE_CURVE('',#3482,#5394,#5396,.T.);
#5394 = VERTEX_POINT('',#5395);
#5395 = CARTESIAN_POINT('',(-0.16,-0.16,-3.));
#5396 = LINE('',#5397,#5398);
#5397 = CARTESIAN_POINT('',(-0.266666666667,-0.266666666667,
    -2.893333333333));
#5398 = VECTOR('',#5399,1.);
#5399 = DIRECTION('',(0.57735026919,0.57735026919,-0.57735026919));
#5400 = ORIENTED_EDGE('',*,*,#3481,.T.);
#5401 = ORIENTED_EDGE('',*,*,#5402,.T.);
#5402 = EDGE_CURVE('',#3474,#5403,#5405,.T.);
#5403 = VERTEX_POINT('',#5404);
#5404 = CARTESIAN_POINT('',(0.16,-0.16,-3.));
#5405 = LINE('',#5406,#5407);
#5406 = CARTESIAN_POINT('',(0.16,-0.16,-3.));
#5407 = VECTOR('',#5408,1.);
#5408 = DIRECTION('',(-0.57735026919,0.57735026919,-0.57735026919));
#5409 = ORIENTED_EDGE('',*,*,#5410,.F.);
#5410 = EDGE_CURVE('',#5394,#5403,#5411,.T.);
#5411 = LINE('',#5412,#5413);
#5412 = CARTESIAN_POINT('',(-0.32,-0.16,-3.));
#5413 = VECTOR('',#5414,1.);
#5414 = DIRECTION('',(1.,0.,0.));
#5415 = PLANE('',#5416);
#5416 = AXIS2_PLACEMENT_3D('',#5417,#5418,#5419);
#5417 = CARTESIAN_POINT('',(-0.32,-0.24,-2.92));
#5418 = DIRECTION('',(1.735167508357E-18,-0.707106781187,-0.707106781187
    ));
#5419 = DIRECTION('',(-1.,-1.226948711654E-18,-1.226948711654E-18));
#5420 = ADVANCED_FACE('',(#5421),#5439,.F.);
#5421 = FACE_BOUND('',#5422,.F.);
#5422 = EDGE_LOOP('',(#5423,#5424,#5425,#5433));
#5423 = ORIENTED_EDGE('',*,*,#5402,.F.);
#5424 = ORIENTED_EDGE('',*,*,#3505,.T.);
#5425 = ORIENTED_EDGE('',*,*,#5426,.T.);
#5426 = EDGE_CURVE('',#3506,#5427,#5429,.T.);
#5427 = VERTEX_POINT('',#5428);
#5428 = CARTESIAN_POINT('',(0.16,0.16,-3.));
#5429 = LINE('',#5430,#5431);
#5430 = CARTESIAN_POINT('',(5.333333333333E-02,5.333333333333E-02,
    -3.106666666667));
#5431 = VECTOR('',#5432,1.);
#5432 = DIRECTION('',(-0.57735026919,-0.57735026919,-0.57735026919));
#5433 = ORIENTED_EDGE('',*,*,#5434,.F.);
#5434 = EDGE_CURVE('',#5403,#5427,#5435,.T.);
#5435 = LINE('',#5436,#5437);
#5436 = CARTESIAN_POINT('',(0.16,-0.32,-3.));
#5437 = VECTOR('',#5438,1.);
#5438 = DIRECTION('',(0.,1.,0.));
#5439 = PLANE('',#5440);
#5440 = AXIS2_PLACEMENT_3D('',#5441,#5442,#5443);
#5441 = CARTESIAN_POINT('',(0.24,-0.32,-2.92));
#5442 = DIRECTION('',(-0.707106781187,1.735167508357E-18,0.707106781187)
  );
#5443 = DIRECTION('',(1.226948711654E-18,1.,-1.226948711654E-18));
#5444 = ADVANCED_FACE('',(#5445),#5463,.F.);
#5445 = FACE_BOUND('',#5446,.T.);
#5446 = EDGE_LOOP('',(#5447,#5455,#5456,#5457));
#5447 = ORIENTED_EDGE('',*,*,#5448,.F.);
#5448 = EDGE_CURVE('',#3530,#5449,#5451,.T.);
#5449 = VERTEX_POINT('',#5450);
#5450 = CARTESIAN_POINT('',(-0.16,0.16,-3.));
#5451 = LINE('',#5452,#5453);
#5452 = CARTESIAN_POINT('',(-0.16,0.16,-3.));
#5453 = VECTOR('',#5454,1.);
#5454 = DIRECTION('',(0.57735026919,-0.57735026919,-0.57735026919));
#5455 = ORIENTED_EDGE('',*,*,#3529,.T.);
#5456 = ORIENTED_EDGE('',*,*,#5426,.T.);
#5457 = ORIENTED_EDGE('',*,*,#5458,.F.);
#5458 = EDGE_CURVE('',#5449,#5427,#5459,.T.);
#5459 = LINE('',#5460,#5461);
#5460 = CARTESIAN_POINT('',(-0.32,0.16,-3.));
#5461 = VECTOR('',#5462,1.);
#5462 = DIRECTION('',(1.,0.,0.));
#5463 = PLANE('',#5464);
#5464 = AXIS2_PLACEMENT_3D('',#5465,#5466,#5467);
#5465 = CARTESIAN_POINT('',(-0.32,0.24,-2.92));
#5466 = DIRECTION('',(-1.735167508357E-18,-0.707106781187,0.707106781187
    ));
#5467 = DIRECTION('',(-1.,1.226948711654E-18,-1.226948711654E-18));
#5468 = ADVANCED_FACE('',(#5469),#5480,.T.);
#5469 = FACE_BOUND('',#5470,.T.);
#5470 = EDGE_LOOP('',(#5471,#5472,#5473,#5474));
#5471 = ORIENTED_EDGE('',*,*,#5393,.F.);
#5472 = ORIENTED_EDGE('',*,*,#3553,.T.);
#5473 = ORIENTED_EDGE('',*,*,#5448,.T.);
#5474 = ORIENTED_EDGE('',*,*,#5475,.F.);
#5475 = EDGE_CURVE('',#5394,#5449,#5476,.T.);
#5476 = LINE('',#5477,#5478);
#5477 = CARTESIAN_POINT('',(-0.16,-0.32,-3.));
#5478 = VECTOR('',#5479,1.);
#5479 = DIRECTION('',(0.,1.,0.));
#5480 = PLANE('',#5481);
#5481 = AXIS2_PLACEMENT_3D('',#5482,#5483,#5484);
#5482 = CARTESIAN_POINT('',(-0.24,-0.32,-2.92));
#5483 = DIRECTION('',(-0.707106781187,-1.735167508357E-18,
    -0.707106781187));
#5484 = DIRECTION('',(-1.226948711654E-18,1.,-1.226948711654E-18));
#5485 = ADVANCED_FACE('',(#5486),#5511,.F.);
#5486 = FACE_BOUND('',#5487,.F.);
#5487 = EDGE_LOOP('',(#5488,#5496,#5497,#5505));
#5488 = ORIENTED_EDGE('',*,*,#5489,.F.);
#5489 = EDGE_CURVE('',#3570,#5490,#5492,.T.);
#5490 = VERTEX_POINT('',#5491);
#5491 = CARTESIAN_POINT('',(0.16,-2.7,-3.));
#5492 = LINE('',#5493,#5494);
#5493 = CARTESIAN_POINT('',(0.16,-2.7,-3.));
#5494 = VECTOR('',#5495,1.);
#5495 = DIRECTION('',(-0.57735026919,0.57735026919,-0.57735026919));
#5496 = ORIENTED_EDGE('',*,*,#3577,.T.);
#5497 = ORIENTED_EDGE('',*,*,#5498,.T.);
#5498 = EDGE_CURVE('',#3578,#5499,#5501,.T.);
#5499 = VERTEX_POINT('',#5500);
#5500 = CARTESIAN_POINT('',(0.16,-2.38,-3.));
#5501 = LINE('',#5502,#5503);
#5502 = CARTESIAN_POINT('',(5.333333333333E-02,-2.486666666667,
    -3.106666666667));
#5503 = VECTOR('',#5504,1.);
#5504 = DIRECTION('',(-0.57735026919,-0.57735026919,-0.57735026919));
#5505 = ORIENTED_EDGE('',*,*,#5506,.F.);
#5506 = EDGE_CURVE('',#5490,#5499,#5507,.T.);
#5507 = LINE('',#5508,#5509);
#5508 = CARTESIAN_POINT('',(0.16,-2.86,-3.));
#5509 = VECTOR('',#5510,1.);
#5510 = DIRECTION('',(0.,1.,0.));
#5511 = PLANE('',#5512);
#5512 = AXIS2_PLACEMENT_3D('',#5513,#5514,#5515);
#5513 = CARTESIAN_POINT('',(0.24,-2.86,-2.92));
#5514 = DIRECTION('',(-0.707106781187,1.735167508357E-18,0.707106781187)
  );
#5515 = DIRECTION('',(1.226948711654E-18,1.,-1.226948711654E-18));
#5516 = ADVANCED_FACE('',(#5517),#5535,.F.);
#5517 = FACE_BOUND('',#5518,.T.);
#5518 = EDGE_LOOP('',(#5519,#5527,#5528,#5529));
#5519 = ORIENTED_EDGE('',*,*,#5520,.F.);
#5520 = EDGE_CURVE('',#3602,#5521,#5523,.T.);
#5521 = VERTEX_POINT('',#5522);
#5522 = CARTESIAN_POINT('',(-0.16,-2.38,-3.));
#5523 = LINE('',#5524,#5525);
#5524 = CARTESIAN_POINT('',(-0.16,-2.38,-3.));
#5525 = VECTOR('',#5526,1.);
#5526 = DIRECTION('',(0.57735026919,-0.57735026919,-0.57735026919));
#5527 = ORIENTED_EDGE('',*,*,#3601,.T.);
#5528 = ORIENTED_EDGE('',*,*,#5498,.T.);
#5529 = ORIENTED_EDGE('',*,*,#5530,.F.);
#5530 = EDGE_CURVE('',#5521,#5499,#5531,.T.);
#5531 = LINE('',#5532,#5533);
#5532 = CARTESIAN_POINT('',(-0.32,-2.38,-3.));
#5533 = VECTOR('',#5534,1.);
#5534 = DIRECTION('',(1.,0.,0.));
#5535 = PLANE('',#5536);
#5536 = AXIS2_PLACEMENT_3D('',#5537,#5538,#5539);
#5537 = CARTESIAN_POINT('',(-0.32,-2.3,-2.92));
#5538 = DIRECTION('',(-1.735167508357E-18,-0.707106781187,0.707106781187
    ));
#5539 = DIRECTION('',(-1.,1.226948711654E-18,-1.226948711654E-18));
#5540 = ADVANCED_FACE('',(#5541),#5559,.T.);
#5541 = FACE_BOUND('',#5542,.T.);
#5542 = EDGE_LOOP('',(#5543,#5551,#5552,#5553));
#5543 = ORIENTED_EDGE('',*,*,#5544,.F.);
#5544 = EDGE_CURVE('',#3625,#5545,#5547,.T.);
#5545 = VERTEX_POINT('',#5546);
#5546 = CARTESIAN_POINT('',(-0.16,-2.7,-3.));
#5547 = LINE('',#5548,#5549);
#5548 = CARTESIAN_POINT('',(-0.266666666667,-2.806666666667,
    -2.893333333333));
#5549 = VECTOR('',#5550,1.);
#5550 = DIRECTION('',(0.57735026919,0.57735026919,-0.57735026919));
#5551 = ORIENTED_EDGE('',*,*,#3632,.T.);
#5552 = ORIENTED_EDGE('',*,*,#5520,.T.);
#5553 = ORIENTED_EDGE('',*,*,#5554,.F.);
#5554 = EDGE_CURVE('',#5545,#5521,#5555,.T.);
#5555 = LINE('',#5556,#5557);
#5556 = CARTESIAN_POINT('',(-0.16,-2.86,-3.));
#5557 = VECTOR('',#5558,1.);
#5558 = DIRECTION('',(0.,1.,0.));
#5559 = PLANE('',#5560);
#5560 = AXIS2_PLACEMENT_3D('',#5561,#5562,#5563);
#5561 = CARTESIAN_POINT('',(-0.24,-2.86,-2.92));
#5562 = DIRECTION('',(-0.707106781187,-1.735167508357E-18,
    -0.707106781187));
#5563 = DIRECTION('',(-1.226948711654E-18,1.,-1.226948711654E-18));
#5564 = ADVANCED_FACE('',(#5565),#5576,.T.);
#5565 = FACE_BOUND('',#5566,.F.);
#5566 = EDGE_LOOP('',(#5567,#5568,#5569,#5570));
#5567 = ORIENTED_EDGE('',*,*,#5544,.F.);
#5568 = ORIENTED_EDGE('',*,*,#3649,.T.);
#5569 = ORIENTED_EDGE('',*,*,#5489,.T.);
#5570 = ORIENTED_EDGE('',*,*,#5571,.F.);
#5571 = EDGE_CURVE('',#5545,#5490,#5572,.T.);
#5572 = LINE('',#5573,#5574);
#5573 = CARTESIAN_POINT('',(-0.32,-2.7,-3.));
#5574 = VECTOR('',#5575,1.);
#5575 = DIRECTION('',(1.,0.,0.));
#5576 = PLANE('',#5577);
#5577 = AXIS2_PLACEMENT_3D('',#5578,#5579,#5580);
#5578 = CARTESIAN_POINT('',(-0.32,-2.78,-2.92));
#5579 = DIRECTION('',(1.735167508357E-18,-0.707106781187,-0.707106781187
    ));
#5580 = DIRECTION('',(-1.,-1.226948711654E-18,-1.226948711654E-18));
#5581 = ADVANCED_FACE('',(#5582),#5607,.F.);
#5582 = FACE_BOUND('',#5583,.F.);
#5583 = EDGE_LOOP('',(#5584,#5592,#5593,#5601));
#5584 = ORIENTED_EDGE('',*,*,#5585,.F.);
#5585 = EDGE_CURVE('',#3666,#5586,#5588,.T.);
#5586 = VERTEX_POINT('',#5587);
#5587 = CARTESIAN_POINT('',(0.16,-5.24,-3.));
#5588 = LINE('',#5589,#5590);
#5589 = CARTESIAN_POINT('',(0.16,-5.24,-3.));
#5590 = VECTOR('',#5591,1.);
#5591 = DIRECTION('',(-0.57735026919,0.57735026919,-0.57735026919));
#5592 = ORIENTED_EDGE('',*,*,#3673,.T.);
#5593 = ORIENTED_EDGE('',*,*,#5594,.T.);
#5594 = EDGE_CURVE('',#3674,#5595,#5597,.T.);
#5595 = VERTEX_POINT('',#5596);
#5596 = CARTESIAN_POINT('',(0.16,-4.92,-3.));
#5597 = LINE('',#5598,#5599);
#5598 = CARTESIAN_POINT('',(5.333333333333E-02,-5.026666666667,
    -3.106666666667));
#5599 = VECTOR('',#5600,1.);
#5600 = DIRECTION('',(-0.57735026919,-0.57735026919,-0.57735026919));
#5601 = ORIENTED_EDGE('',*,*,#5602,.F.);
#5602 = EDGE_CURVE('',#5586,#5595,#5603,.T.);
#5603 = LINE('',#5604,#5605);
#5604 = CARTESIAN_POINT('',(0.16,-5.4,-3.));
#5605 = VECTOR('',#5606,1.);
#5606 = DIRECTION('',(0.,1.,0.));
#5607 = PLANE('',#5608);
#5608 = AXIS2_PLACEMENT_3D('',#5609,#5610,#5611);
#5609 = CARTESIAN_POINT('',(0.24,-5.4,-2.92));
#5610 = DIRECTION('',(-0.707106781187,1.735167508357E-18,0.707106781187)
  );
#5611 = DIRECTION('',(1.226948711654E-18,1.,-1.226948711654E-18));
#5612 = ADVANCED_FACE('',(#5613),#5631,.F.);
#5613 = FACE_BOUND('',#5614,.T.);
#5614 = EDGE_LOOP('',(#5615,#5623,#5624,#5625));
#5615 = ORIENTED_EDGE('',*,*,#5616,.F.);
#5616 = EDGE_CURVE('',#3698,#5617,#5619,.T.);
#5617 = VERTEX_POINT('',#5618);
#5618 = CARTESIAN_POINT('',(-0.16,-4.92,-3.));
#5619 = LINE('',#5620,#5621);
#5620 = CARTESIAN_POINT('',(-0.16,-4.92,-3.));
#5621 = VECTOR('',#5622,1.);
#5622 = DIRECTION('',(0.57735026919,-0.57735026919,-0.57735026919));
#5623 = ORIENTED_EDGE('',*,*,#3697,.T.);
#5624 = ORIENTED_EDGE('',*,*,#5594,.T.);
#5625 = ORIENTED_EDGE('',*,*,#5626,.F.);
#5626 = EDGE_CURVE('',#5617,#5595,#5627,.T.);
#5627 = LINE('',#5628,#5629);
#5628 = CARTESIAN_POINT('',(-0.32,-4.92,-3.));
#5629 = VECTOR('',#5630,1.);
#5630 = DIRECTION('',(1.,0.,0.));
#5631 = PLANE('',#5632);
#5632 = AXIS2_PLACEMENT_3D('',#5633,#5634,#5635);
#5633 = CARTESIAN_POINT('',(-0.32,-4.84,-2.92));
#5634 = DIRECTION('',(-1.735167508357E-18,-0.707106781187,0.707106781187
    ));
#5635 = DIRECTION('',(-1.,1.226948711654E-18,-1.226948711654E-18));
#5636 = ADVANCED_FACE('',(#5637),#5655,.T.);
#5637 = FACE_BOUND('',#5638,.T.);
#5638 = EDGE_LOOP('',(#5639,#5647,#5648,#5649));
#5639 = ORIENTED_EDGE('',*,*,#5640,.F.);
#5640 = EDGE_CURVE('',#3721,#5641,#5643,.T.);
#5641 = VERTEX_POINT('',#5642);
#5642 = CARTESIAN_POINT('',(-0.16,-5.24,-3.));
#5643 = LINE('',#5644,#5645);
#5644 = CARTESIAN_POINT('',(-0.266666666667,-5.346666666667,
    -2.893333333333));
#5645 = VECTOR('',#5646,1.);
#5646 = DIRECTION('',(0.57735026919,0.57735026919,-0.57735026919));
#5647 = ORIENTED_EDGE('',*,*,#3728,.T.);
#5648 = ORIENTED_EDGE('',*,*,#5616,.T.);
#5649 = ORIENTED_EDGE('',*,*,#5650,.F.);
#5650 = EDGE_CURVE('',#5641,#5617,#5651,.T.);
#5651 = LINE('',#5652,#5653);
#5652 = CARTESIAN_POINT('',(-0.16,-5.4,-3.));
#5653 = VECTOR('',#5654,1.);
#5654 = DIRECTION('',(0.,1.,0.));
#5655 = PLANE('',#5656);
#5656 = AXIS2_PLACEMENT_3D('',#5657,#5658,#5659);
#5657 = CARTESIAN_POINT('',(-0.24,-5.4,-2.92));
#5658 = DIRECTION('',(-0.707106781187,-1.735167508357E-18,
    -0.707106781187));
#5659 = DIRECTION('',(-1.226948711654E-18,1.,-1.226948711654E-18));
#5660 = ADVANCED_FACE('',(#5661),#5672,.T.);
#5661 = FACE_BOUND('',#5662,.F.);
#5662 = EDGE_LOOP('',(#5663,#5664,#5665,#5666));
#5663 = ORIENTED_EDGE('',*,*,#5640,.F.);
#5664 = ORIENTED_EDGE('',*,*,#3745,.T.);
#5665 = ORIENTED_EDGE('',*,*,#5585,.T.);
#5666 = ORIENTED_EDGE('',*,*,#5667,.F.);
#5667 = EDGE_CURVE('',#5641,#5586,#5668,.T.);
#5668 = LINE('',#5669,#5670);
#5669 = CARTESIAN_POINT('',(-0.32,-5.24,-3.));
#5670 = VECTOR('',#5671,1.);
#5671 = DIRECTION('',(1.,0.,0.));
#5672 = PLANE('',#5673);
#5673 = AXIS2_PLACEMENT_3D('',#5674,#5675,#5676);
#5674 = CARTESIAN_POINT('',(-0.32,-5.32,-2.92));
#5675 = DIRECTION('',(1.735167508357E-18,-0.707106781187,-0.707106781187
    ));
#5676 = DIRECTION('',(-1.,-1.226948711654E-18,-1.226948711654E-18));
#5677 = ADVANCED_FACE('',(#5678),#5703,.T.);
#5678 = FACE_BOUND('',#5679,.T.);
#5679 = EDGE_LOOP('',(#5680,#5688,#5689,#5697));
#5680 = ORIENTED_EDGE('',*,*,#5681,.F.);
#5681 = EDGE_CURVE('',#3762,#5682,#5684,.T.);
#5682 = VERTEX_POINT('',#5683);
#5683 = CARTESIAN_POINT('',(0.16,-12.86,8.54));
#5684 = LINE('',#5685,#5686);
#5685 = CARTESIAN_POINT('',(0.16,-12.86,8.54));
#5686 = VECTOR('',#5687,1.);
#5687 = DIRECTION('',(-0.57735026919,0.57735026919,0.57735026919));
#5688 = ORIENTED_EDGE('',*,*,#3778,.T.);
#5689 = ORIENTED_EDGE('',*,*,#5690,.T.);
#5690 = EDGE_CURVE('',#3771,#5691,#5693,.T.);
#5691 = VERTEX_POINT('',#5692);
#5692 = CARTESIAN_POINT('',(0.16,-12.54,8.54));
#5693 = LINE('',#5694,#5695);
#5694 = CARTESIAN_POINT('',(5.333333333333E-02,-12.64666666666,
    8.646666666667));
#5695 = VECTOR('',#5696,1.);
#5696 = DIRECTION('',(-0.57735026919,-0.57735026919,0.57735026919));
#5697 = ORIENTED_EDGE('',*,*,#5698,.F.);
#5698 = EDGE_CURVE('',#5682,#5691,#5699,.T.);
#5699 = LINE('',#5700,#5701);
#5700 = CARTESIAN_POINT('',(0.16,-13.02,8.54));
#5701 = VECTOR('',#5702,1.);
#5702 = DIRECTION('',(0.,1.,0.));
#5703 = PLANE('',#5704);
#5704 = AXIS2_PLACEMENT_3D('',#5705,#5706,#5707);
#5705 = CARTESIAN_POINT('',(0.24,-13.02,8.46));
#5706 = DIRECTION('',(0.707106781187,-1.735167508357E-18,0.707106781187)
  );
#5707 = DIRECTION('',(1.226948711654E-18,1.,1.226948711654E-18));
#5708 = ADVANCED_FACE('',(#5709),#5727,.T.);
#5709 = FACE_BOUND('',#5710,.F.);
#5710 = EDGE_LOOP('',(#5711,#5719,#5720,#5721));
#5711 = ORIENTED_EDGE('',*,*,#5712,.F.);
#5712 = EDGE_CURVE('',#3795,#5713,#5715,.T.);
#5713 = VERTEX_POINT('',#5714);
#5714 = CARTESIAN_POINT('',(-0.16,-12.54,8.54));
#5715 = LINE('',#5716,#5717);
#5716 = CARTESIAN_POINT('',(-0.16,-12.54,8.54));
#5717 = VECTOR('',#5718,1.);
#5718 = DIRECTION('',(0.57735026919,-0.57735026919,0.57735026919));
#5719 = ORIENTED_EDGE('',*,*,#3802,.T.);
#5720 = ORIENTED_EDGE('',*,*,#5690,.T.);
#5721 = ORIENTED_EDGE('',*,*,#5722,.F.);
#5722 = EDGE_CURVE('',#5713,#5691,#5723,.T.);
#5723 = LINE('',#5724,#5725);
#5724 = CARTESIAN_POINT('',(-0.32,-12.54,8.54));
#5725 = VECTOR('',#5726,1.);
#5726 = DIRECTION('',(1.,0.,0.));
#5727 = PLANE('',#5728);
#5728 = AXIS2_PLACEMENT_3D('',#5729,#5730,#5731);
#5729 = CARTESIAN_POINT('',(-0.32,-12.46,8.46));
#5730 = DIRECTION('',(1.735167508357E-18,0.707106781187,0.707106781187)
  );
#5731 = DIRECTION('',(-1.,1.226948711654E-18,1.226948711654E-18));
#5732 = ADVANCED_FACE('',(#5733),#5751,.F.);
#5733 = FACE_BOUND('',#5734,.F.);
#5734 = EDGE_LOOP('',(#5735,#5743,#5744,#5745));
#5735 = ORIENTED_EDGE('',*,*,#5736,.F.);
#5736 = EDGE_CURVE('',#3817,#5737,#5739,.T.);
#5737 = VERTEX_POINT('',#5738);
#5738 = CARTESIAN_POINT('',(-0.16,-12.86,8.54));
#5739 = LINE('',#5740,#5741);
#5740 = CARTESIAN_POINT('',(-0.266666666667,-12.96666666666,
    8.433333333333));
#5741 = VECTOR('',#5742,1.);
#5742 = DIRECTION('',(0.57735026919,0.57735026919,0.57735026919));
#5743 = ORIENTED_EDGE('',*,*,#3826,.T.);
#5744 = ORIENTED_EDGE('',*,*,#5712,.T.);
#5745 = ORIENTED_EDGE('',*,*,#5746,.F.);
#5746 = EDGE_CURVE('',#5737,#5713,#5747,.T.);
#5747 = LINE('',#5748,#5749);
#5748 = CARTESIAN_POINT('',(-0.16,-13.02,8.54));
#5749 = VECTOR('',#5750,1.);
#5750 = DIRECTION('',(0.,1.,0.));
#5751 = PLANE('',#5752);
#5752 = AXIS2_PLACEMENT_3D('',#5753,#5754,#5755);
#5753 = CARTESIAN_POINT('',(-0.24,-13.02,8.46));
#5754 = DIRECTION('',(0.707106781187,1.735167508357E-18,-0.707106781187)
  );
#5755 = DIRECTION('',(-1.226948711654E-18,1.,1.226948711654E-18));
#5756 = ADVANCED_FACE('',(#5757),#5768,.F.);
#5757 = FACE_BOUND('',#5758,.T.);
#5758 = EDGE_LOOP('',(#5759,#5760,#5761,#5762));
#5759 = ORIENTED_EDGE('',*,*,#5736,.F.);
#5760 = ORIENTED_EDGE('',*,*,#3843,.T.);
#5761 = ORIENTED_EDGE('',*,*,#5681,.T.);
#5762 = ORIENTED_EDGE('',*,*,#5763,.F.);
#5763 = EDGE_CURVE('',#5737,#5682,#5764,.T.);
#5764 = LINE('',#5765,#5766);
#5765 = CARTESIAN_POINT('',(-0.32,-12.86,8.54));
#5766 = VECTOR('',#5767,1.);
#5767 = DIRECTION('',(1.,0.,0.));
#5768 = PLANE('',#5769);
#5769 = AXIS2_PLACEMENT_3D('',#5770,#5771,#5772);
#5770 = CARTESIAN_POINT('',(-0.32,-12.94,8.46));
#5771 = DIRECTION('',(-1.735167508357E-18,0.707106781187,-0.707106781187
    ));
#5772 = DIRECTION('',(-1.,-1.226948711654E-18,1.226948711654E-18));
#5773 = ADVANCED_FACE('',(#5774),#5799,.T.);
#5774 = FACE_BOUND('',#5775,.T.);
#5775 = EDGE_LOOP('',(#5776,#5784,#5785,#5793));
#5776 = ORIENTED_EDGE('',*,*,#5777,.F.);
#5777 = EDGE_CURVE('',#3858,#5778,#5780,.T.);
#5778 = VERTEX_POINT('',#5779);
#5779 = CARTESIAN_POINT('',(0.16,-10.32,8.54));
#5780 = LINE('',#5781,#5782);
#5781 = CARTESIAN_POINT('',(0.16,-10.32,8.54));
#5782 = VECTOR('',#5783,1.);
#5783 = DIRECTION('',(-0.57735026919,0.57735026919,0.57735026919));
#5784 = ORIENTED_EDGE('',*,*,#3874,.T.);
#5785 = ORIENTED_EDGE('',*,*,#5786,.T.);
#5786 = EDGE_CURVE('',#3867,#5787,#5789,.T.);
#5787 = VERTEX_POINT('',#5788);
#5788 = CARTESIAN_POINT('',(0.16,-10.,8.54));
#5789 = LINE('',#5790,#5791);
#5790 = CARTESIAN_POINT('',(5.333333333333E-02,-10.10666666666,
    8.646666666667));
#5791 = VECTOR('',#5792,1.);
#5792 = DIRECTION('',(-0.57735026919,-0.57735026919,0.57735026919));
#5793 = ORIENTED_EDGE('',*,*,#5794,.F.);
#5794 = EDGE_CURVE('',#5778,#5787,#5795,.T.);
#5795 = LINE('',#5796,#5797);
#5796 = CARTESIAN_POINT('',(0.16,-10.48,8.54));
#5797 = VECTOR('',#5798,1.);
#5798 = DIRECTION('',(0.,1.,0.));
#5799 = PLANE('',#5800);
#5800 = AXIS2_PLACEMENT_3D('',#5801,#5802,#5803);
#5801 = CARTESIAN_POINT('',(0.24,-10.48,8.46));
#5802 = DIRECTION('',(0.707106781187,-1.735167508357E-18,0.707106781187)
  );
#5803 = DIRECTION('',(1.226948711654E-18,1.,1.226948711654E-18));
#5804 = ADVANCED_FACE('',(#5805),#5823,.T.);
#5805 = FACE_BOUND('',#5806,.F.);
#5806 = EDGE_LOOP('',(#5807,#5815,#5816,#5817));
#5807 = ORIENTED_EDGE('',*,*,#5808,.F.);
#5808 = EDGE_CURVE('',#3891,#5809,#5811,.T.);
#5809 = VERTEX_POINT('',#5810);
#5810 = CARTESIAN_POINT('',(-0.16,-10.,8.54));
#5811 = LINE('',#5812,#5813);
#5812 = CARTESIAN_POINT('',(-0.16,-10.,8.54));
#5813 = VECTOR('',#5814,1.);
#5814 = DIRECTION('',(0.57735026919,-0.57735026919,0.57735026919));
#5815 = ORIENTED_EDGE('',*,*,#3898,.T.);
#5816 = ORIENTED_EDGE('',*,*,#5786,.T.);
#5817 = ORIENTED_EDGE('',*,*,#5818,.F.);
#5818 = EDGE_CURVE('',#5809,#5787,#5819,.T.);
#5819 = LINE('',#5820,#5821);
#5820 = CARTESIAN_POINT('',(-0.32,-10.,8.54));
#5821 = VECTOR('',#5822,1.);
#5822 = DIRECTION('',(1.,0.,0.));
#5823 = PLANE('',#5824);
#5824 = AXIS2_PLACEMENT_3D('',#5825,#5826,#5827);
#5825 = CARTESIAN_POINT('',(-0.32,-9.92,8.46));
#5826 = DIRECTION('',(1.735167508357E-18,0.707106781187,0.707106781187)
  );
#5827 = DIRECTION('',(-1.,1.226948711654E-18,1.226948711654E-18));
#5828 = ADVANCED_FACE('',(#5829),#5847,.F.);
#5829 = FACE_BOUND('',#5830,.F.);
#5830 = EDGE_LOOP('',(#5831,#5839,#5840,#5841));
#5831 = ORIENTED_EDGE('',*,*,#5832,.F.);
#5832 = EDGE_CURVE('',#3913,#5833,#5835,.T.);
#5833 = VERTEX_POINT('',#5834);
#5834 = CARTESIAN_POINT('',(-0.16,-10.32,8.54));
#5835 = LINE('',#5836,#5837);
#5836 = CARTESIAN_POINT('',(-0.266666666667,-10.42666666666,
    8.433333333333));
#5837 = VECTOR('',#5838,1.);
#5838 = DIRECTION('',(0.57735026919,0.57735026919,0.57735026919));
#5839 = ORIENTED_EDGE('',*,*,#3922,.T.);
#5840 = ORIENTED_EDGE('',*,*,#5808,.T.);
#5841 = ORIENTED_EDGE('',*,*,#5842,.F.);
#5842 = EDGE_CURVE('',#5833,#5809,#5843,.T.);
#5843 = LINE('',#5844,#5845);
#5844 = CARTESIAN_POINT('',(-0.16,-10.48,8.54));
#5845 = VECTOR('',#5846,1.);
#5846 = DIRECTION('',(0.,1.,0.));
#5847 = PLANE('',#5848);
#5848 = AXIS2_PLACEMENT_3D('',#5849,#5850,#5851);
#5849 = CARTESIAN_POINT('',(-0.24,-10.48,8.46));
#5850 = DIRECTION('',(0.707106781187,1.735167508357E-18,-0.707106781187)
  );
#5851 = DIRECTION('',(-1.226948711654E-18,1.,1.226948711654E-18));
#5852 = ADVANCED_FACE('',(#5853),#5864,.F.);
#5853 = FACE_BOUND('',#5854,.T.);
#5854 = EDGE_LOOP('',(#5855,#5856,#5857,#5858));
#5855 = ORIENTED_EDGE('',*,*,#5832,.F.);
#5856 = ORIENTED_EDGE('',*,*,#3939,.T.);
#5857 = ORIENTED_EDGE('',*,*,#5777,.T.);
#5858 = ORIENTED_EDGE('',*,*,#5859,.F.);
#5859 = EDGE_CURVE('',#5833,#5778,#5860,.T.);
#5860 = LINE('',#5861,#5862);
#5861 = CARTESIAN_POINT('',(-0.32,-10.32,8.54));
#5862 = VECTOR('',#5863,1.);
#5863 = DIRECTION('',(1.,0.,0.));
#5864 = PLANE('',#5865);
#5865 = AXIS2_PLACEMENT_3D('',#5866,#5867,#5868);
#5866 = CARTESIAN_POINT('',(-0.32,-10.4,8.46));
#5867 = DIRECTION('',(-1.735167508357E-18,0.707106781187,-0.707106781187
    ));
#5868 = DIRECTION('',(-1.,-1.226948711654E-18,1.226948711654E-18));
#5869 = ADVANCED_FACE('',(#5870),#5895,.T.);
#5870 = FACE_BOUND('',#5871,.T.);
#5871 = EDGE_LOOP('',(#5872,#5880,#5881,#5889));
#5872 = ORIENTED_EDGE('',*,*,#5873,.F.);
#5873 = EDGE_CURVE('',#3954,#5874,#5876,.T.);
#5874 = VERTEX_POINT('',#5875);
#5875 = CARTESIAN_POINT('',(0.16,-7.78,8.54));
#5876 = LINE('',#5877,#5878);
#5877 = CARTESIAN_POINT('',(0.16,-7.78,8.54));
#5878 = VECTOR('',#5879,1.);
#5879 = DIRECTION('',(-0.57735026919,0.57735026919,0.57735026919));
#5880 = ORIENTED_EDGE('',*,*,#3970,.T.);
#5881 = ORIENTED_EDGE('',*,*,#5882,.T.);
#5882 = EDGE_CURVE('',#3963,#5883,#5885,.T.);
#5883 = VERTEX_POINT('',#5884);
#5884 = CARTESIAN_POINT('',(0.16,-7.46,8.54));
#5885 = LINE('',#5886,#5887);
#5886 = CARTESIAN_POINT('',(5.333333333333E-02,-7.566666666667,
    8.646666666667));
#5887 = VECTOR('',#5888,1.);
#5888 = DIRECTION('',(-0.57735026919,-0.57735026919,0.57735026919));
#5889 = ORIENTED_EDGE('',*,*,#5890,.F.);
#5890 = EDGE_CURVE('',#5874,#5883,#5891,.T.);
#5891 = LINE('',#5892,#5893);
#5892 = CARTESIAN_POINT('',(0.16,-7.94,8.54));
#5893 = VECTOR('',#5894,1.);
#5894 = DIRECTION('',(0.,1.,0.));
#5895 = PLANE('',#5896);
#5896 = AXIS2_PLACEMENT_3D('',#5897,#5898,#5899);
#5897 = CARTESIAN_POINT('',(0.24,-7.94,8.46));
#5898 = DIRECTION('',(0.707106781187,-1.735167508357E-18,0.707106781187)
  );
#5899 = DIRECTION('',(1.226948711654E-18,1.,1.226948711654E-18));
#5900 = ADVANCED_FACE('',(#5901),#5919,.T.);
#5901 = FACE_BOUND('',#5902,.F.);
#5902 = EDGE_LOOP('',(#5903,#5911,#5912,#5913));
#5903 = ORIENTED_EDGE('',*,*,#5904,.F.);
#5904 = EDGE_CURVE('',#3987,#5905,#5907,.T.);
#5905 = VERTEX_POINT('',#5906);
#5906 = CARTESIAN_POINT('',(-0.16,-7.46,8.54));
#5907 = LINE('',#5908,#5909);
#5908 = CARTESIAN_POINT('',(-0.16,-7.46,8.54));
#5909 = VECTOR('',#5910,1.);
#5910 = DIRECTION('',(0.57735026919,-0.57735026919,0.57735026919));
#5911 = ORIENTED_EDGE('',*,*,#3994,.T.);
#5912 = ORIENTED_EDGE('',*,*,#5882,.T.);
#5913 = ORIENTED_EDGE('',*,*,#5914,.F.);
#5914 = EDGE_CURVE('',#5905,#5883,#5915,.T.);
#5915 = LINE('',#5916,#5917);
#5916 = CARTESIAN_POINT('',(-0.32,-7.46,8.54));
#5917 = VECTOR('',#5918,1.);
#5918 = DIRECTION('',(1.,0.,0.));
#5919 = PLANE('',#5920);
#5920 = AXIS2_PLACEMENT_3D('',#5921,#5922,#5923);
#5921 = CARTESIAN_POINT('',(-0.32,-7.38,8.46));
#5922 = DIRECTION('',(1.735167508357E-18,0.707106781187,0.707106781187)
  );
#5923 = DIRECTION('',(-1.,1.226948711654E-18,1.226948711654E-18));
#5924 = ADVANCED_FACE('',(#5925),#5943,.F.);
#5925 = FACE_BOUND('',#5926,.F.);
#5926 = EDGE_LOOP('',(#5927,#5935,#5936,#5937));
#5927 = ORIENTED_EDGE('',*,*,#5928,.F.);
#5928 = EDGE_CURVE('',#4009,#5929,#5931,.T.);
#5929 = VERTEX_POINT('',#5930);
#5930 = CARTESIAN_POINT('',(-0.16,-7.78,8.54));
#5931 = LINE('',#5932,#5933);
#5932 = CARTESIAN_POINT('',(-0.266666666667,-7.886666666667,
    8.433333333333));
#5933 = VECTOR('',#5934,1.);
#5934 = DIRECTION('',(0.57735026919,0.57735026919,0.57735026919));
#5935 = ORIENTED_EDGE('',*,*,#4018,.T.);
#5936 = ORIENTED_EDGE('',*,*,#5904,.T.);
#5937 = ORIENTED_EDGE('',*,*,#5938,.F.);
#5938 = EDGE_CURVE('',#5929,#5905,#5939,.T.);
#5939 = LINE('',#5940,#5941);
#5940 = CARTESIAN_POINT('',(-0.16,-7.94,8.54));
#5941 = VECTOR('',#5942,1.);
#5942 = DIRECTION('',(0.,1.,0.));
#5943 = PLANE('',#5944);
#5944 = AXIS2_PLACEMENT_3D('',#5945,#5946,#5947);
#5945 = CARTESIAN_POINT('',(-0.24,-7.94,8.46));
#5946 = DIRECTION('',(0.707106781187,1.735167508357E-18,-0.707106781187)
  );
#5947 = DIRECTION('',(-1.226948711654E-18,1.,1.226948711654E-18));
#5948 = ADVANCED_FACE('',(#5949),#5960,.F.);
#5949 = FACE_BOUND('',#5950,.T.);
#5950 = EDGE_LOOP('',(#5951,#5952,#5953,#5954));
#5951 = ORIENTED_EDGE('',*,*,#5928,.F.);
#5952 = ORIENTED_EDGE('',*,*,#4035,.T.);
#5953 = ORIENTED_EDGE('',*,*,#5873,.T.);
#5954 = ORIENTED_EDGE('',*,*,#5955,.F.);
#5955 = EDGE_CURVE('',#5929,#5874,#5956,.T.);
#5956 = LINE('',#5957,#5958);
#5957 = CARTESIAN_POINT('',(-0.32,-7.78,8.54));
#5958 = VECTOR('',#5959,1.);
#5959 = DIRECTION('',(1.,0.,0.));
#5960 = PLANE('',#5961);
#5961 = AXIS2_PLACEMENT_3D('',#5962,#5963,#5964);
#5962 = CARTESIAN_POINT('',(-0.32,-7.86,8.46));
#5963 = DIRECTION('',(-1.735167508357E-18,0.707106781187,-0.707106781187
    ));
#5964 = DIRECTION('',(-1.,-1.226948711654E-18,1.226948711654E-18));
#5965 = ADVANCED_FACE('',(#5966),#5991,.F.);
#5966 = FACE_BOUND('',#5967,.T.);
#5967 = EDGE_LOOP('',(#5968,#5976,#5977,#5985));
#5968 = ORIENTED_EDGE('',*,*,#5969,.F.);
#5969 = EDGE_CURVE('',#4059,#5970,#5972,.T.);
#5970 = VERTEX_POINT('',#5971);
#5971 = CARTESIAN_POINT('',(-0.16,-17.94,8.54));
#5972 = LINE('',#5973,#5974);
#5973 = CARTESIAN_POINT('',(-0.266666666667,-18.04666666666,
    8.433333333333));
#5974 = VECTOR('',#5975,1.);
#5975 = DIRECTION('',(0.57735026919,0.57735026919,0.57735026919));
#5976 = ORIENTED_EDGE('',*,*,#4066,.T.);
#5977 = ORIENTED_EDGE('',*,*,#5978,.T.);
#5978 = EDGE_CURVE('',#4050,#5979,#5981,.T.);
#5979 = VERTEX_POINT('',#5980);
#5980 = CARTESIAN_POINT('',(0.16,-17.94,8.54));
#5981 = LINE('',#5982,#5983);
#5982 = CARTESIAN_POINT('',(0.16,-17.94,8.54));
#5983 = VECTOR('',#5984,1.);
#5984 = DIRECTION('',(-0.57735026919,0.57735026919,0.57735026919));
#5985 = ORIENTED_EDGE('',*,*,#5986,.F.);
#5986 = EDGE_CURVE('',#5970,#5979,#5987,.T.);
#5987 = LINE('',#5988,#5989);
#5988 = CARTESIAN_POINT('',(-0.32,-17.94,8.54));
#5989 = VECTOR('',#5990,1.);
#5990 = DIRECTION('',(1.,0.,0.));
#5991 = PLANE('',#5992);
#5992 = AXIS2_PLACEMENT_3D('',#5993,#5994,#5995);
#5993 = CARTESIAN_POINT('',(-0.32,-18.02,8.46));
#5994 = DIRECTION('',(-1.735167508357E-18,0.707106781187,-0.707106781187
    ));
#5995 = DIRECTION('',(-1.,-1.226948711654E-18,1.226948711654E-18));
#5996 = ADVANCED_FACE('',(#5997),#6015,.T.);
#5997 = FACE_BOUND('',#5998,.T.);
#5998 = EDGE_LOOP('',(#5999,#6000,#6001,#6009));
#5999 = ORIENTED_EDGE('',*,*,#5978,.F.);
#6000 = ORIENTED_EDGE('',*,*,#4090,.T.);
#6001 = ORIENTED_EDGE('',*,*,#6002,.T.);
#6002 = EDGE_CURVE('',#4083,#6003,#6005,.T.);
#6003 = VERTEX_POINT('',#6004);
#6004 = CARTESIAN_POINT('',(0.16,-17.62,8.54));
#6005 = LINE('',#6006,#6007);
#6006 = CARTESIAN_POINT('',(5.333333333333E-02,-17.72666666666,
    8.646666666667));
#6007 = VECTOR('',#6008,1.);
#6008 = DIRECTION('',(-0.57735026919,-0.57735026919,0.57735026919));
#6009 = ORIENTED_EDGE('',*,*,#6010,.F.);
#6010 = EDGE_CURVE('',#5979,#6003,#6011,.T.);
#6011 = LINE('',#6012,#6013);
#6012 = CARTESIAN_POINT('',(0.16,-18.1,8.54));
#6013 = VECTOR('',#6014,1.);
#6014 = DIRECTION('',(0.,1.,0.));
#6015 = PLANE('',#6016);
#6016 = AXIS2_PLACEMENT_3D('',#6017,#6018,#6019);
#6017 = CARTESIAN_POINT('',(0.24,-18.1,8.46));
#6018 = DIRECTION('',(0.707106781187,-1.735167508357E-18,0.707106781187)
  );
#6019 = DIRECTION('',(1.226948711654E-18,1.,1.226948711654E-18));
#6020 = ADVANCED_FACE('',(#6021),#6039,.T.);
#6021 = FACE_BOUND('',#6022,.F.);
#6022 = EDGE_LOOP('',(#6023,#6031,#6032,#6033));
#6023 = ORIENTED_EDGE('',*,*,#6024,.F.);
#6024 = EDGE_CURVE('',#4107,#6025,#6027,.T.);
#6025 = VERTEX_POINT('',#6026);
#6026 = CARTESIAN_POINT('',(-0.16,-17.62,8.54));
#6027 = LINE('',#6028,#6029);
#6028 = CARTESIAN_POINT('',(-0.16,-17.62,8.54));
#6029 = VECTOR('',#6030,1.);
#6030 = DIRECTION('',(0.57735026919,-0.57735026919,0.57735026919));
#6031 = ORIENTED_EDGE('',*,*,#4114,.T.);
#6032 = ORIENTED_EDGE('',*,*,#6002,.T.);
#6033 = ORIENTED_EDGE('',*,*,#6034,.F.);
#6034 = EDGE_CURVE('',#6025,#6003,#6035,.T.);
#6035 = LINE('',#6036,#6037);
#6036 = CARTESIAN_POINT('',(-0.32,-17.62,8.54));
#6037 = VECTOR('',#6038,1.);
#6038 = DIRECTION('',(1.,0.,0.));
#6039 = PLANE('',#6040);
#6040 = AXIS2_PLACEMENT_3D('',#6041,#6042,#6043);
#6041 = CARTESIAN_POINT('',(-0.32,-17.54,8.46));
#6042 = DIRECTION('',(1.735167508357E-18,0.707106781187,0.707106781187)
  );
#6043 = DIRECTION('',(-1.,1.226948711654E-18,1.226948711654E-18));
#6044 = ADVANCED_FACE('',(#6045),#6056,.F.);
#6045 = FACE_BOUND('',#6046,.F.);
#6046 = EDGE_LOOP('',(#6047,#6048,#6049,#6050));
#6047 = ORIENTED_EDGE('',*,*,#5969,.F.);
#6048 = ORIENTED_EDGE('',*,*,#4131,.T.);
#6049 = ORIENTED_EDGE('',*,*,#6024,.T.);
#6050 = ORIENTED_EDGE('',*,*,#6051,.F.);
#6051 = EDGE_CURVE('',#5970,#6025,#6052,.T.);
#6052 = LINE('',#6053,#6054);
#6053 = CARTESIAN_POINT('',(-0.16,-18.1,8.54));
#6054 = VECTOR('',#6055,1.);
#6055 = DIRECTION('',(0.,1.,0.));
#6056 = PLANE('',#6057);
#6057 = AXIS2_PLACEMENT_3D('',#6058,#6059,#6060);
#6058 = CARTESIAN_POINT('',(-0.24,-18.1,8.46));
#6059 = DIRECTION('',(0.707106781187,1.735167508357E-18,-0.707106781187)
  );
#6060 = DIRECTION('',(-1.226948711654E-18,1.,1.226948711654E-18));
#6061 = ADVANCED_FACE('',(#6062),#6087,.T.);
#6062 = FACE_BOUND('',#6063,.T.);
#6063 = EDGE_LOOP('',(#6064,#6072,#6073,#6081));
#6064 = ORIENTED_EDGE('',*,*,#6065,.F.);
#6065 = EDGE_CURVE('',#4146,#6066,#6068,.T.);
#6066 = VERTEX_POINT('',#6067);
#6067 = CARTESIAN_POINT('',(0.16,-15.4,8.54));
#6068 = LINE('',#6069,#6070);
#6069 = CARTESIAN_POINT('',(0.16,-15.4,8.54));
#6070 = VECTOR('',#6071,1.);
#6071 = DIRECTION('',(-0.57735026919,0.57735026919,0.57735026919));
#6072 = ORIENTED_EDGE('',*,*,#4162,.T.);
#6073 = ORIENTED_EDGE('',*,*,#6074,.T.);
#6074 = EDGE_CURVE('',#4155,#6075,#6077,.T.);
#6075 = VERTEX_POINT('',#6076);
#6076 = CARTESIAN_POINT('',(0.16,-15.08,8.54));
#6077 = LINE('',#6078,#6079);
#6078 = CARTESIAN_POINT('',(5.333333333333E-02,-15.18666666666,
    8.646666666667));
#6079 = VECTOR('',#6080,1.);
#6080 = DIRECTION('',(-0.57735026919,-0.57735026919,0.57735026919));
#6081 = ORIENTED_EDGE('',*,*,#6082,.F.);
#6082 = EDGE_CURVE('',#6066,#6075,#6083,.T.);
#6083 = LINE('',#6084,#6085);
#6084 = CARTESIAN_POINT('',(0.16,-15.56,8.54));
#6085 = VECTOR('',#6086,1.);
#6086 = DIRECTION('',(0.,1.,0.));
#6087 = PLANE('',#6088);
#6088 = AXIS2_PLACEMENT_3D('',#6089,#6090,#6091);
#6089 = CARTESIAN_POINT('',(0.24,-15.56,8.46));
#6090 = DIRECTION('',(0.707106781187,-1.735167508357E-18,0.707106781187)
  );
#6091 = DIRECTION('',(1.226948711654E-18,1.,1.226948711654E-18));
#6092 = ADVANCED_FACE('',(#6093),#6111,.T.);
#6093 = FACE_BOUND('',#6094,.F.);
#6094 = EDGE_LOOP('',(#6095,#6103,#6104,#6105));
#6095 = ORIENTED_EDGE('',*,*,#6096,.F.);
#6096 = EDGE_CURVE('',#4179,#6097,#6099,.T.);
#6097 = VERTEX_POINT('',#6098);
#6098 = CARTESIAN_POINT('',(-0.16,-15.08,8.54));
#6099 = LINE('',#6100,#6101);
#6100 = CARTESIAN_POINT('',(-0.16,-15.08,8.54));
#6101 = VECTOR('',#6102,1.);
#6102 = DIRECTION('',(0.57735026919,-0.57735026919,0.57735026919));
#6103 = ORIENTED_EDGE('',*,*,#4186,.T.);
#6104 = ORIENTED_EDGE('',*,*,#6074,.T.);
#6105 = ORIENTED_EDGE('',*,*,#6106,.F.);
#6106 = EDGE_CURVE('',#6097,#6075,#6107,.T.);
#6107 = LINE('',#6108,#6109);
#6108 = CARTESIAN_POINT('',(-0.32,-15.08,8.54));
#6109 = VECTOR('',#6110,1.);
#6110 = DIRECTION('',(1.,0.,0.));
#6111 = PLANE('',#6112);
#6112 = AXIS2_PLACEMENT_3D('',#6113,#6114,#6115);
#6113 = CARTESIAN_POINT('',(-0.32,-15.,8.46));
#6114 = DIRECTION('',(1.735167508357E-18,0.707106781187,0.707106781187)
  );
#6115 = DIRECTION('',(-1.,1.226948711654E-18,1.226948711654E-18));
#6116 = ADVANCED_FACE('',(#6117),#6135,.F.);
#6117 = FACE_BOUND('',#6118,.F.);
#6118 = EDGE_LOOP('',(#6119,#6127,#6128,#6129));
#6119 = ORIENTED_EDGE('',*,*,#6120,.F.);
#6120 = EDGE_CURVE('',#4201,#6121,#6123,.T.);
#6121 = VERTEX_POINT('',#6122);
#6122 = CARTESIAN_POINT('',(-0.16,-15.4,8.54));
#6123 = LINE('',#6124,#6125);
#6124 = CARTESIAN_POINT('',(-0.266666666667,-15.50666666666,
    8.433333333333));
#6125 = VECTOR('',#6126,1.);
#6126 = DIRECTION('',(0.57735026919,0.57735026919,0.57735026919));
#6127 = ORIENTED_EDGE('',*,*,#4210,.T.);
#6128 = ORIENTED_EDGE('',*,*,#6096,.T.);
#6129 = ORIENTED_EDGE('',*,*,#6130,.F.);
#6130 = EDGE_CURVE('',#6121,#6097,#6131,.T.);
#6131 = LINE('',#6132,#6133);
#6132 = CARTESIAN_POINT('',(-0.16,-15.56,8.54));
#6133 = VECTOR('',#6134,1.);
#6134 = DIRECTION('',(0.,1.,0.));
#6135 = PLANE('',#6136);
#6136 = AXIS2_PLACEMENT_3D('',#6137,#6138,#6139);
#6137 = CARTESIAN_POINT('',(-0.24,-15.56,8.46));
#6138 = DIRECTION('',(0.707106781187,1.735167508357E-18,-0.707106781187)
  );
#6139 = DIRECTION('',(-1.226948711654E-18,1.,1.226948711654E-18));
#6140 = ADVANCED_FACE('',(#6141),#6152,.F.);
#6141 = FACE_BOUND('',#6142,.T.);
#6142 = EDGE_LOOP('',(#6143,#6144,#6145,#6146));
#6143 = ORIENTED_EDGE('',*,*,#6120,.F.);
#6144 = ORIENTED_EDGE('',*,*,#4227,.T.);
#6145 = ORIENTED_EDGE('',*,*,#6065,.T.);
#6146 = ORIENTED_EDGE('',*,*,#6147,.F.);
#6147 = EDGE_CURVE('',#6121,#6066,#6148,.T.);
#6148 = LINE('',#6149,#6150);
#6149 = CARTESIAN_POINT('',(-0.32,-15.4,8.54));
#6150 = VECTOR('',#6151,1.);
#6151 = DIRECTION('',(1.,0.,0.));
#6152 = PLANE('',#6153);
#6153 = AXIS2_PLACEMENT_3D('',#6154,#6155,#6156);
#6154 = CARTESIAN_POINT('',(-0.32,-15.48,8.46));
#6155 = DIRECTION('',(-1.735167508357E-18,0.707106781187,-0.707106781187
    ));
#6156 = DIRECTION('',(-1.,-1.226948711654E-18,1.226948711654E-18));
#6157 = ADVANCED_FACE('',(#6158),#6183,.T.);
#6158 = FACE_BOUND('',#6159,.T.);
#6159 = EDGE_LOOP('',(#6160,#6168,#6169,#6177));
#6160 = ORIENTED_EDGE('',*,*,#6161,.F.);
#6161 = EDGE_CURVE('',#4242,#6162,#6164,.T.);
#6162 = VERTEX_POINT('',#6163);
#6163 = CARTESIAN_POINT('',(0.16,-23.02,8.54));
#6164 = LINE('',#6165,#6166);
#6165 = CARTESIAN_POINT('',(0.16,-23.02,8.54));
#6166 = VECTOR('',#6167,1.);
#6167 = DIRECTION('',(-0.57735026919,0.57735026919,0.57735026919));
#6168 = ORIENTED_EDGE('',*,*,#4258,.T.);
#6169 = ORIENTED_EDGE('',*,*,#6170,.T.);
#6170 = EDGE_CURVE('',#4251,#6171,#6173,.T.);
#6171 = VERTEX_POINT('',#6172);
#6172 = CARTESIAN_POINT('',(0.16,-22.7,8.54));
#6173 = LINE('',#6174,#6175);
#6174 = CARTESIAN_POINT('',(5.333333333333E-02,-22.80666666666,
    8.646666666667));
#6175 = VECTOR('',#6176,1.);
#6176 = DIRECTION('',(-0.57735026919,-0.57735026919,0.57735026919));
#6177 = ORIENTED_EDGE('',*,*,#6178,.F.);
#6178 = EDGE_CURVE('',#6162,#6171,#6179,.T.);
#6179 = LINE('',#6180,#6181);
#6180 = CARTESIAN_POINT('',(0.16,-23.18,8.54));
#6181 = VECTOR('',#6182,1.);
#6182 = DIRECTION('',(0.,1.,0.));
#6183 = PLANE('',#6184);
#6184 = AXIS2_PLACEMENT_3D('',#6185,#6186,#6187);
#6185 = CARTESIAN_POINT('',(0.24,-23.18,8.46));
#6186 = DIRECTION('',(0.707106781187,-1.735167508357E-18,0.707106781187)
  );
#6187 = DIRECTION('',(1.226948711654E-18,1.,1.226948711654E-18));
#6188 = ADVANCED_FACE('',(#6189),#6207,.T.);
#6189 = FACE_BOUND('',#6190,.F.);
#6190 = EDGE_LOOP('',(#6191,#6199,#6200,#6201));
#6191 = ORIENTED_EDGE('',*,*,#6192,.F.);
#6192 = EDGE_CURVE('',#4275,#6193,#6195,.T.);
#6193 = VERTEX_POINT('',#6194);
#6194 = CARTESIAN_POINT('',(-0.16,-22.7,8.54));
#6195 = LINE('',#6196,#6197);
#6196 = CARTESIAN_POINT('',(-0.16,-22.7,8.54));
#6197 = VECTOR('',#6198,1.);
#6198 = DIRECTION('',(0.57735026919,-0.57735026919,0.57735026919));
#6199 = ORIENTED_EDGE('',*,*,#4282,.T.);
#6200 = ORIENTED_EDGE('',*,*,#6170,.T.);
#6201 = ORIENTED_EDGE('',*,*,#6202,.F.);
#6202 = EDGE_CURVE('',#6193,#6171,#6203,.T.);
#6203 = LINE('',#6204,#6205);
#6204 = CARTESIAN_POINT('',(-0.32,-22.7,8.54));
#6205 = VECTOR('',#6206,1.);
#6206 = DIRECTION('',(1.,0.,0.));
#6207 = PLANE('',#6208);
#6208 = AXIS2_PLACEMENT_3D('',#6209,#6210,#6211);
#6209 = CARTESIAN_POINT('',(-0.32,-22.62,8.46));
#6210 = DIRECTION('',(1.735167508357E-18,0.707106781187,0.707106781187)
  );
#6211 = DIRECTION('',(-1.,1.226948711654E-18,1.226948711654E-18));
#6212 = ADVANCED_FACE('',(#6213),#6231,.F.);
#6213 = FACE_BOUND('',#6214,.F.);
#6214 = EDGE_LOOP('',(#6215,#6223,#6224,#6225));
#6215 = ORIENTED_EDGE('',*,*,#6216,.F.);
#6216 = EDGE_CURVE('',#4297,#6217,#6219,.T.);
#6217 = VERTEX_POINT('',#6218);
#6218 = CARTESIAN_POINT('',(-0.16,-23.02,8.54));
#6219 = LINE('',#6220,#6221);
#6220 = CARTESIAN_POINT('',(-0.266666666667,-23.12666666666,
    8.433333333333));
#6221 = VECTOR('',#6222,1.);
#6222 = DIRECTION('',(0.57735026919,0.57735026919,0.57735026919));
#6223 = ORIENTED_EDGE('',*,*,#4306,.T.);
#6224 = ORIENTED_EDGE('',*,*,#6192,.T.);
#6225 = ORIENTED_EDGE('',*,*,#6226,.F.);
#6226 = EDGE_CURVE('',#6217,#6193,#6227,.T.);
#6227 = LINE('',#6228,#6229);
#6228 = CARTESIAN_POINT('',(-0.16,-23.18,8.54));
#6229 = VECTOR('',#6230,1.);
#6230 = DIRECTION('',(0.,1.,0.));
#6231 = PLANE('',#6232);
#6232 = AXIS2_PLACEMENT_3D('',#6233,#6234,#6235);
#6233 = CARTESIAN_POINT('',(-0.24,-23.18,8.46));
#6234 = DIRECTION('',(0.707106781187,1.735167508357E-18,-0.707106781187)
  );
#6235 = DIRECTION('',(-1.226948711654E-18,1.,1.226948711654E-18));
#6236 = ADVANCED_FACE('',(#6237),#6248,.F.);
#6237 = FACE_BOUND('',#6238,.T.);
#6238 = EDGE_LOOP('',(#6239,#6240,#6241,#6242));
#6239 = ORIENTED_EDGE('',*,*,#6216,.F.);
#6240 = ORIENTED_EDGE('',*,*,#4323,.T.);
#6241 = ORIENTED_EDGE('',*,*,#6161,.T.);
#6242 = ORIENTED_EDGE('',*,*,#6243,.F.);
#6243 = EDGE_CURVE('',#6217,#6162,#6244,.T.);
#6244 = LINE('',#6245,#6246);
#6245 = CARTESIAN_POINT('',(-0.32,-23.02,8.54));
#6246 = VECTOR('',#6247,1.);
#6247 = DIRECTION('',(1.,0.,0.));
#6248 = PLANE('',#6249);
#6249 = AXIS2_PLACEMENT_3D('',#6250,#6251,#6252);
#6250 = CARTESIAN_POINT('',(-0.32,-23.1,8.46));
#6251 = DIRECTION('',(-1.735167508357E-18,0.707106781187,-0.707106781187
    ));
#6252 = DIRECTION('',(-1.,-1.226948711654E-18,1.226948711654E-18));
#6253 = ADVANCED_FACE('',(#6254),#6279,.F.);
#6254 = FACE_BOUND('',#6255,.T.);
#6255 = EDGE_LOOP('',(#6256,#6264,#6265,#6273));
#6256 = ORIENTED_EDGE('',*,*,#6257,.F.);
#6257 = EDGE_CURVE('',#4347,#6258,#6260,.T.);
#6258 = VERTEX_POINT('',#6259);
#6259 = CARTESIAN_POINT('',(-0.16,-20.48,8.54));
#6260 = LINE('',#6261,#6262);
#6261 = CARTESIAN_POINT('',(-0.266666666667,-20.58666666666,
    8.433333333333));
#6262 = VECTOR('',#6263,1.);
#6263 = DIRECTION('',(0.57735026919,0.57735026919,0.57735026919));
#6264 = ORIENTED_EDGE('',*,*,#4354,.T.);
#6265 = ORIENTED_EDGE('',*,*,#6266,.T.);
#6266 = EDGE_CURVE('',#4338,#6267,#6269,.T.);
#6267 = VERTEX_POINT('',#6268);
#6268 = CARTESIAN_POINT('',(0.16,-20.48,8.54));
#6269 = LINE('',#6270,#6271);
#6270 = CARTESIAN_POINT('',(0.16,-20.48,8.54));
#6271 = VECTOR('',#6272,1.);
#6272 = DIRECTION('',(-0.57735026919,0.57735026919,0.57735026919));
#6273 = ORIENTED_EDGE('',*,*,#6274,.F.);
#6274 = EDGE_CURVE('',#6258,#6267,#6275,.T.);
#6275 = LINE('',#6276,#6277);
#6276 = CARTESIAN_POINT('',(-0.32,-20.48,8.54));
#6277 = VECTOR('',#6278,1.);
#6278 = DIRECTION('',(1.,0.,0.));
#6279 = PLANE('',#6280);
#6280 = AXIS2_PLACEMENT_3D('',#6281,#6282,#6283);
#6281 = CARTESIAN_POINT('',(-0.32,-20.56,8.46));
#6282 = DIRECTION('',(-1.735167508357E-18,0.707106781187,-0.707106781187
    ));
#6283 = DIRECTION('',(-1.,-1.226948711654E-18,1.226948711654E-18));
#6284 = ADVANCED_FACE('',(#6285),#6303,.T.);
#6285 = FACE_BOUND('',#6286,.T.);
#6286 = EDGE_LOOP('',(#6287,#6288,#6289,#6297));
#6287 = ORIENTED_EDGE('',*,*,#6266,.F.);
#6288 = ORIENTED_EDGE('',*,*,#4378,.T.);
#6289 = ORIENTED_EDGE('',*,*,#6290,.T.);
#6290 = EDGE_CURVE('',#4371,#6291,#6293,.T.);
#6291 = VERTEX_POINT('',#6292);
#6292 = CARTESIAN_POINT('',(0.16,-20.16,8.54));
#6293 = LINE('',#6294,#6295);
#6294 = CARTESIAN_POINT('',(5.333333333333E-02,-20.26666666666,
    8.646666666667));
#6295 = VECTOR('',#6296,1.);
#6296 = DIRECTION('',(-0.57735026919,-0.57735026919,0.57735026919));
#6297 = ORIENTED_EDGE('',*,*,#6298,.F.);
#6298 = EDGE_CURVE('',#6267,#6291,#6299,.T.);
#6299 = LINE('',#6300,#6301);
#6300 = CARTESIAN_POINT('',(0.16,-20.64,8.54));
#6301 = VECTOR('',#6302,1.);
#6302 = DIRECTION('',(0.,1.,0.));
#6303 = PLANE('',#6304);
#6304 = AXIS2_PLACEMENT_3D('',#6305,#6306,#6307);
#6305 = CARTESIAN_POINT('',(0.24,-20.64,8.46));
#6306 = DIRECTION('',(0.707106781187,-1.735167508357E-18,0.707106781187)
  );
#6307 = DIRECTION('',(1.226948711654E-18,1.,1.226948711654E-18));
#6308 = ADVANCED_FACE('',(#6309),#6327,.T.);
#6309 = FACE_BOUND('',#6310,.F.);
#6310 = EDGE_LOOP('',(#6311,#6319,#6320,#6321));
#6311 = ORIENTED_EDGE('',*,*,#6312,.F.);
#6312 = EDGE_CURVE('',#4395,#6313,#6315,.T.);
#6313 = VERTEX_POINT('',#6314);
#6314 = CARTESIAN_POINT('',(-0.16,-20.16,8.54));
#6315 = LINE('',#6316,#6317);
#6316 = CARTESIAN_POINT('',(-0.16,-20.16,8.54));
#6317 = VECTOR('',#6318,1.);
#6318 = DIRECTION('',(0.57735026919,-0.57735026919,0.57735026919));
#6319 = ORIENTED_EDGE('',*,*,#4402,.T.);
#6320 = ORIENTED_EDGE('',*,*,#6290,.T.);
#6321 = ORIENTED_EDGE('',*,*,#6322,.F.);
#6322 = EDGE_CURVE('',#6313,#6291,#6323,.T.);
#6323 = LINE('',#6324,#6325);
#6324 = CARTESIAN_POINT('',(-0.32,-20.16,8.54));
#6325 = VECTOR('',#6326,1.);
#6326 = DIRECTION('',(1.,0.,0.));
#6327 = PLANE('',#6328);
#6328 = AXIS2_PLACEMENT_3D('',#6329,#6330,#6331);
#6329 = CARTESIAN_POINT('',(-0.32,-20.08,8.46));
#6330 = DIRECTION('',(1.735167508357E-18,0.707106781187,0.707106781187)
  );
#6331 = DIRECTION('',(-1.,1.226948711654E-18,1.226948711654E-18));
#6332 = ADVANCED_FACE('',(#6333),#6344,.F.);
#6333 = FACE_BOUND('',#6334,.F.);
#6334 = EDGE_LOOP('',(#6335,#6336,#6337,#6338));
#6335 = ORIENTED_EDGE('',*,*,#6257,.F.);
#6336 = ORIENTED_EDGE('',*,*,#4419,.T.);
#6337 = ORIENTED_EDGE('',*,*,#6312,.T.);
#6338 = ORIENTED_EDGE('',*,*,#6339,.F.);
#6339 = EDGE_CURVE('',#6258,#6313,#6340,.T.);
#6340 = LINE('',#6341,#6342);
#6341 = CARTESIAN_POINT('',(-0.16,-20.64,8.54));
#6342 = VECTOR('',#6343,1.);
#6343 = DIRECTION('',(0.,1.,0.));
#6344 = PLANE('',#6345);
#6345 = AXIS2_PLACEMENT_3D('',#6346,#6347,#6348);
#6346 = CARTESIAN_POINT('',(-0.24,-20.64,8.46));
#6347 = DIRECTION('',(0.707106781187,1.735167508357E-18,-0.707106781187)
  );
#6348 = DIRECTION('',(-1.226948711654E-18,1.,1.226948711654E-18));
#6349 = ADVANCED_FACE('',(#6350),#6375,.F.);
#6350 = FACE_BOUND('',#6351,.T.);
#6351 = EDGE_LOOP('',(#6352,#6360,#6361,#6369));
#6352 = ORIENTED_EDGE('',*,*,#6353,.F.);
#6353 = EDGE_CURVE('',#4443,#6354,#6356,.T.);
#6354 = VERTEX_POINT('',#6355);
#6355 = CARTESIAN_POINT('',(-0.16,-0.16,8.54));
#6356 = LINE('',#6357,#6358);
#6357 = CARTESIAN_POINT('',(-0.266666666667,-0.266666666667,
    8.433333333333));
#6358 = VECTOR('',#6359,1.);
#6359 = DIRECTION('',(0.57735026919,0.57735026919,0.57735026919));
#6360 = ORIENTED_EDGE('',*,*,#4450,.T.);
#6361 = ORIENTED_EDGE('',*,*,#6362,.T.);
#6362 = EDGE_CURVE('',#4434,#6363,#6365,.T.);
#6363 = VERTEX_POINT('',#6364);
#6364 = CARTESIAN_POINT('',(0.16,-0.16,8.54));
#6365 = LINE('',#6366,#6367);
#6366 = CARTESIAN_POINT('',(0.16,-0.16,8.54));
#6367 = VECTOR('',#6368,1.);
#6368 = DIRECTION('',(-0.57735026919,0.57735026919,0.57735026919));
#6369 = ORIENTED_EDGE('',*,*,#6370,.F.);
#6370 = EDGE_CURVE('',#6354,#6363,#6371,.T.);
#6371 = LINE('',#6372,#6373);
#6372 = CARTESIAN_POINT('',(-0.32,-0.16,8.54));
#6373 = VECTOR('',#6374,1.);
#6374 = DIRECTION('',(1.,0.,0.));
#6375 = PLANE('',#6376);
#6376 = AXIS2_PLACEMENT_3D('',#6377,#6378,#6379);
#6377 = CARTESIAN_POINT('',(-0.32,-0.24,8.46));
#6378 = DIRECTION('',(-1.735167508357E-18,0.707106781187,-0.707106781187
    ));
#6379 = DIRECTION('',(-1.,-1.226948711654E-18,1.226948711654E-18));
#6380 = ADVANCED_FACE('',(#6381),#6399,.T.);
#6381 = FACE_BOUND('',#6382,.T.);
#6382 = EDGE_LOOP('',(#6383,#6384,#6385,#6393));
#6383 = ORIENTED_EDGE('',*,*,#6362,.F.);
#6384 = ORIENTED_EDGE('',*,*,#4474,.T.);
#6385 = ORIENTED_EDGE('',*,*,#6386,.T.);
#6386 = EDGE_CURVE('',#4467,#6387,#6389,.T.);
#6387 = VERTEX_POINT('',#6388);
#6388 = CARTESIAN_POINT('',(0.16,0.16,8.54));
#6389 = LINE('',#6390,#6391);
#6390 = CARTESIAN_POINT('',(5.333333333333E-02,5.333333333333E-02,
    8.646666666667));
#6391 = VECTOR('',#6392,1.);
#6392 = DIRECTION('',(-0.57735026919,-0.57735026919,0.57735026919));
#6393 = ORIENTED_EDGE('',*,*,#6394,.F.);
#6394 = EDGE_CURVE('',#6363,#6387,#6395,.T.);
#6395 = LINE('',#6396,#6397);
#6396 = CARTESIAN_POINT('',(0.16,-0.32,8.54));
#6397 = VECTOR('',#6398,1.);
#6398 = DIRECTION('',(0.,1.,0.));
#6399 = PLANE('',#6400);
#6400 = AXIS2_PLACEMENT_3D('',#6401,#6402,#6403);
#6401 = CARTESIAN_POINT('',(0.24,-0.32,8.46));
#6402 = DIRECTION('',(0.707106781187,-1.735167508357E-18,0.707106781187)
  );
#6403 = DIRECTION('',(1.226948711654E-18,1.,1.226948711654E-18));
#6404 = ADVANCED_FACE('',(#6405),#6423,.T.);
#6405 = FACE_BOUND('',#6406,.F.);
#6406 = EDGE_LOOP('',(#6407,#6415,#6416,#6417));
#6407 = ORIENTED_EDGE('',*,*,#6408,.F.);
#6408 = EDGE_CURVE('',#4491,#6409,#6411,.T.);
#6409 = VERTEX_POINT('',#6410);
#6410 = CARTESIAN_POINT('',(-0.16,0.16,8.54));
#6411 = LINE('',#6412,#6413);
#6412 = CARTESIAN_POINT('',(-0.16,0.16,8.54));
#6413 = VECTOR('',#6414,1.);
#6414 = DIRECTION('',(0.57735026919,-0.57735026919,0.57735026919));
#6415 = ORIENTED_EDGE('',*,*,#4498,.T.);
#6416 = ORIENTED_EDGE('',*,*,#6386,.T.);
#6417 = ORIENTED_EDGE('',*,*,#6418,.F.);
#6418 = EDGE_CURVE('',#6409,#6387,#6419,.T.);
#6419 = LINE('',#6420,#6421);
#6420 = CARTESIAN_POINT('',(-0.32,0.16,8.54));
#6421 = VECTOR('',#6422,1.);
#6422 = DIRECTION('',(1.,0.,0.));
#6423 = PLANE('',#6424);
#6424 = AXIS2_PLACEMENT_3D('',#6425,#6426,#6427);
#6425 = CARTESIAN_POINT('',(-0.32,0.24,8.46));
#6426 = DIRECTION('',(1.735167508357E-18,0.707106781187,0.707106781187)
  );
#6427 = DIRECTION('',(-1.,1.226948711654E-18,1.226948711654E-18));
#6428 = ADVANCED_FACE('',(#6429),#6440,.F.);
#6429 = FACE_BOUND('',#6430,.F.);
#6430 = EDGE_LOOP('',(#6431,#6432,#6433,#6434));
#6431 = ORIENTED_EDGE('',*,*,#6353,.F.);
#6432 = ORIENTED_EDGE('',*,*,#4515,.T.);
#6433 = ORIENTED_EDGE('',*,*,#6408,.T.);
#6434 = ORIENTED_EDGE('',*,*,#6435,.F.);
#6435 = EDGE_CURVE('',#6354,#6409,#6436,.T.);
#6436 = LINE('',#6437,#6438);
#6437 = CARTESIAN_POINT('',(-0.16,-0.32,8.54));
#6438 = VECTOR('',#6439,1.);
#6439 = DIRECTION('',(0.,1.,0.));
#6440 = PLANE('',#6441);
#6441 = AXIS2_PLACEMENT_3D('',#6442,#6443,#6444);
#6442 = CARTESIAN_POINT('',(-0.24,-0.32,8.46));
#6443 = DIRECTION('',(0.707106781187,1.735167508357E-18,-0.707106781187)
  );
#6444 = DIRECTION('',(-1.226948711654E-18,1.,1.226948711654E-18));
#6445 = ADVANCED_FACE('',(#6446),#6471,.T.);
#6446 = FACE_BOUND('',#6447,.T.);
#6447 = EDGE_LOOP('',(#6448,#6456,#6457,#6465));
#6448 = ORIENTED_EDGE('',*,*,#6449,.F.);
#6449 = EDGE_CURVE('',#4530,#6450,#6452,.T.);
#6450 = VERTEX_POINT('',#6451);
#6451 = CARTESIAN_POINT('',(0.16,-2.7,8.54));
#6452 = LINE('',#6453,#6454);
#6453 = CARTESIAN_POINT('',(0.16,-2.7,8.54));
#6454 = VECTOR('',#6455,1.);
#6455 = DIRECTION('',(-0.57735026919,0.57735026919,0.57735026919));
#6456 = ORIENTED_EDGE('',*,*,#4546,.T.);
#6457 = ORIENTED_EDGE('',*,*,#6458,.T.);
#6458 = EDGE_CURVE('',#4539,#6459,#6461,.T.);
#6459 = VERTEX_POINT('',#6460);
#6460 = CARTESIAN_POINT('',(0.16,-2.38,8.54));
#6461 = LINE('',#6462,#6463);
#6462 = CARTESIAN_POINT('',(5.333333333333E-02,-2.486666666667,
    8.646666666667));
#6463 = VECTOR('',#6464,1.);
#6464 = DIRECTION('',(-0.57735026919,-0.57735026919,0.57735026919));
#6465 = ORIENTED_EDGE('',*,*,#6466,.F.);
#6466 = EDGE_CURVE('',#6450,#6459,#6467,.T.);
#6467 = LINE('',#6468,#6469);
#6468 = CARTESIAN_POINT('',(0.16,-2.86,8.54));
#6469 = VECTOR('',#6470,1.);
#6470 = DIRECTION('',(0.,1.,0.));
#6471 = PLANE('',#6472);
#6472 = AXIS2_PLACEMENT_3D('',#6473,#6474,#6475);
#6473 = CARTESIAN_POINT('',(0.24,-2.86,8.46));
#6474 = DIRECTION('',(0.707106781187,-1.735167508357E-18,0.707106781187)
  );
#6475 = DIRECTION('',(1.226948711654E-18,1.,1.226948711654E-18));
#6476 = ADVANCED_FACE('',(#6477),#6495,.T.);
#6477 = FACE_BOUND('',#6478,.F.);
#6478 = EDGE_LOOP('',(#6479,#6487,#6488,#6489));
#6479 = ORIENTED_EDGE('',*,*,#6480,.F.);
#6480 = EDGE_CURVE('',#4563,#6481,#6483,.T.);
#6481 = VERTEX_POINT('',#6482);
#6482 = CARTESIAN_POINT('',(-0.16,-2.38,8.54));
#6483 = LINE('',#6484,#6485);
#6484 = CARTESIAN_POINT('',(-0.16,-2.38,8.54));
#6485 = VECTOR('',#6486,1.);
#6486 = DIRECTION('',(0.57735026919,-0.57735026919,0.57735026919));
#6487 = ORIENTED_EDGE('',*,*,#4570,.T.);
#6488 = ORIENTED_EDGE('',*,*,#6458,.T.);
#6489 = ORIENTED_EDGE('',*,*,#6490,.F.);
#6490 = EDGE_CURVE('',#6481,#6459,#6491,.T.);
#6491 = LINE('',#6492,#6493);
#6492 = CARTESIAN_POINT('',(-0.32,-2.38,8.54));
#6493 = VECTOR('',#6494,1.);
#6494 = DIRECTION('',(1.,0.,0.));
#6495 = PLANE('',#6496);
#6496 = AXIS2_PLACEMENT_3D('',#6497,#6498,#6499);
#6497 = CARTESIAN_POINT('',(-0.32,-2.3,8.46));
#6498 = DIRECTION('',(1.735167508357E-18,0.707106781187,0.707106781187)
  );
#6499 = DIRECTION('',(-1.,1.226948711654E-18,1.226948711654E-18));
#6500 = ADVANCED_FACE('',(#6501),#6519,.F.);
#6501 = FACE_BOUND('',#6502,.F.);
#6502 = EDGE_LOOP('',(#6503,#6511,#6512,#6513));
#6503 = ORIENTED_EDGE('',*,*,#6504,.F.);
#6504 = EDGE_CURVE('',#4585,#6505,#6507,.T.);
#6505 = VERTEX_POINT('',#6506);
#6506 = CARTESIAN_POINT('',(-0.16,-2.7,8.54));
#6507 = LINE('',#6508,#6509);
#6508 = CARTESIAN_POINT('',(-0.266666666667,-2.806666666667,
    8.433333333333));
#6509 = VECTOR('',#6510,1.);
#6510 = DIRECTION('',(0.57735026919,0.57735026919,0.57735026919));
#6511 = ORIENTED_EDGE('',*,*,#4594,.T.);
#6512 = ORIENTED_EDGE('',*,*,#6480,.T.);
#6513 = ORIENTED_EDGE('',*,*,#6514,.F.);
#6514 = EDGE_CURVE('',#6505,#6481,#6515,.T.);
#6515 = LINE('',#6516,#6517);
#6516 = CARTESIAN_POINT('',(-0.16,-2.86,8.54));
#6517 = VECTOR('',#6518,1.);
#6518 = DIRECTION('',(0.,1.,0.));
#6519 = PLANE('',#6520);
#6520 = AXIS2_PLACEMENT_3D('',#6521,#6522,#6523);
#6521 = CARTESIAN_POINT('',(-0.24,-2.86,8.46));
#6522 = DIRECTION('',(0.707106781187,1.735167508357E-18,-0.707106781187)
  );
#6523 = DIRECTION('',(-1.226948711654E-18,1.,1.226948711654E-18));
#6524 = ADVANCED_FACE('',(#6525),#6536,.F.);
#6525 = FACE_BOUND('',#6526,.T.);
#6526 = EDGE_LOOP('',(#6527,#6528,#6529,#6530));
#6527 = ORIENTED_EDGE('',*,*,#6504,.F.);
#6528 = ORIENTED_EDGE('',*,*,#4611,.T.);
#6529 = ORIENTED_EDGE('',*,*,#6449,.T.);
#6530 = ORIENTED_EDGE('',*,*,#6531,.F.);
#6531 = EDGE_CURVE('',#6505,#6450,#6532,.T.);
#6532 = LINE('',#6533,#6534);
#6533 = CARTESIAN_POINT('',(-0.32,-2.7,8.54));
#6534 = VECTOR('',#6535,1.);
#6535 = DIRECTION('',(1.,0.,0.));
#6536 = PLANE('',#6537);
#6537 = AXIS2_PLACEMENT_3D('',#6538,#6539,#6540);
#6538 = CARTESIAN_POINT('',(-0.32,-2.78,8.46));
#6539 = DIRECTION('',(-1.735167508357E-18,0.707106781187,-0.707106781187
    ));
#6540 = DIRECTION('',(-1.,-1.226948711654E-18,1.226948711654E-18));
#6541 = ADVANCED_FACE('',(#6542),#6567,.T.);
#6542 = FACE_BOUND('',#6543,.T.);
#6543 = EDGE_LOOP('',(#6544,#6552,#6553,#6561));
#6544 = ORIENTED_EDGE('',*,*,#6545,.F.);
#6545 = EDGE_CURVE('',#4626,#6546,#6548,.T.);
#6546 = VERTEX_POINT('',#6547);
#6547 = CARTESIAN_POINT('',(0.16,-5.24,8.54));
#6548 = LINE('',#6549,#6550);
#6549 = CARTESIAN_POINT('',(0.16,-5.24,8.54));
#6550 = VECTOR('',#6551,1.);
#6551 = DIRECTION('',(-0.57735026919,0.57735026919,0.57735026919));
#6552 = ORIENTED_EDGE('',*,*,#4642,.T.);
#6553 = ORIENTED_EDGE('',*,*,#6554,.T.);
#6554 = EDGE_CURVE('',#4635,#6555,#6557,.T.);
#6555 = VERTEX_POINT('',#6556);
#6556 = CARTESIAN_POINT('',(0.16,-4.92,8.54));
#6557 = LINE('',#6558,#6559);
#6558 = CARTESIAN_POINT('',(5.333333333333E-02,-5.026666666667,
    8.646666666667));
#6559 = VECTOR('',#6560,1.);
#6560 = DIRECTION('',(-0.57735026919,-0.57735026919,0.57735026919));
#6561 = ORIENTED_EDGE('',*,*,#6562,.F.);
#6562 = EDGE_CURVE('',#6546,#6555,#6563,.T.);
#6563 = LINE('',#6564,#6565);
#6564 = CARTESIAN_POINT('',(0.16,-5.4,8.54));
#6565 = VECTOR('',#6566,1.);
#6566 = DIRECTION('',(0.,1.,0.));
#6567 = PLANE('',#6568);
#6568 = AXIS2_PLACEMENT_3D('',#6569,#6570,#6571);
#6569 = CARTESIAN_POINT('',(0.24,-5.4,8.46));
#6570 = DIRECTION('',(0.707106781187,-1.735167508357E-18,0.707106781187)
  );
#6571 = DIRECTION('',(1.226948711654E-18,1.,1.226948711654E-18));
#6572 = ADVANCED_FACE('',(#6573),#6591,.T.);
#6573 = FACE_BOUND('',#6574,.F.);
#6574 = EDGE_LOOP('',(#6575,#6583,#6584,#6585));
#6575 = ORIENTED_EDGE('',*,*,#6576,.F.);
#6576 = EDGE_CURVE('',#4659,#6577,#6579,.T.);
#6577 = VERTEX_POINT('',#6578);
#6578 = CARTESIAN_POINT('',(-0.16,-4.92,8.54));
#6579 = LINE('',#6580,#6581);
#6580 = CARTESIAN_POINT('',(-0.16,-4.92,8.54));
#6581 = VECTOR('',#6582,1.);
#6582 = DIRECTION('',(0.57735026919,-0.57735026919,0.57735026919));
#6583 = ORIENTED_EDGE('',*,*,#4666,.T.);
#6584 = ORIENTED_EDGE('',*,*,#6554,.T.);
#6585 = ORIENTED_EDGE('',*,*,#6586,.F.);
#6586 = EDGE_CURVE('',#6577,#6555,#6587,.T.);
#6587 = LINE('',#6588,#6589);
#6588 = CARTESIAN_POINT('',(-0.32,-4.92,8.54));
#6589 = VECTOR('',#6590,1.);
#6590 = DIRECTION('',(1.,0.,0.));
#6591 = PLANE('',#6592);
#6592 = AXIS2_PLACEMENT_3D('',#6593,#6594,#6595);
#6593 = CARTESIAN_POINT('',(-0.32,-4.84,8.46));
#6594 = DIRECTION('',(1.735167508357E-18,0.707106781187,0.707106781187)
  );
#6595 = DIRECTION('',(-1.,1.226948711654E-18,1.226948711654E-18));
#6596 = ADVANCED_FACE('',(#6597),#6615,.F.);
#6597 = FACE_BOUND('',#6598,.F.);
#6598 = EDGE_LOOP('',(#6599,#6607,#6608,#6609));
#6599 = ORIENTED_EDGE('',*,*,#6600,.F.);
#6600 = EDGE_CURVE('',#4681,#6601,#6603,.T.);
#6601 = VERTEX_POINT('',#6602);
#6602 = CARTESIAN_POINT('',(-0.16,-5.24,8.54));
#6603 = LINE('',#6604,#6605);
#6604 = CARTESIAN_POINT('',(-0.266666666667,-5.346666666667,
    8.433333333333));
#6605 = VECTOR('',#6606,1.);
#6606 = DIRECTION('',(0.57735026919,0.57735026919,0.57735026919));
#6607 = ORIENTED_EDGE('',*,*,#4690,.T.);
#6608 = ORIENTED_EDGE('',*,*,#6576,.T.);
#6609 = ORIENTED_EDGE('',*,*,#6610,.F.);
#6610 = EDGE_CURVE('',#6601,#6577,#6611,.T.);
#6611 = LINE('',#6612,#6613);
#6612 = CARTESIAN_POINT('',(-0.16,-5.4,8.54));
#6613 = VECTOR('',#6614,1.);
#6614 = DIRECTION('',(0.,1.,0.));
#6615 = PLANE('',#6616);
#6616 = AXIS2_PLACEMENT_3D('',#6617,#6618,#6619);
#6617 = CARTESIAN_POINT('',(-0.24,-5.4,8.46));
#6618 = DIRECTION('',(0.707106781187,1.735167508357E-18,-0.707106781187)
  );
#6619 = DIRECTION('',(-1.226948711654E-18,1.,1.226948711654E-18));
#6620 = ADVANCED_FACE('',(#6621),#6632,.F.);
#6621 = FACE_BOUND('',#6622,.T.);
#6622 = EDGE_LOOP('',(#6623,#6624,#6625,#6626));
#6623 = ORIENTED_EDGE('',*,*,#6600,.F.);
#6624 = ORIENTED_EDGE('',*,*,#4707,.T.);
#6625 = ORIENTED_EDGE('',*,*,#6545,.T.);
#6626 = ORIENTED_EDGE('',*,*,#6627,.F.);
#6627 = EDGE_CURVE('',#6601,#6546,#6628,.T.);
#6628 = LINE('',#6629,#6630);
#6629 = CARTESIAN_POINT('',(-0.32,-5.24,8.54));
#6630 = VECTOR('',#6631,1.);
#6631 = DIRECTION('',(1.,0.,0.));
#6632 = PLANE('',#6633);
#6633 = AXIS2_PLACEMENT_3D('',#6634,#6635,#6636);
#6634 = CARTESIAN_POINT('',(-0.32,-5.32,8.46));
#6635 = DIRECTION('',(-1.735167508357E-18,0.707106781187,-0.707106781187
    ));
#6636 = DIRECTION('',(-1.,-1.226948711654E-18,1.226948711654E-18));
#6637 = ADVANCED_FACE('',(#6638),#6644,.F.);
#6638 = FACE_BOUND('',#6639,.F.);
#6639 = EDGE_LOOP('',(#6640,#6641,#6642,#6643));
#6640 = ORIENTED_EDGE('',*,*,#4762,.F.);
#6641 = ORIENTED_EDGE('',*,*,#4786,.F.);
#6642 = ORIENTED_EDGE('',*,*,#4803,.T.);
#6643 = ORIENTED_EDGE('',*,*,#4738,.T.);
#6644 = PLANE('',#6645);
#6645 = AXIS2_PLACEMENT_3D('',#6646,#6647,#6648);
#6646 = CARTESIAN_POINT('',(-0.32,-13.02,-3.));
#6647 = DIRECTION('',(0.,0.,1.));
#6648 = DIRECTION('',(1.,0.,-0.));
#6649 = ADVANCED_FACE('',(#6650),#6656,.F.);
#6650 = FACE_BOUND('',#6651,.F.);
#6651 = EDGE_LOOP('',(#6652,#6653,#6654,#6655));
#6652 = ORIENTED_EDGE('',*,*,#4858,.F.);
#6653 = ORIENTED_EDGE('',*,*,#4882,.F.);
#6654 = ORIENTED_EDGE('',*,*,#4899,.T.);
#6655 = ORIENTED_EDGE('',*,*,#4834,.T.);
#6656 = PLANE('',#6657);
#6657 = AXIS2_PLACEMENT_3D('',#6658,#6659,#6660);
#6658 = CARTESIAN_POINT('',(-0.32,-10.48,-3.));
#6659 = DIRECTION('',(0.,0.,1.));
#6660 = DIRECTION('',(1.,0.,-0.));
#6661 = ADVANCED_FACE('',(#6662),#6668,.F.);
#6662 = FACE_BOUND('',#6663,.F.);
#6663 = EDGE_LOOP('',(#6664,#6665,#6666,#6667));
#6664 = ORIENTED_EDGE('',*,*,#4954,.F.);
#6665 = ORIENTED_EDGE('',*,*,#4978,.F.);
#6666 = ORIENTED_EDGE('',*,*,#4995,.T.);
#6667 = ORIENTED_EDGE('',*,*,#4930,.T.);
#6668 = PLANE('',#6669);
#6669 = AXIS2_PLACEMENT_3D('',#6670,#6671,#6672);
#6670 = CARTESIAN_POINT('',(-0.32,-7.94,-3.));
#6671 = DIRECTION('',(0.,0.,1.));
#6672 = DIRECTION('',(1.,0.,-0.));
#6673 = ADVANCED_FACE('',(#6674),#6680,.F.);
#6674 = FACE_BOUND('',#6675,.F.);
#6675 = EDGE_LOOP('',(#6676,#6677,#6678,#6679));
#6676 = ORIENTED_EDGE('',*,*,#5074,.F.);
#6677 = ORIENTED_EDGE('',*,*,#5091,.F.);
#6678 = ORIENTED_EDGE('',*,*,#5026,.T.);
#6679 = ORIENTED_EDGE('',*,*,#5050,.T.);
#6680 = PLANE('',#6681);
#6681 = AXIS2_PLACEMENT_3D('',#6682,#6683,#6684);
#6682 = CARTESIAN_POINT('',(-0.32,-18.1,-3.));
#6683 = DIRECTION('',(0.,0.,1.));
#6684 = DIRECTION('',(1.,0.,-0.));
#6685 = ADVANCED_FACE('',(#6686),#6692,.F.);
#6686 = FACE_BOUND('',#6687,.F.);
#6687 = EDGE_LOOP('',(#6688,#6689,#6690,#6691));
#6688 = ORIENTED_EDGE('',*,*,#5146,.F.);
#6689 = ORIENTED_EDGE('',*,*,#5170,.F.);
#6690 = ORIENTED_EDGE('',*,*,#5187,.T.);
#6691 = ORIENTED_EDGE('',*,*,#5122,.T.);
#6692 = PLANE('',#6693);
#6693 = AXIS2_PLACEMENT_3D('',#6694,#6695,#6696);
#6694 = CARTESIAN_POINT('',(-0.32,-15.56,-3.));
#6695 = DIRECTION('',(0.,0.,1.));
#6696 = DIRECTION('',(1.,0.,-0.));
#6697 = ADVANCED_FACE('',(#6698),#6704,.F.);
#6698 = FACE_BOUND('',#6699,.F.);
#6699 = EDGE_LOOP('',(#6700,#6701,#6702,#6703));
#6700 = ORIENTED_EDGE('',*,*,#5242,.F.);
#6701 = ORIENTED_EDGE('',*,*,#5266,.F.);
#6702 = ORIENTED_EDGE('',*,*,#5283,.T.);
#6703 = ORIENTED_EDGE('',*,*,#5218,.T.);
#6704 = PLANE('',#6705);
#6705 = AXIS2_PLACEMENT_3D('',#6706,#6707,#6708);
#6706 = CARTESIAN_POINT('',(-0.32,-23.18,-3.));
#6707 = DIRECTION('',(0.,0.,1.));
#6708 = DIRECTION('',(1.,0.,-0.));
#6709 = ADVANCED_FACE('',(#6710),#6716,.F.);
#6710 = FACE_BOUND('',#6711,.F.);
#6711 = EDGE_LOOP('',(#6712,#6713,#6714,#6715));
#6712 = ORIENTED_EDGE('',*,*,#5362,.F.);
#6713 = ORIENTED_EDGE('',*,*,#5379,.F.);
#6714 = ORIENTED_EDGE('',*,*,#5314,.T.);
#6715 = ORIENTED_EDGE('',*,*,#5338,.T.);
#6716 = PLANE('',#6717);
#6717 = AXIS2_PLACEMENT_3D('',#6718,#6719,#6720);
#6718 = CARTESIAN_POINT('',(-0.32,-20.64,-3.));
#6719 = DIRECTION('',(0.,0.,1.));
#6720 = DIRECTION('',(1.,0.,-0.));
#6721 = ADVANCED_FACE('',(#6722),#6728,.F.);
#6722 = FACE_BOUND('',#6723,.F.);
#6723 = EDGE_LOOP('',(#6724,#6725,#6726,#6727));
#6724 = ORIENTED_EDGE('',*,*,#5458,.F.);
#6725 = ORIENTED_EDGE('',*,*,#5475,.F.);
#6726 = ORIENTED_EDGE('',*,*,#5410,.T.);
#6727 = ORIENTED_EDGE('',*,*,#5434,.T.);
#6728 = PLANE('',#6729);
#6729 = AXIS2_PLACEMENT_3D('',#6730,#6731,#6732);
#6730 = CARTESIAN_POINT('',(-0.32,-0.32,-3.));
#6731 = DIRECTION('',(0.,0.,1.));
#6732 = DIRECTION('',(1.,0.,-0.));
#6733 = ADVANCED_FACE('',(#6734),#6740,.F.);
#6734 = FACE_BOUND('',#6735,.F.);
#6735 = EDGE_LOOP('',(#6736,#6737,#6738,#6739));
#6736 = ORIENTED_EDGE('',*,*,#5530,.F.);
#6737 = ORIENTED_EDGE('',*,*,#5554,.F.);
#6738 = ORIENTED_EDGE('',*,*,#5571,.T.);
#6739 = ORIENTED_EDGE('',*,*,#5506,.T.);
#6740 = PLANE('',#6741);
#6741 = AXIS2_PLACEMENT_3D('',#6742,#6743,#6744);
#6742 = CARTESIAN_POINT('',(-0.32,-2.86,-3.));
#6743 = DIRECTION('',(0.,0.,1.));
#6744 = DIRECTION('',(1.,0.,-0.));
#6745 = ADVANCED_FACE('',(#6746),#6752,.F.);
#6746 = FACE_BOUND('',#6747,.F.);
#6747 = EDGE_LOOP('',(#6748,#6749,#6750,#6751));
#6748 = ORIENTED_EDGE('',*,*,#5626,.F.);
#6749 = ORIENTED_EDGE('',*,*,#5650,.F.);
#6750 = ORIENTED_EDGE('',*,*,#5667,.T.);
#6751 = ORIENTED_EDGE('',*,*,#5602,.T.);
#6752 = PLANE('',#6753);
#6753 = AXIS2_PLACEMENT_3D('',#6754,#6755,#6756);
#6754 = CARTESIAN_POINT('',(-0.32,-5.4,-3.));
#6755 = DIRECTION('',(0.,0.,1.));
#6756 = DIRECTION('',(1.,0.,-0.));
#6757 = ADVANCED_FACE('',(#6758),#6764,.T.);
#6758 = FACE_BOUND('',#6759,.T.);
#6759 = EDGE_LOOP('',(#6760,#6761,#6762,#6763));
#6760 = ORIENTED_EDGE('',*,*,#5746,.F.);
#6761 = ORIENTED_EDGE('',*,*,#5763,.T.);
#6762 = ORIENTED_EDGE('',*,*,#5698,.T.);
#6763 = ORIENTED_EDGE('',*,*,#5722,.F.);
#6764 = PLANE('',#6765);
#6765 = AXIS2_PLACEMENT_3D('',#6766,#6767,#6768);
#6766 = CARTESIAN_POINT('',(-0.32,-13.02,8.54));
#6767 = DIRECTION('',(0.,0.,1.));
#6768 = DIRECTION('',(1.,0.,-0.));
#6769 = ADVANCED_FACE('',(#6770),#6776,.T.);
#6770 = FACE_BOUND('',#6771,.T.);
#6771 = EDGE_LOOP('',(#6772,#6773,#6774,#6775));
#6772 = ORIENTED_EDGE('',*,*,#5842,.F.);
#6773 = ORIENTED_EDGE('',*,*,#5859,.T.);
#6774 = ORIENTED_EDGE('',*,*,#5794,.T.);
#6775 = ORIENTED_EDGE('',*,*,#5818,.F.);
#6776 = PLANE('',#6777);
#6777 = AXIS2_PLACEMENT_3D('',#6778,#6779,#6780);
#6778 = CARTESIAN_POINT('',(-0.32,-10.48,8.54));
#6779 = DIRECTION('',(0.,0.,1.));
#6780 = DIRECTION('',(1.,0.,-0.));
#6781 = ADVANCED_FACE('',(#6782),#6788,.T.);
#6782 = FACE_BOUND('',#6783,.T.);
#6783 = EDGE_LOOP('',(#6784,#6785,#6786,#6787));
#6784 = ORIENTED_EDGE('',*,*,#5938,.F.);
#6785 = ORIENTED_EDGE('',*,*,#5955,.T.);
#6786 = ORIENTED_EDGE('',*,*,#5890,.T.);
#6787 = ORIENTED_EDGE('',*,*,#5914,.F.);
#6788 = PLANE('',#6789);
#6789 = AXIS2_PLACEMENT_3D('',#6790,#6791,#6792);
#6790 = CARTESIAN_POINT('',(-0.32,-7.94,8.54));
#6791 = DIRECTION('',(0.,0.,1.));
#6792 = DIRECTION('',(1.,0.,-0.));
#6793 = ADVANCED_FACE('',(#6794),#6800,.T.);
#6794 = FACE_BOUND('',#6795,.T.);
#6795 = EDGE_LOOP('',(#6796,#6797,#6798,#6799));
#6796 = ORIENTED_EDGE('',*,*,#6051,.F.);
#6797 = ORIENTED_EDGE('',*,*,#5986,.T.);
#6798 = ORIENTED_EDGE('',*,*,#6010,.T.);
#6799 = ORIENTED_EDGE('',*,*,#6034,.F.);
#6800 = PLANE('',#6801);
#6801 = AXIS2_PLACEMENT_3D('',#6802,#6803,#6804);
#6802 = CARTESIAN_POINT('',(-0.32,-18.1,8.54));
#6803 = DIRECTION('',(0.,0.,1.));
#6804 = DIRECTION('',(1.,0.,-0.));
#6805 = ADVANCED_FACE('',(#6806),#6812,.T.);
#6806 = FACE_BOUND('',#6807,.T.);
#6807 = EDGE_LOOP('',(#6808,#6809,#6810,#6811));
#6808 = ORIENTED_EDGE('',*,*,#6130,.F.);
#6809 = ORIENTED_EDGE('',*,*,#6147,.T.);
#6810 = ORIENTED_EDGE('',*,*,#6082,.T.);
#6811 = ORIENTED_EDGE('',*,*,#6106,.F.);
#6812 = PLANE('',#6813);
#6813 = AXIS2_PLACEMENT_3D('',#6814,#6815,#6816);
#6814 = CARTESIAN_POINT('',(-0.32,-15.56,8.54));
#6815 = DIRECTION('',(0.,0.,1.));
#6816 = DIRECTION('',(1.,0.,-0.));
#6817 = ADVANCED_FACE('',(#6818),#6824,.T.);
#6818 = FACE_BOUND('',#6819,.T.);
#6819 = EDGE_LOOP('',(#6820,#6821,#6822,#6823));
#6820 = ORIENTED_EDGE('',*,*,#6226,.F.);
#6821 = ORIENTED_EDGE('',*,*,#6243,.T.);
#6822 = ORIENTED_EDGE('',*,*,#6178,.T.);
#6823 = ORIENTED_EDGE('',*,*,#6202,.F.);
#6824 = PLANE('',#6825);
#6825 = AXIS2_PLACEMENT_3D('',#6826,#6827,#6828);
#6826 = CARTESIAN_POINT('',(-0.32,-23.18,8.54));
#6827 = DIRECTION('',(0.,0.,1.));
#6828 = DIRECTION('',(1.,0.,-0.));
#6829 = ADVANCED_FACE('',(#6830),#6836,.T.);
#6830 = FACE_BOUND('',#6831,.T.);
#6831 = EDGE_LOOP('',(#6832,#6833,#6834,#6835));
#6832 = ORIENTED_EDGE('',*,*,#6339,.F.);
#6833 = ORIENTED_EDGE('',*,*,#6274,.T.);
#6834 = ORIENTED_EDGE('',*,*,#6298,.T.);
#6835 = ORIENTED_EDGE('',*,*,#6322,.F.);
#6836 = PLANE('',#6837);
#6837 = AXIS2_PLACEMENT_3D('',#6838,#6839,#6840);
#6838 = CARTESIAN_POINT('',(-0.32,-20.64,8.54));
#6839 = DIRECTION('',(0.,0.,1.));
#6840 = DIRECTION('',(1.,0.,-0.));
#6841 = ADVANCED_FACE('',(#6842),#6848,.T.);
#6842 = FACE_BOUND('',#6843,.T.);
#6843 = EDGE_LOOP('',(#6844,#6845,#6846,#6847));
#6844 = ORIENTED_EDGE('',*,*,#6435,.F.);
#6845 = ORIENTED_EDGE('',*,*,#6370,.T.);
#6846 = ORIENTED_EDGE('',*,*,#6394,.T.);
#6847 = ORIENTED_EDGE('',*,*,#6418,.F.);
#6848 = PLANE('',#6849);
#6849 = AXIS2_PLACEMENT_3D('',#6850,#6851,#6852);
#6850 = CARTESIAN_POINT('',(-0.32,-0.32,8.54));
#6851 = DIRECTION('',(0.,0.,1.));
#6852 = DIRECTION('',(1.,0.,-0.));
#6853 = ADVANCED_FACE('',(#6854),#6860,.T.);
#6854 = FACE_BOUND('',#6855,.T.);
#6855 = EDGE_LOOP('',(#6856,#6857,#6858,#6859));
#6856 = ORIENTED_EDGE('',*,*,#6514,.F.);
#6857 = ORIENTED_EDGE('',*,*,#6531,.T.);
#6858 = ORIENTED_EDGE('',*,*,#6466,.T.);
#6859 = ORIENTED_EDGE('',*,*,#6490,.F.);
#6860 = PLANE('',#6861);
#6861 = AXIS2_PLACEMENT_3D('',#6862,#6863,#6864);
#6862 = CARTESIAN_POINT('',(-0.32,-2.86,8.54));
#6863 = DIRECTION('',(0.,0.,1.));
#6864 = DIRECTION('',(1.,0.,-0.));
#6865 = ADVANCED_FACE('',(#6866),#6872,.T.);
#6866 = FACE_BOUND('',#6867,.T.);
#6867 = EDGE_LOOP('',(#6868,#6869,#6870,#6871));
#6868 = ORIENTED_EDGE('',*,*,#6610,.F.);
#6869 = ORIENTED_EDGE('',*,*,#6627,.T.);
#6870 = ORIENTED_EDGE('',*,*,#6562,.T.);
#6871 = ORIENTED_EDGE('',*,*,#6586,.F.);
#6872 = PLANE('',#6873);
#6873 = AXIS2_PLACEMENT_3D('',#6874,#6875,#6876);
#6874 = CARTESIAN_POINT('',(-0.32,-5.4,8.54));
#6875 = DIRECTION('',(0.,0.,1.));
#6876 = DIRECTION('',(1.,0.,-0.));
#6877 = ( GEOMETRIC_REPRESENTATION_CONTEXT(3) 
GLOBAL_UNCERTAINTY_ASSIGNED_CONTEXT((#6881)) 
GLOBAL_UNIT_ASSIGNED_CONTEXT((#6878,#6879,#6880)) REPRESENTATION_CONTEXT
('Context #1','3D Context with UNIT and UNCERTAINTY') );
#6878 = ( LENGTH_UNIT() NAMED_UNIT(*) SI_UNIT(.MILLI.,.METRE.) );
#6879 = ( NAMED_UNIT(*) PLANE_ANGLE_UNIT() SI_UNIT($,.RADIAN.) );
#6880 = ( NAMED_UNIT(*) SI_UNIT($,.STERADIAN.) SOLID_ANGLE_UNIT() );
#6881 = UNCERTAINTY_MEASURE_WITH_UNIT(LENGTH_MEASURE(1.E-07),#6878,
  'distance_accuracy_value','confusion accuracy');
#6882 = CONTEXT_DEPENDENT_SHAPE_REPRESENTATION(#6883,#6885);
#6883 = ( REPRESENTATION_RELATIONSHIP('','',#52,#10) 
REPRESENTATION_RELATIONSHIP_WITH_TRANSFORMATION(#6884) 
SHAPE_REPRESENTATION_RELATIONSHIP() );
#6884 = ITEM_DEFINED_TRANSFORMATION('','',#11,#15);
#6885 = PRODUCT_DEFINITION_SHAPE('Placement','Placement of an item',
  #6886);
#6886 = NEXT_ASSEMBLY_USAGE_OCCURRENCE('1','J11','',#5,#47,$);
#6887 = PRODUCT_RELATED_PRODUCT_CATEGORY('part',$,(#49));
#6888 = SHAPE_DEFINITION_REPRESENTATION(#6889,#6895);
#6889 = PRODUCT_DEFINITION_SHAPE('','',#6890);
#6890 = PRODUCT_DEFINITION('design','',#6891,#6894);
#6891 = PRODUCT_DEFINITION_FORMATION('','',#6892);
#6892 = PRODUCT('PinSocket_1x07_P2.54mm_Vertical',
  'PinSocket_1x07_P2.54mm_Vertical','',(#6893));
#6893 = PRODUCT_CONTEXT('',#2,'mechanical');
#6894 = PRODUCT_DEFINITION_CONTEXT('part definition',#2,'design');
#6895 = ADVANCED_BREP_SHAPE_REPRESENTATION('',(#11,#6896),#12610);
#6896 = MANIFOLD_SOLID_BREP('',#6897);
#6897 = CLOSED_SHELL('',(#6898,#6938,#7001,#7064,#7081,#7336,#7358,#7375
    ,#7854,#7866,#7878,#7909,#7933,#7957,#7974,#8005,#8029,#8053,#8070,
    #8101,#8125,#8149,#8166,#8197,#8221,#8245,#8262,#8293,#8317,#8341,
    #8358,#8389,#8413,#8437,#8454,#8485,#8509,#8533,#8550,#8567,#8614,
    #8631,#8678,#8695,#8742,#8759,#8806,#8823,#8870,#8887,#8934,#8951,
    #8998,#9015,#9062,#9079,#9126,#9143,#9190,#9207,#9254,#9271,#9318,
    #9335,#9382,#9399,#9446,#9477,#9533,#9557,#9606,#9637,#9693,#9717,
    #9766,#9797,#9853,#9877,#9926,#9957,#10013,#10037,#10086,#10117,
    #10173,#10197,#10246,#10277,#10333,#10357,#10406,#10437,#10493,
    #10517,#10566,#10583,#10600,#10617,#10634,#10646,#10663,#10680,
    #10697,#10714,#10726,#10743,#10760,#10777,#10794,#10806,#10823,
    #10840,#10857,#10874,#10886,#10903,#10920,#10937,#10954,#10966,
    #10983,#11000,#11017,#11034,#11046,#11063,#11080,#11097,#11114,
    #11126,#11143,#11160,#11209,#11233,#11275,#11292,#11309,#11326,
    #11375,#11399,#11441,#11458,#11475,#11492,#11541,#11565,#11607,
    #11624,#11641,#11658,#11707,#11731,#11773,#11790,#11807,#11824,
    #11873,#11897,#11939,#11956,#11973,#11990,#12039,#12063,#12105,
    #12122,#12139,#12156,#12205,#12229,#12271,#12288,#12305,#12322,
    #12334,#12351,#12368,#12380,#12397,#12414,#12426,#12443,#12460,
    #12472,#12489,#12506,#12518,#12535,#12552,#12564,#12581,#12598));
#6898 = ADVANCED_FACE('',(#6899),#6933,.F.);
#6899 = FACE_BOUND('',#6900,.F.);
#6900 = EDGE_LOOP('',(#6901,#6911,#6919,#6927));
#6901 = ORIENTED_EDGE('',*,*,#6902,.T.);
#6902 = EDGE_CURVE('',#6903,#6905,#6907,.T.);
#6903 = VERTEX_POINT('',#6904);
#6904 = CARTESIAN_POINT('',(1.27,-16.51,0.));
#6905 = VERTEX_POINT('',#6906);
#6906 = CARTESIAN_POINT('',(1.27,-16.51,8.5));
#6907 = LINE('',#6908,#6909);
#6908 = CARTESIAN_POINT('',(1.27,-16.51,0.));
#6909 = VECTOR('',#6910,1.);
#6910 = DIRECTION('',(0.,0.,1.));
#6911 = ORIENTED_EDGE('',*,*,#6912,.T.);
#6912 = EDGE_CURVE('',#6905,#6913,#6915,.T.);
#6913 = VERTEX_POINT('',#6914);
#6914 = CARTESIAN_POINT('',(1.27,1.27,8.5));
#6915 = LINE('',#6916,#6917);
#6916 = CARTESIAN_POINT('',(1.27,-16.51,8.5));
#6917 = VECTOR('',#6918,1.);
#6918 = DIRECTION('',(1.110223024625E-16,1.,0.));
#6919 = ORIENTED_EDGE('',*,*,#6920,.F.);
#6920 = EDGE_CURVE('',#6921,#6913,#6923,.T.);
#6921 = VERTEX_POINT('',#6922);
#6922 = CARTESIAN_POINT('',(1.27,1.27,0.));
#6923 = LINE('',#6924,#6925);
#6924 = CARTESIAN_POINT('',(1.27,1.27,0.));
#6925 = VECTOR('',#6926,1.);
#6926 = DIRECTION('',(0.,0.,1.));
#6927 = ORIENTED_EDGE('',*,*,#6928,.F.);
#6928 = EDGE_CURVE('',#6903,#6921,#6929,.T.);
#6929 = LINE('',#6930,#6931);
#6930 = CARTESIAN_POINT('',(1.27,-16.51,0.));
#6931 = VECTOR('',#6932,1.);
#6932 = DIRECTION('',(1.110223024625E-16,1.,0.));
#6933 = PLANE('',#6934);
#6934 = AXIS2_PLACEMENT_3D('',#6935,#6936,#6937);
#6935 = CARTESIAN_POINT('',(1.27,-16.51,0.));
#6936 = DIRECTION('',(-1.,1.110223024625E-16,0.));
#6937 = DIRECTION('',(1.110223024625E-16,1.,0.));
#6938 = ADVANCED_FACE('',(#6939),#6996,.F.);
#6939 = FACE_BOUND('',#6940,.F.);
#6940 = EDGE_LOOP('',(#6941,#6951,#6959,#6965,#6966,#6974,#6982,#6990));
#6941 = ORIENTED_EDGE('',*,*,#6942,.F.);
#6942 = EDGE_CURVE('',#6943,#6945,#6947,.T.);
#6943 = VERTEX_POINT('',#6944);
#6944 = CARTESIAN_POINT('',(-1.27,-16.51,0.));
#6945 = VERTEX_POINT('',#6946);
#6946 = CARTESIAN_POINT('',(-0.846666666667,-16.51,0.));
#6947 = LINE('',#6948,#6949);
#6948 = CARTESIAN_POINT('',(-1.27,-16.51,0.));
#6949 = VECTOR('',#6950,1.);
#6950 = DIRECTION('',(1.,-1.110223024625E-16,0.));
#6951 = ORIENTED_EDGE('',*,*,#6952,.T.);
#6952 = EDGE_CURVE('',#6943,#6953,#6955,.T.);
#6953 = VERTEX_POINT('',#6954);
#6954 = CARTESIAN_POINT('',(-1.27,-16.51,8.5));
#6955 = LINE('',#6956,#6957);
#6956 = CARTESIAN_POINT('',(-1.27,-16.51,0.));
#6957 = VECTOR('',#6958,1.);
#6958 = DIRECTION('',(0.,0.,1.));
#6959 = ORIENTED_EDGE('',*,*,#6960,.T.);
#6960 = EDGE_CURVE('',#6953,#6905,#6961,.T.);
#6961 = LINE('',#6962,#6963);
#6962 = CARTESIAN_POINT('',(-1.27,-16.51,8.5));
#6963 = VECTOR('',#6964,1.);
#6964 = DIRECTION('',(1.,-1.110223024625E-16,0.));
#6965 = ORIENTED_EDGE('',*,*,#6902,.F.);
#6966 = ORIENTED_EDGE('',*,*,#6967,.F.);
#6967 = EDGE_CURVE('',#6968,#6903,#6970,.T.);
#6968 = VERTEX_POINT('',#6969);
#6969 = CARTESIAN_POINT('',(0.846666666667,-16.51,0.));
#6970 = LINE('',#6971,#6972);
#6971 = CARTESIAN_POINT('',(-1.27,-16.51,0.));
#6972 = VECTOR('',#6973,1.);
#6973 = DIRECTION('',(1.,-1.110223024625E-16,0.));
#6974 = ORIENTED_EDGE('',*,*,#6975,.T.);
#6975 = EDGE_CURVE('',#6968,#6976,#6978,.T.);
#6976 = VERTEX_POINT('',#6977);
#6977 = CARTESIAN_POINT('',(0.846666666667,-16.51,0.2));
#6978 = LINE('',#6979,#6980);
#6979 = CARTESIAN_POINT('',(0.846666666667,-16.51,0.));
#6980 = VECTOR('',#6981,1.);
#6981 = DIRECTION('',(0.,0.,1.));
#6982 = ORIENTED_EDGE('',*,*,#6983,.F.);
#6983 = EDGE_CURVE('',#6984,#6976,#6986,.T.);
#6984 = VERTEX_POINT('',#6985);
#6985 = CARTESIAN_POINT('',(-0.846666666667,-16.51,0.2));
#6986 = LINE('',#6987,#6988);
#6987 = CARTESIAN_POINT('',(-0.846666666667,-16.51,0.2));
#6988 = VECTOR('',#6989,1.);
#6989 = DIRECTION('',(1.,-1.110223024625E-16,0.));
#6990 = ORIENTED_EDGE('',*,*,#6991,.F.);
#6991 = EDGE_CURVE('',#6945,#6984,#6992,.T.);
#6992 = LINE('',#6993,#6994);
#6993 = CARTESIAN_POINT('',(-0.846666666667,-16.51,0.));
#6994 = VECTOR('',#6995,1.);
#6995 = DIRECTION('',(0.,0.,1.));
#6996 = PLANE('',#6997);
#6997 = AXIS2_PLACEMENT_3D('',#6998,#6999,#7000);
#6998 = CARTESIAN_POINT('',(-1.27,-16.51,0.));
#6999 = DIRECTION('',(1.110223024625E-16,1.,0.));
#7000 = DIRECTION('',(1.,-1.110223024625E-16,0.));
#7001 = ADVANCED_FACE('',(#7002),#7059,.F.);
#7002 = FACE_BOUND('',#7003,.F.);
#7003 = EDGE_LOOP('',(#7004,#7012,#7013,#7021,#7029,#7037,#7045,#7053));
#7004 = ORIENTED_EDGE('',*,*,#7005,.F.);
#7005 = EDGE_CURVE('',#6921,#7006,#7008,.T.);
#7006 = VERTEX_POINT('',#7007);
#7007 = CARTESIAN_POINT('',(0.846666666667,1.27,0.));
#7008 = LINE('',#7009,#7010);
#7009 = CARTESIAN_POINT('',(1.27,1.27,0.));
#7010 = VECTOR('',#7011,1.);
#7011 = DIRECTION('',(-1.,1.110223024625E-16,0.));
#7012 = ORIENTED_EDGE('',*,*,#6920,.T.);
#7013 = ORIENTED_EDGE('',*,*,#7014,.T.);
#7014 = EDGE_CURVE('',#6913,#7015,#7017,.T.);
#7015 = VERTEX_POINT('',#7016);
#7016 = CARTESIAN_POINT('',(-1.27,1.27,8.5));
#7017 = LINE('',#7018,#7019);
#7018 = CARTESIAN_POINT('',(1.27,1.27,8.5));
#7019 = VECTOR('',#7020,1.);
#7020 = DIRECTION('',(-1.,1.110223024625E-16,0.));
#7021 = ORIENTED_EDGE('',*,*,#7022,.F.);
#7022 = EDGE_CURVE('',#7023,#7015,#7025,.T.);
#7023 = VERTEX_POINT('',#7024);
#7024 = CARTESIAN_POINT('',(-1.27,1.27,0.));
#7025 = LINE('',#7026,#7027);
#7026 = CARTESIAN_POINT('',(-1.27,1.27,0.));
#7027 = VECTOR('',#7028,1.);
#7028 = DIRECTION('',(0.,0.,1.));
#7029 = ORIENTED_EDGE('',*,*,#7030,.F.);
#7030 = EDGE_CURVE('',#7031,#7023,#7033,.T.);
#7031 = VERTEX_POINT('',#7032);
#7032 = CARTESIAN_POINT('',(-0.846666666667,1.27,0.));
#7033 = LINE('',#7034,#7035);
#7034 = CARTESIAN_POINT('',(1.27,1.27,0.));
#7035 = VECTOR('',#7036,1.);
#7036 = DIRECTION('',(-1.,1.110223024625E-16,0.));
#7037 = ORIENTED_EDGE('',*,*,#7038,.T.);
#7038 = EDGE_CURVE('',#7031,#7039,#7041,.T.);
#7039 = VERTEX_POINT('',#7040);
#7040 = CARTESIAN_POINT('',(-0.846666666667,1.27,0.2));
#7041 = LINE('',#7042,#7043);
#7042 = CARTESIAN_POINT('',(-0.846666666667,1.27,0.));
#7043 = VECTOR('',#7044,1.);
#7044 = DIRECTION('',(0.,0.,1.));
#7045 = ORIENTED_EDGE('',*,*,#7046,.F.);
#7046 = EDGE_CURVE('',#7047,#7039,#7049,.T.);
#7047 = VERTEX_POINT('',#7048);
#7048 = CARTESIAN_POINT('',(0.846666666667,1.27,0.2));
#7049 = LINE('',#7050,#7051);
#7050 = CARTESIAN_POINT('',(0.846666666667,1.27,0.2));
#7051 = VECTOR('',#7052,1.);
#7052 = DIRECTION('',(-1.,1.110223024625E-16,0.));
#7053 = ORIENTED_EDGE('',*,*,#7054,.F.);
#7054 = EDGE_CURVE('',#7006,#7047,#7055,.T.);
#7055 = LINE('',#7056,#7057);
#7056 = CARTESIAN_POINT('',(0.846666666667,1.27,0.));
#7057 = VECTOR('',#7058,1.);
#7058 = DIRECTION('',(0.,0.,1.));
#7059 = PLANE('',#7060);
#7060 = AXIS2_PLACEMENT_3D('',#7061,#7062,#7063);
#7061 = CARTESIAN_POINT('',(1.27,1.27,0.));
#7062 = DIRECTION('',(-1.110223024625E-16,-1.,0.));
#7063 = DIRECTION('',(-1.,1.110223024625E-16,0.));
#7064 = ADVANCED_FACE('',(#7065),#7076,.F.);
#7065 = FACE_BOUND('',#7066,.F.);
#7066 = EDGE_LOOP('',(#7067,#7068,#7069,#7070));
#7067 = ORIENTED_EDGE('',*,*,#6967,.T.);
#7068 = ORIENTED_EDGE('',*,*,#6928,.T.);
#7069 = ORIENTED_EDGE('',*,*,#7005,.T.);
#7070 = ORIENTED_EDGE('',*,*,#7071,.F.);
#7071 = EDGE_CURVE('',#6968,#7006,#7072,.T.);
#7072 = LINE('',#7073,#7074);
#7073 = CARTESIAN_POINT('',(0.846666666667,-16.51,0.));
#7074 = VECTOR('',#7075,1.);
#7075 = DIRECTION('',(1.110223024625E-16,1.,0.));
#7076 = PLANE('',#7077);
#7077 = AXIS2_PLACEMENT_3D('',#7078,#7079,#7080);
#7078 = CARTESIAN_POINT('',(-8.182343691487E-16,-7.62,0.));
#7079 = DIRECTION('',(0.,0.,1.));
#7080 = DIRECTION('',(1.110223024625E-16,1.,-0.));
#7081 = ADVANCED_FACE('',(#7082,#7093,#7127,#7161,#7195,#7229,#7263,
    #7297),#7331,.T.);
#7082 = FACE_BOUND('',#7083,.T.);
#7083 = EDGE_LOOP('',(#7084,#7085,#7086,#7092));
#7084 = ORIENTED_EDGE('',*,*,#6912,.T.);
#7085 = ORIENTED_EDGE('',*,*,#7014,.T.);
#7086 = ORIENTED_EDGE('',*,*,#7087,.T.);
#7087 = EDGE_CURVE('',#7015,#6953,#7088,.T.);
#7088 = LINE('',#7089,#7090);
#7089 = CARTESIAN_POINT('',(-1.27,1.27,8.5));
#7090 = VECTOR('',#7091,1.);
#7091 = DIRECTION('',(-1.110223024625E-16,-1.,0.));
#7092 = ORIENTED_EDGE('',*,*,#6960,.T.);
#7093 = FACE_BOUND('',#7094,.T.);
#7094 = EDGE_LOOP('',(#7095,#7105,#7113,#7121));
#7095 = ORIENTED_EDGE('',*,*,#7096,.F.);
#7096 = EDGE_CURVE('',#7097,#7099,#7101,.T.);
#7097 = VERTEX_POINT('',#7098);
#7098 = CARTESIAN_POINT('',(0.6,-15.84,8.5));
#7099 = VERTEX_POINT('',#7100);
#7100 = CARTESIAN_POINT('',(0.6,-14.64,8.5));
#7101 = LINE('',#7102,#7103);
#7102 = CARTESIAN_POINT('',(0.6,-15.84,8.5));
#7103 = VECTOR('',#7104,1.);
#7104 = DIRECTION('',(1.110223024625E-16,1.,0.));
#7105 = ORIENTED_EDGE('',*,*,#7106,.F.);
#7106 = EDGE_CURVE('',#7107,#7097,#7109,.T.);
#7107 = VERTEX_POINT('',#7108);
#7108 = CARTESIAN_POINT('',(-0.6,-15.84,8.5));
#7109 = LINE('',#7110,#7111);
#7110 = CARTESIAN_POINT('',(-0.6,-15.84,8.5));
#7111 = VECTOR('',#7112,1.);
#7112 = DIRECTION('',(1.,-1.110223024625E-16,0.));
#7113 = ORIENTED_EDGE('',*,*,#7114,.F.);
#7114 = EDGE_CURVE('',#7115,#7107,#7117,.T.);
#7115 = VERTEX_POINT('',#7116);
#7116 = CARTESIAN_POINT('',(-0.6,-14.64,8.5));
#7117 = LINE('',#7118,#7119);
#7118 = CARTESIAN_POINT('',(-0.6,-14.64,8.5));
#7119 = VECTOR('',#7120,1.);
#7120 = DIRECTION('',(-1.110223024625E-16,-1.,0.));
#7121 = ORIENTED_EDGE('',*,*,#7122,.F.);
#7122 = EDGE_CURVE('',#7099,#7115,#7123,.T.);
#7123 = LINE('',#7124,#7125);
#7124 = CARTESIAN_POINT('',(0.6,-14.64,8.5));
#7125 = VECTOR('',#7126,1.);
#7126 = DIRECTION('',(-1.,1.110223024625E-16,0.));
#7127 = FACE_BOUND('',#7128,.T.);
#7128 = EDGE_LOOP('',(#7129,#7139,#7147,#7155));
#7129 = ORIENTED_EDGE('',*,*,#7130,.F.);
#7130 = EDGE_CURVE('',#7131,#7133,#7135,.T.);
#7131 = VERTEX_POINT('',#7132);
#7132 = CARTESIAN_POINT('',(0.6,-13.3,8.5));
#7133 = VERTEX_POINT('',#7134);
#7134 = CARTESIAN_POINT('',(0.6,-12.1,8.5));
#7135 = LINE('',#7136,#7137);
#7136 = CARTESIAN_POINT('',(0.6,-13.3,8.5));
#7137 = VECTOR('',#7138,1.);
#7138 = DIRECTION('',(1.110223024625E-16,1.,0.));
#7139 = ORIENTED_EDGE('',*,*,#7140,.F.);
#7140 = EDGE_CURVE('',#7141,#7131,#7143,.T.);
#7141 = VERTEX_POINT('',#7142);
#7142 = CARTESIAN_POINT('',(-0.6,-13.3,8.5));
#7143 = LINE('',#7144,#7145);
#7144 = CARTESIAN_POINT('',(-0.6,-13.3,8.5));
#7145 = VECTOR('',#7146,1.);
#7146 = DIRECTION('',(1.,-1.110223024625E-16,0.));
#7147 = ORIENTED_EDGE('',*,*,#7148,.F.);
#7148 = EDGE_CURVE('',#7149,#7141,#7151,.T.);
#7149 = VERTEX_POINT('',#7150);
#7150 = CARTESIAN_POINT('',(-0.6,-12.1,8.5));
#7151 = LINE('',#7152,#7153);
#7152 = CARTESIAN_POINT('',(-0.6,-12.1,8.5));
#7153 = VECTOR('',#7154,1.);
#7154 = DIRECTION('',(-1.110223024625E-16,-1.,0.));
#7155 = ORIENTED_EDGE('',*,*,#7156,.F.);
#7156 = EDGE_CURVE('',#7133,#7149,#7157,.T.);
#7157 = LINE('',#7158,#7159);
#7158 = CARTESIAN_POINT('',(0.6,-12.1,8.5));
#7159 = VECTOR('',#7160,1.);
#7160 = DIRECTION('',(-1.,1.110223024625E-16,0.));
#7161 = FACE_BOUND('',#7162,.T.);
#7162 = EDGE_LOOP('',(#7163,#7173,#7181,#7189));
#7163 = ORIENTED_EDGE('',*,*,#7164,.F.);
#7164 = EDGE_CURVE('',#7165,#7167,#7169,.T.);
#7165 = VERTEX_POINT('',#7166);
#7166 = CARTESIAN_POINT('',(0.6,-10.76,8.5));
#7167 = VERTEX_POINT('',#7168);
#7168 = CARTESIAN_POINT('',(0.6,-9.56,8.5));
#7169 = LINE('',#7170,#7171);
#7170 = CARTESIAN_POINT('',(0.6,-10.76,8.5));
#7171 = VECTOR('',#7172,1.);
#7172 = DIRECTION('',(1.110223024625E-16,1.,0.));
#7173 = ORIENTED_EDGE('',*,*,#7174,.F.);
#7174 = EDGE_CURVE('',#7175,#7165,#7177,.T.);
#7175 = VERTEX_POINT('',#7176);
#7176 = CARTESIAN_POINT('',(-0.6,-10.76,8.5));
#7177 = LINE('',#7178,#7179);
#7178 = CARTESIAN_POINT('',(-0.6,-10.76,8.5));
#7179 = VECTOR('',#7180,1.);
#7180 = DIRECTION('',(1.,-1.110223024625E-16,0.));
#7181 = ORIENTED_EDGE('',*,*,#7182,.F.);
#7182 = EDGE_CURVE('',#7183,#7175,#7185,.T.);
#7183 = VERTEX_POINT('',#7184);
#7184 = CARTESIAN_POINT('',(-0.6,-9.56,8.5));
#7185 = LINE('',#7186,#7187);
#7186 = CARTESIAN_POINT('',(-0.6,-9.56,8.5));
#7187 = VECTOR('',#7188,1.);
#7188 = DIRECTION('',(-1.110223024625E-16,-1.,0.));
#7189 = ORIENTED_EDGE('',*,*,#7190,.F.);
#7190 = EDGE_CURVE('',#7167,#7183,#7191,.T.);
#7191 = LINE('',#7192,#7193);
#7192 = CARTESIAN_POINT('',(0.6,-9.56,8.5));
#7193 = VECTOR('',#7194,1.);
#7194 = DIRECTION('',(-1.,1.110223024625E-16,0.));
#7195 = FACE_BOUND('',#7196,.T.);
#7196 = EDGE_LOOP('',(#7197,#7207,#7215,#7223));
#7197 = ORIENTED_EDGE('',*,*,#7198,.F.);
#7198 = EDGE_CURVE('',#7199,#7201,#7203,.T.);
#7199 = VERTEX_POINT('',#7200);
#7200 = CARTESIAN_POINT('',(0.6,-8.22,8.5));
#7201 = VERTEX_POINT('',#7202);
#7202 = CARTESIAN_POINT('',(0.6,-7.02,8.5));
#7203 = LINE('',#7204,#7205);
#7204 = CARTESIAN_POINT('',(0.6,-8.22,8.5));
#7205 = VECTOR('',#7206,1.);
#7206 = DIRECTION('',(1.110223024625E-16,1.,0.));
#7207 = ORIENTED_EDGE('',*,*,#7208,.F.);
#7208 = EDGE_CURVE('',#7209,#7199,#7211,.T.);
#7209 = VERTEX_POINT('',#7210);
#7210 = CARTESIAN_POINT('',(-0.6,-8.22,8.5));
#7211 = LINE('',#7212,#7213);
#7212 = CARTESIAN_POINT('',(-0.6,-8.22,8.5));
#7213 = VECTOR('',#7214,1.);
#7214 = DIRECTION('',(1.,-1.110223024625E-16,0.));
#7215 = ORIENTED_EDGE('',*,*,#7216,.F.);
#7216 = EDGE_CURVE('',#7217,#7209,#7219,.T.);
#7217 = VERTEX_POINT('',#7218);
#7218 = CARTESIAN_POINT('',(-0.6,-7.02,8.5));
#7219 = LINE('',#7220,#7221);
#7220 = CARTESIAN_POINT('',(-0.6,-7.02,8.5));
#7221 = VECTOR('',#7222,1.);
#7222 = DIRECTION('',(-1.110223024625E-16,-1.,0.));
#7223 = ORIENTED_EDGE('',*,*,#7224,.F.);
#7224 = EDGE_CURVE('',#7201,#7217,#7225,.T.);
#7225 = LINE('',#7226,#7227);
#7226 = CARTESIAN_POINT('',(0.6,-7.02,8.5));
#7227 = VECTOR('',#7228,1.);
#7228 = DIRECTION('',(-1.,1.110223024625E-16,0.));
#7229 = FACE_BOUND('',#7230,.T.);
#7230 = EDGE_LOOP('',(#7231,#7241,#7249,#7257));
#7231 = ORIENTED_EDGE('',*,*,#7232,.F.);
#7232 = EDGE_CURVE('',#7233,#7235,#7237,.T.);
#7233 = VERTEX_POINT('',#7234);
#7234 = CARTESIAN_POINT('',(0.6,-5.68,8.5));
#7235 = VERTEX_POINT('',#7236);
#7236 = CARTESIAN_POINT('',(0.6,-4.48,8.5));
#7237 = LINE('',#7238,#7239);
#7238 = CARTESIAN_POINT('',(0.6,-5.68,8.5));
#7239 = VECTOR('',#7240,1.);
#7240 = DIRECTION('',(1.110223024625E-16,1.,0.));
#7241 = ORIENTED_EDGE('',*,*,#7242,.F.);
#7242 = EDGE_CURVE('',#7243,#7233,#7245,.T.);
#7243 = VERTEX_POINT('',#7244);
#7244 = CARTESIAN_POINT('',(-0.6,-5.68,8.5));
#7245 = LINE('',#7246,#7247);
#7246 = CARTESIAN_POINT('',(-0.6,-5.68,8.5));
#7247 = VECTOR('',#7248,1.);
#7248 = DIRECTION('',(1.,-1.110223024625E-16,0.));
#7249 = ORIENTED_EDGE('',*,*,#7250,.F.);
#7250 = EDGE_CURVE('',#7251,#7243,#7253,.T.);
#7251 = VERTEX_POINT('',#7252);
#7252 = CARTESIAN_POINT('',(-0.6,-4.48,8.5));
#7253 = LINE('',#7254,#7255);
#7254 = CARTESIAN_POINT('',(-0.6,-4.48,8.5));
#7255 = VECTOR('',#7256,1.);
#7256 = DIRECTION('',(-1.110223024625E-16,-1.,0.));
#7257 = ORIENTED_EDGE('',*,*,#7258,.F.);
#7258 = EDGE_CURVE('',#7235,#7251,#7259,.T.);
#7259 = LINE('',#7260,#7261);
#7260 = CARTESIAN_POINT('',(0.6,-4.48,8.5));
#7261 = VECTOR('',#7262,1.);
#7262 = DIRECTION('',(-1.,1.110223024625E-16,0.));
#7263 = FACE_BOUND('',#7264,.T.);
#7264 = EDGE_LOOP('',(#7265,#7275,#7283,#7291));
#7265 = ORIENTED_EDGE('',*,*,#7266,.F.);
#7266 = EDGE_CURVE('',#7267,#7269,#7271,.T.);
#7267 = VERTEX_POINT('',#7268);
#7268 = CARTESIAN_POINT('',(0.6,-3.14,8.5));
#7269 = VERTEX_POINT('',#7270);
#7270 = CARTESIAN_POINT('',(0.6,-1.94,8.5));
#7271 = LINE('',#7272,#7273);
#7272 = CARTESIAN_POINT('',(0.6,-3.14,8.5));
#7273 = VECTOR('',#7274,1.);
#7274 = DIRECTION('',(1.110223024625E-16,1.,0.));
#7275 = ORIENTED_EDGE('',*,*,#7276,.F.);
#7276 = EDGE_CURVE('',#7277,#7267,#7279,.T.);
#7277 = VERTEX_POINT('',#7278);
#7278 = CARTESIAN_POINT('',(-0.6,-3.14,8.5));
#7279 = LINE('',#7280,#7281);
#7280 = CARTESIAN_POINT('',(-0.6,-3.14,8.5));
#7281 = VECTOR('',#7282,1.);
#7282 = DIRECTION('',(1.,-1.110223024625E-16,0.));
#7283 = ORIENTED_EDGE('',*,*,#7284,.F.);
#7284 = EDGE_CURVE('',#7285,#7277,#7287,.T.);
#7285 = VERTEX_POINT('',#7286);
#7286 = CARTESIAN_POINT('',(-0.6,-1.94,8.5));
#7287 = LINE('',#7288,#7289);
#7288 = CARTESIAN_POINT('',(-0.6,-1.94,8.5));
#7289 = VECTOR('',#7290,1.);
#7290 = DIRECTION('',(-1.110223024625E-16,-1.,0.));
#7291 = ORIENTED_EDGE('',*,*,#7292,.F.);
#7292 = EDGE_CURVE('',#7269,#7285,#7293,.T.);
#7293 = LINE('',#7294,#7295);
#7294 = CARTESIAN_POINT('',(0.6,-1.94,8.5));
#7295 = VECTOR('',#7296,1.);
#7296 = DIRECTION('',(-1.,1.110223024625E-16,0.));
#7297 = FACE_BOUND('',#7298,.T.);
#7298 = EDGE_LOOP('',(#7299,#7309,#7317,#7325));
#7299 = ORIENTED_EDGE('',*,*,#7300,.F.);
#7300 = EDGE_CURVE('',#7301,#7303,#7305,.T.);
#7301 = VERTEX_POINT('',#7302);
#7302 = CARTESIAN_POINT('',(0.6,-0.6,8.5));
#7303 = VERTEX_POINT('',#7304);
#7304 = CARTESIAN_POINT('',(0.6,0.6,8.5));
#7305 = LINE('',#7306,#7307);
#7306 = CARTESIAN_POINT('',(0.6,-0.6,8.5));
#7307 = VECTOR('',#7308,1.);
#7308 = DIRECTION('',(1.110223024625E-16,1.,0.));
#7309 = ORIENTED_EDGE('',*,*,#7310,.F.);
#7310 = EDGE_CURVE('',#7311,#7301,#7313,.T.);
#7311 = VERTEX_POINT('',#7312);
#7312 = CARTESIAN_POINT('',(-0.6,-0.6,8.5));
#7313 = LINE('',#7314,#7315);
#7314 = CARTESIAN_POINT('',(-0.6,-0.6,8.5));
#7315 = VECTOR('',#7316,1.);
#7316 = DIRECTION('',(1.,-1.110223024625E-16,0.));
#7317 = ORIENTED_EDGE('',*,*,#7318,.F.);
#7318 = EDGE_CURVE('',#7319,#7311,#7321,.T.);
#7319 = VERTEX_POINT('',#7320);
#7320 = CARTESIAN_POINT('',(-0.6,0.6,8.5));
#7321 = LINE('',#7322,#7323);
#7322 = CARTESIAN_POINT('',(-0.6,0.6,8.5));
#7323 = VECTOR('',#7324,1.);
#7324 = DIRECTION('',(-1.110223024625E-16,-1.,0.));
#7325 = ORIENTED_EDGE('',*,*,#7326,.F.);
#7326 = EDGE_CURVE('',#7303,#7319,#7327,.T.);
#7327 = LINE('',#7328,#7329);
#7328 = CARTESIAN_POINT('',(0.6,0.6,8.5));
#7329 = VECTOR('',#7330,1.);
#7330 = DIRECTION('',(-1.,1.110223024625E-16,0.));
#7331 = PLANE('',#7332);
#7332 = AXIS2_PLACEMENT_3D('',#7333,#7334,#7335);
#7333 = CARTESIAN_POINT('',(-8.182343691487E-16,-7.62,8.5));
#7334 = DIRECTION('',(0.,0.,1.));
#7335 = DIRECTION('',(1.110223024625E-16,1.,-0.));
#7336 = ADVANCED_FACE('',(#7337),#7353,.F.);
#7337 = FACE_BOUND('',#7338,.F.);
#7338 = EDGE_LOOP('',(#7339,#7340,#7346,#7347));
#7339 = ORIENTED_EDGE('',*,*,#6942,.T.);
#7340 = ORIENTED_EDGE('',*,*,#7341,.F.);
#7341 = EDGE_CURVE('',#7031,#6945,#7342,.T.);
#7342 = LINE('',#7343,#7344);
#7343 = CARTESIAN_POINT('',(-0.846666666667,1.27,0.));
#7344 = VECTOR('',#7345,1.);
#7345 = DIRECTION('',(-1.110223024625E-16,-1.,0.));
#7346 = ORIENTED_EDGE('',*,*,#7030,.T.);
#7347 = ORIENTED_EDGE('',*,*,#7348,.T.);
#7348 = EDGE_CURVE('',#7023,#6943,#7349,.T.);
#7349 = LINE('',#7350,#7351);
#7350 = CARTESIAN_POINT('',(-1.27,1.27,0.));
#7351 = VECTOR('',#7352,1.);
#7352 = DIRECTION('',(-1.110223024625E-16,-1.,0.));
#7353 = PLANE('',#7354);
#7354 = AXIS2_PLACEMENT_3D('',#7355,#7356,#7357);
#7355 = CARTESIAN_POINT('',(-8.182343691487E-16,-7.62,0.));
#7356 = DIRECTION('',(0.,0.,1.));
#7357 = DIRECTION('',(1.110223024625E-16,1.,-0.));
#7358 = ADVANCED_FACE('',(#7359),#7370,.T.);
#7359 = FACE_BOUND('',#7360,.T.);
#7360 = EDGE_LOOP('',(#7361,#7362,#7368,#7369));
#7361 = ORIENTED_EDGE('',*,*,#7038,.T.);
#7362 = ORIENTED_EDGE('',*,*,#7363,.T.);
#7363 = EDGE_CURVE('',#7039,#6984,#7364,.T.);
#7364 = LINE('',#7365,#7366);
#7365 = CARTESIAN_POINT('',(-0.846666666667,1.27,0.2));
#7366 = VECTOR('',#7367,1.);
#7367 = DIRECTION('',(-1.110223024625E-16,-1.,0.));
#7368 = ORIENTED_EDGE('',*,*,#6991,.F.);
#7369 = ORIENTED_EDGE('',*,*,#7341,.F.);
#7370 = PLANE('',#7371);
#7371 = AXIS2_PLACEMENT_3D('',#7372,#7373,#7374);
#7372 = CARTESIAN_POINT('',(-0.846666666667,1.27,0.));
#7373 = DIRECTION('',(1.,-1.110223024625E-16,0.));
#7374 = DIRECTION('',(-1.110223024625E-16,-1.,0.));
#7375 = ADVANCED_FACE('',(#7376,#7387,#7453,#7519,#7585,#7651,#7717,
    #7783),#7849,.F.);
#7376 = FACE_BOUND('',#7377,.F.);
#7377 = EDGE_LOOP('',(#7378,#7384,#7385,#7386));
#7378 = ORIENTED_EDGE('',*,*,#7379,.T.);
#7379 = EDGE_CURVE('',#6976,#7047,#7380,.T.);
#7380 = LINE('',#7381,#7382);
#7381 = CARTESIAN_POINT('',(0.846666666667,-16.51,0.2));
#7382 = VECTOR('',#7383,1.);
#7383 = DIRECTION('',(1.110223024625E-16,1.,0.));
#7384 = ORIENTED_EDGE('',*,*,#7046,.T.);
#7385 = ORIENTED_EDGE('',*,*,#7363,.T.);
#7386 = ORIENTED_EDGE('',*,*,#6983,.T.);
#7387 = FACE_BOUND('',#7388,.F.);
#7388 = EDGE_LOOP('',(#7389,#7399,#7407,#7415,#7423,#7431,#7439,#7447));
#7389 = ORIENTED_EDGE('',*,*,#7390,.F.);
#7390 = EDGE_CURVE('',#7391,#7393,#7395,.T.);
#7391 = VERTEX_POINT('',#7392);
#7392 = CARTESIAN_POINT('',(-0.1,-15.69,0.2));
#7393 = VERTEX_POINT('',#7394);
#7394 = CARTESIAN_POINT('',(0.1,-15.69,0.2));
#7395 = LINE('',#7396,#7397);
#7396 = CARTESIAN_POINT('',(-0.1,-15.69,0.2));
#7397 = VECTOR('',#7398,1.);
#7398 = DIRECTION('',(1.,-1.110223024625E-16,0.));
#7399 = ORIENTED_EDGE('',*,*,#7400,.T.);
#7400 = EDGE_CURVE('',#7391,#7401,#7403,.T.);
#7401 = VERTEX_POINT('',#7402);
#7402 = CARTESIAN_POINT('',(-0.1,-15.54,0.2));
#7403 = LINE('',#7404,#7405);
#7404 = CARTESIAN_POINT('',(-0.1,-15.69,0.2));
#7405 = VECTOR('',#7406,1.);
#7406 = DIRECTION('',(1.110223024625E-16,1.,0.));
#7407 = ORIENTED_EDGE('',*,*,#7408,.F.);
#7408 = EDGE_CURVE('',#7409,#7401,#7411,.T.);
#7409 = VERTEX_POINT('',#7410);
#7410 = CARTESIAN_POINT('',(-0.1,-14.94,0.2));
#7411 = LINE('',#7412,#7413);
#7412 = CARTESIAN_POINT('',(-0.1,-11.43,0.2));
#7413 = VECTOR('',#7414,1.);
#7414 = DIRECTION('',(-1.110223024625E-16,-1.,0.));
#7415 = ORIENTED_EDGE('',*,*,#7416,.T.);
#7416 = EDGE_CURVE('',#7409,#7417,#7419,.T.);
#7417 = VERTEX_POINT('',#7418);
#7418 = CARTESIAN_POINT('',(-0.1,-14.79,0.2));
#7419 = LINE('',#7420,#7421);
#7420 = CARTESIAN_POINT('',(-0.1,-15.69,0.2));
#7421 = VECTOR('',#7422,1.);
#7422 = DIRECTION('',(1.110223024625E-16,1.,0.));
#7423 = ORIENTED_EDGE('',*,*,#7424,.T.);
#7424 = EDGE_CURVE('',#7417,#7425,#7427,.T.);
#7425 = VERTEX_POINT('',#7426);
#7426 = CARTESIAN_POINT('',(0.1,-14.79,0.2));
#7427 = LINE('',#7428,#7429);
#7428 = CARTESIAN_POINT('',(-0.1,-14.79,0.2));
#7429 = VECTOR('',#7430,1.);
#7430 = DIRECTION('',(1.,-1.110223024625E-16,0.));
#7431 = ORIENTED_EDGE('',*,*,#7432,.T.);
#7432 = EDGE_CURVE('',#7425,#7433,#7435,.T.);
#7433 = VERTEX_POINT('',#7434);
#7434 = CARTESIAN_POINT('',(0.1,-14.94,0.2));
#7435 = LINE('',#7436,#7437);
#7436 = CARTESIAN_POINT('',(0.1,-14.79,0.2));
#7437 = VECTOR('',#7438,1.);
#7438 = DIRECTION('',(-1.110223024625E-16,-1.,0.));
#7439 = ORIENTED_EDGE('',*,*,#7440,.T.);
#7440 = EDGE_CURVE('',#7433,#7441,#7443,.T.);
#7441 = VERTEX_POINT('',#7442);
#7442 = CARTESIAN_POINT('',(0.1,-15.54,0.2));
#7443 = LINE('',#7444,#7445);
#7444 = CARTESIAN_POINT('',(0.1,-11.43,0.2));
#7445 = VECTOR('',#7446,1.);
#7446 = DIRECTION('',(-1.110223024625E-16,-1.,0.));
#7447 = ORIENTED_EDGE('',*,*,#7448,.T.);
#7448 = EDGE_CURVE('',#7441,#7393,#7449,.T.);
#7449 = LINE('',#7450,#7451);
#7450 = CARTESIAN_POINT('',(0.1,-14.79,0.2));
#7451 = VECTOR('',#7452,1.);
#7452 = DIRECTION('',(-1.110223024625E-16,-1.,0.));
#7453 = FACE_BOUND('',#7454,.F.);
#7454 = EDGE_LOOP('',(#7455,#7465,#7473,#7481,#7489,#7497,#7505,#7513));
#7455 = ORIENTED_EDGE('',*,*,#7456,.F.);
#7456 = EDGE_CURVE('',#7457,#7459,#7461,.T.);
#7457 = VERTEX_POINT('',#7458);
#7458 = CARTESIAN_POINT('',(-0.1,-13.15,0.2));
#7459 = VERTEX_POINT('',#7460);
#7460 = CARTESIAN_POINT('',(0.1,-13.15,0.2));
#7461 = LINE('',#7462,#7463);
#7462 = CARTESIAN_POINT('',(-0.1,-13.15,0.2));
#7463 = VECTOR('',#7464,1.);
#7464 = DIRECTION('',(1.,-1.110223024625E-16,0.));
#7465 = ORIENTED_EDGE('',*,*,#7466,.T.);
#7466 = EDGE_CURVE('',#7457,#7467,#7469,.T.);
#7467 = VERTEX_POINT('',#7468);
#7468 = CARTESIAN_POINT('',(-0.1,-13.,0.2));
#7469 = LINE('',#7470,#7471);
#7470 = CARTESIAN_POINT('',(-0.1,-13.15,0.2));
#7471 = VECTOR('',#7472,1.);
#7472 = DIRECTION('',(1.110223024625E-16,1.,0.));
#7473 = ORIENTED_EDGE('',*,*,#7474,.F.);
#7474 = EDGE_CURVE('',#7475,#7467,#7477,.T.);
#7475 = VERTEX_POINT('',#7476);
#7476 = CARTESIAN_POINT('',(-0.1,-12.4,0.2));
#7477 = LINE('',#7478,#7479);
#7478 = CARTESIAN_POINT('',(-0.1,-10.16,0.2));
#7479 = VECTOR('',#7480,1.);
#7480 = DIRECTION('',(-1.110223024625E-16,-1.,0.));
#7481 = ORIENTED_EDGE('',*,*,#7482,.T.);
#7482 = EDGE_CURVE('',#7475,#7483,#7485,.T.);
#7483 = VERTEX_POINT('',#7484);
#7484 = CARTESIAN_POINT('',(-0.1,-12.25,0.2));
#7485 = LINE('',#7486,#7487);
#7486 = CARTESIAN_POINT('',(-0.1,-13.15,0.2));
#7487 = VECTOR('',#7488,1.);
#7488 = DIRECTION('',(1.110223024625E-16,1.,0.));
#7489 = ORIENTED_EDGE('',*,*,#7490,.T.);
#7490 = EDGE_CURVE('',#7483,#7491,#7493,.T.);
#7491 = VERTEX_POINT('',#7492);
#7492 = CARTESIAN_POINT('',(0.1,-12.25,0.2));
#7493 = LINE('',#7494,#7495);
#7494 = CARTESIAN_POINT('',(-0.1,-12.25,0.2));
#7495 = VECTOR('',#7496,1.);
#7496 = DIRECTION('',(1.,-1.110223024625E-16,0.));
#7497 = ORIENTED_EDGE('',*,*,#7498,.T.);
#7498 = EDGE_CURVE('',#7491,#7499,#7501,.T.);
#7499 = VERTEX_POINT('',#7500);
#7500 = CARTESIAN_POINT('',(0.1,-12.4,0.2));
#7501 = LINE('',#7502,#7503);
#7502 = CARTESIAN_POINT('',(0.1,-12.25,0.2));
#7503 = VECTOR('',#7504,1.);
#7504 = DIRECTION('',(-1.110223024625E-16,-1.,0.));
#7505 = ORIENTED_EDGE('',*,*,#7506,.T.);
#7506 = EDGE_CURVE('',#7499,#7507,#7509,.T.);
#7507 = VERTEX_POINT('',#7508);
#7508 = CARTESIAN_POINT('',(0.1,-13.,0.2));
#7509 = LINE('',#7510,#7511);
#7510 = CARTESIAN_POINT('',(0.1,-10.16,0.2));
#7511 = VECTOR('',#7512,1.);
#7512 = DIRECTION('',(-1.110223024625E-16,-1.,0.));
#7513 = ORIENTED_EDGE('',*,*,#7514,.T.);
#7514 = EDGE_CURVE('',#7507,#7459,#7515,.T.);
#7515 = LINE('',#7516,#7517);
#7516 = CARTESIAN_POINT('',(0.1,-12.25,0.2));
#7517 = VECTOR('',#7518,1.);
#7518 = DIRECTION('',(-1.110223024625E-16,-1.,0.));
#7519 = FACE_BOUND('',#7520,.F.);
#7520 = EDGE_LOOP('',(#7521,#7531,#7539,#7547,#7555,#7563,#7571,#7579));
#7521 = ORIENTED_EDGE('',*,*,#7522,.F.);
#7522 = EDGE_CURVE('',#7523,#7525,#7527,.T.);
#7523 = VERTEX_POINT('',#7524);
#7524 = CARTESIAN_POINT('',(-0.1,-10.61,0.2));
#7525 = VERTEX_POINT('',#7526);
#7526 = CARTESIAN_POINT('',(0.1,-10.61,0.2));
#7527 = LINE('',#7528,#7529);
#7528 = CARTESIAN_POINT('',(-0.1,-10.61,0.2));
#7529 = VECTOR('',#7530,1.);
#7530 = DIRECTION('',(1.,-1.110223024625E-16,0.));
#7531 = ORIENTED_EDGE('',*,*,#7532,.T.);
#7532 = EDGE_CURVE('',#7523,#7533,#7535,.T.);
#7533 = VERTEX_POINT('',#7534);
#7534 = CARTESIAN_POINT('',(-0.1,-10.46,0.2));
#7535 = LINE('',#7536,#7537);
#7536 = CARTESIAN_POINT('',(-0.1,-10.61,0.2));
#7537 = VECTOR('',#7538,1.);
#7538 = DIRECTION('',(1.110223024625E-16,1.,0.));
#7539 = ORIENTED_EDGE('',*,*,#7540,.F.);
#7540 = EDGE_CURVE('',#7541,#7533,#7543,.T.);
#7541 = VERTEX_POINT('',#7542);
#7542 = CARTESIAN_POINT('',(-0.1,-9.86,0.2));
#7543 = LINE('',#7544,#7545);
#7544 = CARTESIAN_POINT('',(-0.1,-8.89,0.2));
#7545 = VECTOR('',#7546,1.);
#7546 = DIRECTION('',(-1.110223024625E-16,-1.,0.));
#7547 = ORIENTED_EDGE('',*,*,#7548,.T.);
#7548 = EDGE_CURVE('',#7541,#7549,#7551,.T.);
#7549 = VERTEX_POINT('',#7550);
#7550 = CARTESIAN_POINT('',(-0.1,-9.71,0.2));
#7551 = LINE('',#7552,#7553);
#7552 = CARTESIAN_POINT('',(-0.1,-10.61,0.2));
#7553 = VECTOR('',#7554,1.);
#7554 = DIRECTION('',(1.110223024625E-16,1.,0.));
#7555 = ORIENTED_EDGE('',*,*,#7556,.T.);
#7556 = EDGE_CURVE('',#7549,#7557,#7559,.T.);
#7557 = VERTEX_POINT('',#7558);
#7558 = CARTESIAN_POINT('',(0.1,-9.71,0.2));
#7559 = LINE('',#7560,#7561);
#7560 = CARTESIAN_POINT('',(-0.1,-9.71,0.2));
#7561 = VECTOR('',#7562,1.);
#7562 = DIRECTION('',(1.,-1.110223024625E-16,0.));
#7563 = ORIENTED_EDGE('',*,*,#7564,.T.);
#7564 = EDGE_CURVE('',#7557,#7565,#7567,.T.);
#7565 = VERTEX_POINT('',#7566);
#7566 = CARTESIAN_POINT('',(0.1,-9.86,0.2));
#7567 = LINE('',#7568,#7569);
#7568 = CARTESIAN_POINT('',(0.1,-9.71,0.2));
#7569 = VECTOR('',#7570,1.);
#7570 = DIRECTION('',(-1.110223024625E-16,-1.,0.));
#7571 = ORIENTED_EDGE('',*,*,#7572,.T.);
#7572 = EDGE_CURVE('',#7565,#7573,#7575,.T.);
#7573 = VERTEX_POINT('',#7574);
#7574 = CARTESIAN_POINT('',(0.1,-10.46,0.2));
#7575 = LINE('',#7576,#7577);
#7576 = CARTESIAN_POINT('',(0.1,-8.89,0.2));
#7577 = VECTOR('',#7578,1.);
#7578 = DIRECTION('',(-1.110223024625E-16,-1.,0.));
#7579 = ORIENTED_EDGE('',*,*,#7580,.T.);
#7580 = EDGE_CURVE('',#7573,#7525,#7581,.T.);
#7581 = LINE('',#7582,#7583);
#7582 = CARTESIAN_POINT('',(0.1,-9.71,0.2));
#7583 = VECTOR('',#7584,1.);
#7584 = DIRECTION('',(-1.110223024625E-16,-1.,0.));
#7585 = FACE_BOUND('',#7586,.F.);
#7586 = EDGE_LOOP('',(#7587,#7597,#7605,#7613,#7621,#7629,#7637,#7645));
#7587 = ORIENTED_EDGE('',*,*,#7588,.F.);
#7588 = EDGE_CURVE('',#7589,#7591,#7593,.T.);
#7589 = VERTEX_POINT('',#7590);
#7590 = CARTESIAN_POINT('',(-0.1,-8.07,0.2));
#7591 = VERTEX_POINT('',#7592);
#7592 = CARTESIAN_POINT('',(0.1,-8.07,0.2));
#7593 = LINE('',#7594,#7595);
#7594 = CARTESIAN_POINT('',(-0.1,-8.07,0.2));
#7595 = VECTOR('',#7596,1.);
#7596 = DIRECTION('',(1.,-1.110223024625E-16,0.));
#7597 = ORIENTED_EDGE('',*,*,#7598,.T.);
#7598 = EDGE_CURVE('',#7589,#7599,#7601,.T.);
#7599 = VERTEX_POINT('',#7600);
#7600 = CARTESIAN_POINT('',(-0.1,-7.92,0.2));
#7601 = LINE('',#7602,#7603);
#7602 = CARTESIAN_POINT('',(-0.1,-8.07,0.2));
#7603 = VECTOR('',#7604,1.);
#7604 = DIRECTION('',(1.110223024625E-16,1.,0.));
#7605 = ORIENTED_EDGE('',*,*,#7606,.F.);
#7606 = EDGE_CURVE('',#7607,#7599,#7609,.T.);
#7607 = VERTEX_POINT('',#7608);
#7608 = CARTESIAN_POINT('',(-0.1,-7.32,0.2));
#7609 = LINE('',#7610,#7611);
#7610 = CARTESIAN_POINT('',(-0.1,-7.62,0.2));
#7611 = VECTOR('',#7612,1.);
#7612 = DIRECTION('',(-1.110223024625E-16,-1.,0.));
#7613 = ORIENTED_EDGE('',*,*,#7614,.T.);
#7614 = EDGE_CURVE('',#7607,#7615,#7617,.T.);
#7615 = VERTEX_POINT('',#7616);
#7616 = CARTESIAN_POINT('',(-0.1,-7.17,0.2));
#7617 = LINE('',#7618,#7619);
#7618 = CARTESIAN_POINT('',(-0.1,-8.07,0.2));
#7619 = VECTOR('',#7620,1.);
#7620 = DIRECTION('',(1.110223024625E-16,1.,0.));
#7621 = ORIENTED_EDGE('',*,*,#7622,.T.);
#7622 = EDGE_CURVE('',#7615,#7623,#7625,.T.);
#7623 = VERTEX_POINT('',#7624);
#7624 = CARTESIAN_POINT('',(0.1,-7.17,0.2));
#7625 = LINE('',#7626,#7627);
#7626 = CARTESIAN_POINT('',(-0.1,-7.17,0.2));
#7627 = VECTOR('',#7628,1.);
#7628 = DIRECTION('',(1.,-1.110223024625E-16,0.));
#7629 = ORIENTED_EDGE('',*,*,#7630,.T.);
#7630 = EDGE_CURVE('',#7623,#7631,#7633,.T.);
#7631 = VERTEX_POINT('',#7632);
#7632 = CARTESIAN_POINT('',(0.1,-7.32,0.2));
#7633 = LINE('',#7634,#7635);
#7634 = CARTESIAN_POINT('',(0.1,-7.17,0.2));
#7635 = VECTOR('',#7636,1.);
#7636 = DIRECTION('',(-1.110223024625E-16,-1.,0.));
#7637 = ORIENTED_EDGE('',*,*,#7638,.T.);
#7638 = EDGE_CURVE('',#7631,#7639,#7641,.T.);
#7639 = VERTEX_POINT('',#7640);
#7640 = CARTESIAN_POINT('',(0.1,-7.92,0.2));
#7641 = LINE('',#7642,#7643);
#7642 = CARTESIAN_POINT('',(0.1,-7.62,0.2));
#7643 = VECTOR('',#7644,1.);
#7644 = DIRECTION('',(-1.110223024625E-16,-1.,0.));
#7645 = ORIENTED_EDGE('',*,*,#7646,.T.);
#7646 = EDGE_CURVE('',#7639,#7591,#7647,.T.);
#7647 = LINE('',#7648,#7649);
#7648 = CARTESIAN_POINT('',(0.1,-7.17,0.2));
#7649 = VECTOR('',#7650,1.);
#7650 = DIRECTION('',(-1.110223024625E-16,-1.,0.));
#7651 = FACE_BOUND('',#7652,.F.);
#7652 = EDGE_LOOP('',(#7653,#7663,#7671,#7679,#7687,#7695,#7703,#7711));
#7653 = ORIENTED_EDGE('',*,*,#7654,.F.);
#7654 = EDGE_CURVE('',#7655,#7657,#7659,.T.);
#7655 = VERTEX_POINT('',#7656);
#7656 = CARTESIAN_POINT('',(-0.1,-5.53,0.2));
#7657 = VERTEX_POINT('',#7658);
#7658 = CARTESIAN_POINT('',(0.1,-5.53,0.2));
#7659 = LINE('',#7660,#7661);
#7660 = CARTESIAN_POINT('',(-0.1,-5.53,0.2));
#7661 = VECTOR('',#7662,1.);
#7662 = DIRECTION('',(1.,-1.110223024625E-16,0.));
#7663 = ORIENTED_EDGE('',*,*,#7664,.T.);
#7664 = EDGE_CURVE('',#7655,#7665,#7667,.T.);
#7665 = VERTEX_POINT('',#7666);
#7666 = CARTESIAN_POINT('',(-0.1,-5.38,0.2));
#7667 = LINE('',#7668,#7669);
#7668 = CARTESIAN_POINT('',(-0.1,-5.53,0.2));
#7669 = VECTOR('',#7670,1.);
#7670 = DIRECTION('',(1.110223024625E-16,1.,0.));
#7671 = ORIENTED_EDGE('',*,*,#7672,.F.);
#7672 = EDGE_CURVE('',#7673,#7665,#7675,.T.);
#7673 = VERTEX_POINT('',#7674);
#7674 = CARTESIAN_POINT('',(-0.1,-4.78,0.2));
#7675 = LINE('',#7676,#7677);
#7676 = CARTESIAN_POINT('',(-0.1,-6.35,0.2));
#7677 = VECTOR('',#7678,1.);
#7678 = DIRECTION('',(-1.110223024625E-16,-1.,0.));
#7679 = ORIENTED_EDGE('',*,*,#7680,.T.);
#7680 = EDGE_CURVE('',#7673,#7681,#7683,.T.);
#7681 = VERTEX_POINT('',#7682);
#7682 = CARTESIAN_POINT('',(-0.1,-4.63,0.2));
#7683 = LINE('',#7684,#7685);
#7684 = CARTESIAN_POINT('',(-0.1,-5.53,0.2));
#7685 = VECTOR('',#7686,1.);
#7686 = DIRECTION('',(1.110223024625E-16,1.,0.));
#7687 = ORIENTED_EDGE('',*,*,#7688,.T.);
#7688 = EDGE_CURVE('',#7681,#7689,#7691,.T.);
#7689 = VERTEX_POINT('',#7690);
#7690 = CARTESIAN_POINT('',(0.1,-4.63,0.2));
#7691 = LINE('',#7692,#7693);
#7692 = CARTESIAN_POINT('',(-0.1,-4.63,0.2));
#7693 = VECTOR('',#7694,1.);
#7694 = DIRECTION('',(1.,-1.110223024625E-16,0.));
#7695 = ORIENTED_EDGE('',*,*,#7696,.T.);
#7696 = EDGE_CURVE('',#7689,#7697,#7699,.T.);
#7697 = VERTEX_POINT('',#7698);
#7698 = CARTESIAN_POINT('',(0.1,-4.78,0.2));
#7699 = LINE('',#7700,#7701);
#7700 = CARTESIAN_POINT('',(0.1,-4.63,0.2));
#7701 = VECTOR('',#7702,1.);
#7702 = DIRECTION('',(-1.110223024625E-16,-1.,0.));
#7703 = ORIENTED_EDGE('',*,*,#7704,.T.);
#7704 = EDGE_CURVE('',#7697,#7705,#7707,.T.);
#7705 = VERTEX_POINT('',#7706);
#7706 = CARTESIAN_POINT('',(0.1,-5.38,0.2));
#7707 = LINE('',#7708,#7709);
#7708 = CARTESIAN_POINT('',(0.1,-6.35,0.2));
#7709 = VECTOR('',#7710,1.);
#7710 = DIRECTION('',(-1.110223024625E-16,-1.,0.));
#7711 = ORIENTED_EDGE('',*,*,#7712,.T.);
#7712 = EDGE_CURVE('',#7705,#7657,#7713,.T.);
#7713 = LINE('',#7714,#7715);
#7714 = CARTESIAN_POINT('',(0.1,-4.63,0.2));
#7715 = VECTOR('',#7716,1.);
#7716 = DIRECTION('',(-1.110223024625E-16,-1.,0.));
#7717 = FACE_BOUND('',#7718,.F.);
#7718 = EDGE_LOOP('',(#7719,#7729,#7737,#7745,#7753,#7761,#7769,#7777));
#7719 = ORIENTED_EDGE('',*,*,#7720,.F.);
#7720 = EDGE_CURVE('',#7721,#7723,#7725,.T.);
#7721 = VERTEX_POINT('',#7722);
#7722 = CARTESIAN_POINT('',(-0.1,-2.99,0.2));
#7723 = VERTEX_POINT('',#7724);
#7724 = CARTESIAN_POINT('',(0.1,-2.99,0.2));
#7725 = LINE('',#7726,#7727);
#7726 = CARTESIAN_POINT('',(-0.1,-2.99,0.2));
#7727 = VECTOR('',#7728,1.);
#7728 = DIRECTION('',(1.,-1.110223024625E-16,0.));
#7729 = ORIENTED_EDGE('',*,*,#7730,.T.);
#7730 = EDGE_CURVE('',#7721,#7731,#7733,.T.);
#7731 = VERTEX_POINT('',#7732);
#7732 = CARTESIAN_POINT('',(-0.1,-2.84,0.2));
#7733 = LINE('',#7734,#7735);
#7734 = CARTESIAN_POINT('',(-0.1,-2.99,0.2));
#7735 = VECTOR('',#7736,1.);
#7736 = DIRECTION('',(1.110223024625E-16,1.,0.));
#7737 = ORIENTED_EDGE('',*,*,#7738,.F.);
#7738 = EDGE_CURVE('',#7739,#7731,#7741,.T.);
#7739 = VERTEX_POINT('',#7740);
#7740 = CARTESIAN_POINT('',(-0.1,-2.24,0.2));
#7741 = LINE('',#7742,#7743);
#7742 = CARTESIAN_POINT('',(-0.1,-5.08,0.2));
#7743 = VECTOR('',#7744,1.);
#7744 = DIRECTION('',(-1.110223024625E-16,-1.,0.));
#7745 = ORIENTED_EDGE('',*,*,#7746,.T.);
#7746 = EDGE_CURVE('',#7739,#7747,#7749,.T.);
#7747 = VERTEX_POINT('',#7748);
#7748 = CARTESIAN_POINT('',(-0.1,-2.09,0.2));
#7749 = LINE('',#7750,#7751);
#7750 = CARTESIAN_POINT('',(-0.1,-2.99,0.2));
#7751 = VECTOR('',#7752,1.);
#7752 = DIRECTION('',(1.110223024625E-16,1.,0.));
#7753 = ORIENTED_EDGE('',*,*,#7754,.T.);
#7754 = EDGE_CURVE('',#7747,#7755,#7757,.T.);
#7755 = VERTEX_POINT('',#7756);
#7756 = CARTESIAN_POINT('',(0.1,-2.09,0.2));
#7757 = LINE('',#7758,#7759);
#7758 = CARTESIAN_POINT('',(-0.1,-2.09,0.2));
#7759 = VECTOR('',#7760,1.);
#7760 = DIRECTION('',(1.,-1.110223024625E-16,0.));
#7761 = ORIENTED_EDGE('',*,*,#7762,.T.);
#7762 = EDGE_CURVE('',#7755,#7763,#7765,.T.);
#7763 = VERTEX_POINT('',#7764);
#7764 = CARTESIAN_POINT('',(0.1,-2.24,0.2));
#7765 = LINE('',#7766,#7767);
#7766 = CARTESIAN_POINT('',(0.1,-2.09,0.2));
#7767 = VECTOR('',#7768,1.);
#7768 = DIRECTION('',(-1.110223024625E-16,-1.,0.));
#7769 = ORIENTED_EDGE('',*,*,#7770,.T.);
#7770 = EDGE_CURVE('',#7763,#7771,#7773,.T.);
#7771 = VERTEX_POINT('',#7772);
#7772 = CARTESIAN_POINT('',(0.1,-2.84,0.2));
#7773 = LINE('',#7774,#7775);
#7774 = CARTESIAN_POINT('',(0.1,-5.08,0.2));
#7775 = VECTOR('',#7776,1.);
#7776 = DIRECTION('',(-1.110223024625E-16,-1.,0.));
#7777 = ORIENTED_EDGE('',*,*,#7778,.T.);
#7778 = EDGE_CURVE('',#7771,#7723,#7779,.T.);
#7779 = LINE('',#7780,#7781);
#7780 = CARTESIAN_POINT('',(0.1,-2.09,0.2));
#7781 = VECTOR('',#7782,1.);
#7782 = DIRECTION('',(-1.110223024625E-16,-1.,0.));
#7783 = FACE_BOUND('',#7784,.F.);
#7784 = EDGE_LOOP('',(#7785,#7795,#7803,#7811,#7819,#7827,#7835,#7843));
#7785 = ORIENTED_EDGE('',*,*,#7786,.F.);
#7786 = EDGE_CURVE('',#7787,#7789,#7791,.T.);
#7787 = VERTEX_POINT('',#7788);
#7788 = CARTESIAN_POINT('',(-0.1,-0.45,0.2));
#7789 = VERTEX_POINT('',#7790);
#7790 = CARTESIAN_POINT('',(0.1,-0.45,0.2));
#7791 = LINE('',#7792,#7793);
#7792 = CARTESIAN_POINT('',(-0.1,-0.45,0.2));
#7793 = VECTOR('',#7794,1.);
#7794 = DIRECTION('',(1.,-1.110223024625E-16,0.));
#7795 = ORIENTED_EDGE('',*,*,#7796,.T.);
#7796 = EDGE_CURVE('',#7787,#7797,#7799,.T.);
#7797 = VERTEX_POINT('',#7798);
#7798 = CARTESIAN_POINT('',(-0.1,-0.3,0.2));
#7799 = LINE('',#7800,#7801);
#7800 = CARTESIAN_POINT('',(-0.1,-0.45,0.2));
#7801 = VECTOR('',#7802,1.);
#7802 = DIRECTION('',(1.110223024625E-16,1.,0.));
#7803 = ORIENTED_EDGE('',*,*,#7804,.F.);
#7804 = EDGE_CURVE('',#7805,#7797,#7807,.T.);
#7805 = VERTEX_POINT('',#7806);
#7806 = CARTESIAN_POINT('',(-0.1,0.3,0.2));
#7807 = LINE('',#7808,#7809);
#7808 = CARTESIAN_POINT('',(-0.1,-3.81,0.2));
#7809 = VECTOR('',#7810,1.);
#7810 = DIRECTION('',(-1.110223024625E-16,-1.,0.));
#7811 = ORIENTED_EDGE('',*,*,#7812,.T.);
#7812 = EDGE_CURVE('',#7805,#7813,#7815,.T.);
#7813 = VERTEX_POINT('',#7814);
#7814 = CARTESIAN_POINT('',(-0.1,0.45,0.2));
#7815 = LINE('',#7816,#7817);
#7816 = CARTESIAN_POINT('',(-0.1,-0.45,0.2));
#7817 = VECTOR('',#7818,1.);
#7818 = DIRECTION('',(1.110223024625E-16,1.,0.));
#7819 = ORIENTED_EDGE('',*,*,#7820,.T.);
#7820 = EDGE_CURVE('',#7813,#7821,#7823,.T.);
#7821 = VERTEX_POINT('',#7822);
#7822 = CARTESIAN_POINT('',(0.1,0.45,0.2));
#7823 = LINE('',#7824,#7825);
#7824 = CARTESIAN_POINT('',(-0.1,0.45,0.2));
#7825 = VECTOR('',#7826,1.);
#7826 = DIRECTION('',(1.,-1.110223024625E-16,0.));
#7827 = ORIENTED_EDGE('',*,*,#7828,.T.);
#7828 = EDGE_CURVE('',#7821,#7829,#7831,.T.);
#7829 = VERTEX_POINT('',#7830);
#7830 = CARTESIAN_POINT('',(0.1,0.3,0.2));
#7831 = LINE('',#7832,#7833);
#7832 = CARTESIAN_POINT('',(0.1,0.45,0.2));
#7833 = VECTOR('',#7834,1.);
#7834 = DIRECTION('',(-1.110223024625E-16,-1.,0.));
#7835 = ORIENTED_EDGE('',*,*,#7836,.T.);
#7836 = EDGE_CURVE('',#7829,#7837,#7839,.T.);
#7837 = VERTEX_POINT('',#7838);
#7838 = CARTESIAN_POINT('',(0.1,-0.3,0.2));
#7839 = LINE('',#7840,#7841);
#7840 = CARTESIAN_POINT('',(0.1,-3.81,0.2));
#7841 = VECTOR('',#7842,1.);
#7842 = DIRECTION('',(-1.110223024625E-16,-1.,0.));
#7843 = ORIENTED_EDGE('',*,*,#7844,.T.);
#7844 = EDGE_CURVE('',#7837,#7789,#7845,.T.);
#7845 = LINE('',#7846,#7847);
#7846 = CARTESIAN_POINT('',(0.1,0.45,0.2));
#7847 = VECTOR('',#7848,1.);
#7848 = DIRECTION('',(-1.110223024625E-16,-1.,0.));
#7849 = PLANE('',#7850);
#7850 = AXIS2_PLACEMENT_3D('',#7851,#7852,#7853);
#7851 = CARTESIAN_POINT('',(-6.785537934727E-16,-7.62,0.2));
#7852 = DIRECTION('',(0.,0.,1.));
#7853 = DIRECTION('',(1.110223024625E-16,1.,-0.));
#7854 = ADVANCED_FACE('',(#7855),#7861,.T.);
#7855 = FACE_BOUND('',#7856,.T.);
#7856 = EDGE_LOOP('',(#7857,#7858,#7859,#7860));
#7857 = ORIENTED_EDGE('',*,*,#6975,.T.);
#7858 = ORIENTED_EDGE('',*,*,#7379,.T.);
#7859 = ORIENTED_EDGE('',*,*,#7054,.F.);
#7860 = ORIENTED_EDGE('',*,*,#7071,.F.);
#7861 = PLANE('',#7862);
#7862 = AXIS2_PLACEMENT_3D('',#7863,#7864,#7865);
#7863 = CARTESIAN_POINT('',(0.846666666667,-16.51,0.));
#7864 = DIRECTION('',(-1.,1.110223024625E-16,0.));
#7865 = DIRECTION('',(1.110223024625E-16,1.,0.));
#7866 = ADVANCED_FACE('',(#7867),#7873,.F.);
#7867 = FACE_BOUND('',#7868,.F.);
#7868 = EDGE_LOOP('',(#7869,#7870,#7871,#7872));
#7869 = ORIENTED_EDGE('',*,*,#7022,.T.);
#7870 = ORIENTED_EDGE('',*,*,#7087,.T.);
#7871 = ORIENTED_EDGE('',*,*,#6952,.F.);
#7872 = ORIENTED_EDGE('',*,*,#7348,.F.);
#7873 = PLANE('',#7874);
#7874 = AXIS2_PLACEMENT_3D('',#7875,#7876,#7877);
#7875 = CARTESIAN_POINT('',(-1.27,1.27,0.));
#7876 = DIRECTION('',(1.,-1.110223024625E-16,0.));
#7877 = DIRECTION('',(-1.110223024625E-16,-1.,0.));
#7878 = ADVANCED_FACE('',(#7879),#7904,.T.);
#7879 = FACE_BOUND('',#7880,.T.);
#7880 = EDGE_LOOP('',(#7881,#7889,#7890,#7898));
#7881 = ORIENTED_EDGE('',*,*,#7882,.F.);
#7882 = EDGE_CURVE('',#7097,#7883,#7885,.T.);
#7883 = VERTEX_POINT('',#7884);
#7884 = CARTESIAN_POINT('',(0.3,-15.54,8.2));
#7885 = LINE('',#7886,#7887);
#7886 = CARTESIAN_POINT('',(0.3,-15.54,8.2));
#7887 = VECTOR('',#7888,1.);
#7888 = DIRECTION('',(-0.57735026919,0.57735026919,-0.57735026919));
#7889 = ORIENTED_EDGE('',*,*,#7096,.T.);
#7890 = ORIENTED_EDGE('',*,*,#7891,.T.);
#7891 = EDGE_CURVE('',#7099,#7892,#7894,.T.);
#7892 = VERTEX_POINT('',#7893);
#7893 = CARTESIAN_POINT('',(0.3,-14.94,8.2));
#7894 = LINE('',#7895,#7896);
#7895 = CARTESIAN_POINT('',(0.3,-14.94,8.2));
#7896 = VECTOR('',#7897,1.);
#7897 = DIRECTION('',(-0.57735026919,-0.57735026919,-0.57735026919));
#7898 = ORIENTED_EDGE('',*,*,#7899,.F.);
#7899 = EDGE_CURVE('',#7883,#7892,#7900,.T.);
#7900 = LINE('',#7901,#7902);
#7901 = CARTESIAN_POINT('',(0.3,-15.84,8.2));
#7902 = VECTOR('',#7903,1.);
#7903 = DIRECTION('',(1.110223024625E-16,1.,0.));
#7904 = PLANE('',#7905);
#7905 = AXIS2_PLACEMENT_3D('',#7906,#7907,#7908);
#7906 = CARTESIAN_POINT('',(0.45,-15.84,8.35));
#7907 = DIRECTION('',(-0.707106781187,7.850462293414E-17,0.707106781187)
  );
#7908 = DIRECTION('',(1.110223024625E-16,1.,2.68018785873E-29));
#7909 = ADVANCED_FACE('',(#7910),#7928,.T.);
#7910 = FACE_BOUND('',#7911,.T.);
#7911 = EDGE_LOOP('',(#7912,#7913,#7914,#7922));
#7912 = ORIENTED_EDGE('',*,*,#7891,.F.);
#7913 = ORIENTED_EDGE('',*,*,#7122,.T.);
#7914 = ORIENTED_EDGE('',*,*,#7915,.T.);
#7915 = EDGE_CURVE('',#7115,#7916,#7918,.T.);
#7916 = VERTEX_POINT('',#7917);
#7917 = CARTESIAN_POINT('',(-0.3,-14.94,8.2));
#7918 = LINE('',#7919,#7920);
#7919 = CARTESIAN_POINT('',(-0.3,-14.94,8.2));
#7920 = VECTOR('',#7921,1.);
#7921 = DIRECTION('',(0.57735026919,-0.57735026919,-0.57735026919));
#7922 = ORIENTED_EDGE('',*,*,#7923,.F.);
#7923 = EDGE_CURVE('',#7892,#7916,#7924,.T.);
#7924 = LINE('',#7925,#7926);
#7925 = CARTESIAN_POINT('',(0.6,-14.94,8.2));
#7926 = VECTOR('',#7927,1.);
#7927 = DIRECTION('',(-1.,1.110223024625E-16,0.));
#7928 = PLANE('',#7929);
#7929 = AXIS2_PLACEMENT_3D('',#7930,#7931,#7932);
#7930 = CARTESIAN_POINT('',(0.6,-14.79,8.35));
#7931 = DIRECTION('',(-8.197719098449E-17,-0.707106781187,0.707106781187
    ));
#7932 = DIRECTION('',(-1.,1.13477778879E-16,-2.455476416522E-18));
#7933 = ADVANCED_FACE('',(#7934),#7952,.T.);
#7934 = FACE_BOUND('',#7935,.T.);
#7935 = EDGE_LOOP('',(#7936,#7937,#7938,#7946));
#7936 = ORIENTED_EDGE('',*,*,#7915,.F.);
#7937 = ORIENTED_EDGE('',*,*,#7114,.T.);
#7938 = ORIENTED_EDGE('',*,*,#7939,.T.);
#7939 = EDGE_CURVE('',#7107,#7940,#7942,.T.);
#7940 = VERTEX_POINT('',#7941);
#7941 = CARTESIAN_POINT('',(-0.3,-15.54,8.2));
#7942 = LINE('',#7943,#7944);
#7943 = CARTESIAN_POINT('',(-0.3,-15.54,8.2));
#7944 = VECTOR('',#7945,1.);
#7945 = DIRECTION('',(0.57735026919,0.57735026919,-0.57735026919));
#7946 = ORIENTED_EDGE('',*,*,#7947,.F.);
#7947 = EDGE_CURVE('',#7916,#7940,#7948,.T.);
#7948 = LINE('',#7949,#7950);
#7949 = CARTESIAN_POINT('',(-0.3,-14.64,8.2));
#7950 = VECTOR('',#7951,1.);
#7951 = DIRECTION('',(-1.110223024625E-16,-1.,0.));
#7952 = PLANE('',#7953);
#7953 = AXIS2_PLACEMENT_3D('',#7954,#7955,#7956);
#7954 = CARTESIAN_POINT('',(-0.45,-14.64,8.35));
#7955 = DIRECTION('',(0.707106781187,-7.503205488379E-17,0.707106781187)
  );
#7956 = DIRECTION('',(-1.08566826046E-16,-1.,2.455476416575E-18));
#7957 = ADVANCED_FACE('',(#7958),#7969,.T.);
#7958 = FACE_BOUND('',#7959,.T.);
#7959 = EDGE_LOOP('',(#7960,#7961,#7962,#7963));
#7960 = ORIENTED_EDGE('',*,*,#7939,.F.);
#7961 = ORIENTED_EDGE('',*,*,#7106,.T.);
#7962 = ORIENTED_EDGE('',*,*,#7882,.T.);
#7963 = ORIENTED_EDGE('',*,*,#7964,.F.);
#7964 = EDGE_CURVE('',#7940,#7883,#7965,.T.);
#7965 = LINE('',#7966,#7967);
#7966 = CARTESIAN_POINT('',(-0.6,-15.54,8.2));
#7967 = VECTOR('',#7968,1.);
#7968 = DIRECTION('',(1.,-1.110223024625E-16,0.));
#7969 = PLANE('',#7970);
#7970 = AXIS2_PLACEMENT_3D('',#7971,#7972,#7973);
#7971 = CARTESIAN_POINT('',(-0.6,-15.69,8.35));
#7972 = DIRECTION('',(8.197719098449E-17,0.707106781187,0.707106781187)
  );
#7973 = DIRECTION('',(1.,-1.13477778879E-16,-2.455476416522E-18));
#7974 = ADVANCED_FACE('',(#7975),#8000,.T.);
#7975 = FACE_BOUND('',#7976,.T.);
#7976 = EDGE_LOOP('',(#7977,#7985,#7986,#7994));
#7977 = ORIENTED_EDGE('',*,*,#7978,.F.);
#7978 = EDGE_CURVE('',#7131,#7979,#7981,.T.);
#7979 = VERTEX_POINT('',#7980);
#7980 = CARTESIAN_POINT('',(0.3,-13.,8.2));
#7981 = LINE('',#7982,#7983);
#7982 = CARTESIAN_POINT('',(0.3,-13.,8.2));
#7983 = VECTOR('',#7984,1.);
#7984 = DIRECTION('',(-0.57735026919,0.57735026919,-0.57735026919));
#7985 = ORIENTED_EDGE('',*,*,#7130,.T.);
#7986 = ORIENTED_EDGE('',*,*,#7987,.T.);
#7987 = EDGE_CURVE('',#7133,#7988,#7990,.T.);
#7988 = VERTEX_POINT('',#7989);
#7989 = CARTESIAN_POINT('',(0.3,-12.4,8.2));
#7990 = LINE('',#7991,#7992);
#7991 = CARTESIAN_POINT('',(0.3,-12.4,8.2));
#7992 = VECTOR('',#7993,1.);
#7993 = DIRECTION('',(-0.57735026919,-0.57735026919,-0.57735026919));
#7994 = ORIENTED_EDGE('',*,*,#7995,.F.);
#7995 = EDGE_CURVE('',#7979,#7988,#7996,.T.);
#7996 = LINE('',#7997,#7998);
#7997 = CARTESIAN_POINT('',(0.3,-13.3,8.2));
#7998 = VECTOR('',#7999,1.);
#7999 = DIRECTION('',(1.110223024625E-16,1.,0.));
#8000 = PLANE('',#8001);
#8001 = AXIS2_PLACEMENT_3D('',#8002,#8003,#8004);
#8002 = CARTESIAN_POINT('',(0.45,-13.3,8.35));
#8003 = DIRECTION('',(-0.707106781187,7.850462293414E-17,0.707106781187)
  );
#8004 = DIRECTION('',(1.110223024625E-16,1.,2.68018785873E-29));
#8005 = ADVANCED_FACE('',(#8006),#8024,.T.);
#8006 = FACE_BOUND('',#8007,.T.);
#8007 = EDGE_LOOP('',(#8008,#8009,#8010,#8018));
#8008 = ORIENTED_EDGE('',*,*,#7987,.F.);
#8009 = ORIENTED_EDGE('',*,*,#7156,.T.);
#8010 = ORIENTED_EDGE('',*,*,#8011,.T.);
#8011 = EDGE_CURVE('',#7149,#8012,#8014,.T.);
#8012 = VERTEX_POINT('',#8013);
#8013 = CARTESIAN_POINT('',(-0.3,-12.4,8.2));
#8014 = LINE('',#8015,#8016);
#8015 = CARTESIAN_POINT('',(-0.3,-12.4,8.2));
#8016 = VECTOR('',#8017,1.);
#8017 = DIRECTION('',(0.57735026919,-0.57735026919,-0.57735026919));
#8018 = ORIENTED_EDGE('',*,*,#8019,.F.);
#8019 = EDGE_CURVE('',#7988,#8012,#8020,.T.);
#8020 = LINE('',#8021,#8022);
#8021 = CARTESIAN_POINT('',(0.6,-12.4,8.2));
#8022 = VECTOR('',#8023,1.);
#8023 = DIRECTION('',(-1.,1.110223024625E-16,0.));
#8024 = PLANE('',#8025);
#8025 = AXIS2_PLACEMENT_3D('',#8026,#8027,#8028);
#8026 = CARTESIAN_POINT('',(0.6,-12.25,8.35));
#8027 = DIRECTION('',(-8.197719098449E-17,-0.707106781187,0.707106781187
    ));
#8028 = DIRECTION('',(-1.,1.13477778879E-16,-2.455476416522E-18));
#8029 = ADVANCED_FACE('',(#8030),#8048,.T.);
#8030 = FACE_BOUND('',#8031,.T.);
#8031 = EDGE_LOOP('',(#8032,#8033,#8034,#8042));
#8032 = ORIENTED_EDGE('',*,*,#8011,.F.);
#8033 = ORIENTED_EDGE('',*,*,#7148,.T.);
#8034 = ORIENTED_EDGE('',*,*,#8035,.T.);
#8035 = EDGE_CURVE('',#7141,#8036,#8038,.T.);
#8036 = VERTEX_POINT('',#8037);
#8037 = CARTESIAN_POINT('',(-0.3,-13.,8.2));
#8038 = LINE('',#8039,#8040);
#8039 = CARTESIAN_POINT('',(-0.3,-13.,8.2));
#8040 = VECTOR('',#8041,1.);
#8041 = DIRECTION('',(0.57735026919,0.57735026919,-0.57735026919));
#8042 = ORIENTED_EDGE('',*,*,#8043,.F.);
#8043 = EDGE_CURVE('',#8012,#8036,#8044,.T.);
#8044 = LINE('',#8045,#8046);
#8045 = CARTESIAN_POINT('',(-0.3,-12.1,8.2));
#8046 = VECTOR('',#8047,1.);
#8047 = DIRECTION('',(-1.110223024625E-16,-1.,0.));
#8048 = PLANE('',#8049);
#8049 = AXIS2_PLACEMENT_3D('',#8050,#8051,#8052);
#8050 = CARTESIAN_POINT('',(-0.45,-12.1,8.35));
#8051 = DIRECTION('',(0.707106781187,-7.503205488379E-17,0.707106781187)
  );
#8052 = DIRECTION('',(-1.08566826046E-16,-1.,2.455476416575E-18));
#8053 = ADVANCED_FACE('',(#8054),#8065,.T.);
#8054 = FACE_BOUND('',#8055,.T.);
#8055 = EDGE_LOOP('',(#8056,#8057,#8058,#8059));
#8056 = ORIENTED_EDGE('',*,*,#8035,.F.);
#8057 = ORIENTED_EDGE('',*,*,#7140,.T.);
#8058 = ORIENTED_EDGE('',*,*,#7978,.T.);
#8059 = ORIENTED_EDGE('',*,*,#8060,.F.);
#8060 = EDGE_CURVE('',#8036,#7979,#8061,.T.);
#8061 = LINE('',#8062,#8063);
#8062 = CARTESIAN_POINT('',(-0.6,-13.,8.2));
#8063 = VECTOR('',#8064,1.);
#8064 = DIRECTION('',(1.,-1.110223024625E-16,0.));
#8065 = PLANE('',#8066);
#8066 = AXIS2_PLACEMENT_3D('',#8067,#8068,#8069);
#8067 = CARTESIAN_POINT('',(-0.6,-13.15,8.35));
#8068 = DIRECTION('',(8.197719098449E-17,0.707106781187,0.707106781187)
  );
#8069 = DIRECTION('',(1.,-1.13477778879E-16,-2.455476416522E-18));
#8070 = ADVANCED_FACE('',(#8071),#8096,.T.);
#8071 = FACE_BOUND('',#8072,.T.);
#8072 = EDGE_LOOP('',(#8073,#8081,#8082,#8090));
#8073 = ORIENTED_EDGE('',*,*,#8074,.F.);
#8074 = EDGE_CURVE('',#7165,#8075,#8077,.T.);
#8075 = VERTEX_POINT('',#8076);
#8076 = CARTESIAN_POINT('',(0.3,-10.46,8.2));
#8077 = LINE('',#8078,#8079);
#8078 = CARTESIAN_POINT('',(0.3,-10.46,8.2));
#8079 = VECTOR('',#8080,1.);
#8080 = DIRECTION('',(-0.57735026919,0.57735026919,-0.57735026919));
#8081 = ORIENTED_EDGE('',*,*,#7164,.T.);
#8082 = ORIENTED_EDGE('',*,*,#8083,.T.);
#8083 = EDGE_CURVE('',#7167,#8084,#8086,.T.);
#8084 = VERTEX_POINT('',#8085);
#8085 = CARTESIAN_POINT('',(0.3,-9.86,8.2));
#8086 = LINE('',#8087,#8088);
#8087 = CARTESIAN_POINT('',(0.3,-9.86,8.2));
#8088 = VECTOR('',#8089,1.);
#8089 = DIRECTION('',(-0.57735026919,-0.57735026919,-0.57735026919));
#8090 = ORIENTED_EDGE('',*,*,#8091,.F.);
#8091 = EDGE_CURVE('',#8075,#8084,#8092,.T.);
#8092 = LINE('',#8093,#8094);
#8093 = CARTESIAN_POINT('',(0.3,-10.76,8.2));
#8094 = VECTOR('',#8095,1.);
#8095 = DIRECTION('',(1.110223024625E-16,1.,0.));
#8096 = PLANE('',#8097);
#8097 = AXIS2_PLACEMENT_3D('',#8098,#8099,#8100);
#8098 = CARTESIAN_POINT('',(0.45,-10.76,8.35));
#8099 = DIRECTION('',(-0.707106781187,7.850462293414E-17,0.707106781187)
  );
#8100 = DIRECTION('',(1.110223024625E-16,1.,2.68018785873E-29));
#8101 = ADVANCED_FACE('',(#8102),#8120,.T.);
#8102 = FACE_BOUND('',#8103,.T.);
#8103 = EDGE_LOOP('',(#8104,#8105,#8106,#8114));
#8104 = ORIENTED_EDGE('',*,*,#8083,.F.);
#8105 = ORIENTED_EDGE('',*,*,#7190,.T.);
#8106 = ORIENTED_EDGE('',*,*,#8107,.T.);
#8107 = EDGE_CURVE('',#7183,#8108,#8110,.T.);
#8108 = VERTEX_POINT('',#8109);
#8109 = CARTESIAN_POINT('',(-0.3,-9.86,8.2));
#8110 = LINE('',#8111,#8112);
#8111 = CARTESIAN_POINT('',(-0.3,-9.86,8.2));
#8112 = VECTOR('',#8113,1.);
#8113 = DIRECTION('',(0.57735026919,-0.57735026919,-0.57735026919));
#8114 = ORIENTED_EDGE('',*,*,#8115,.F.);
#8115 = EDGE_CURVE('',#8084,#8108,#8116,.T.);
#8116 = LINE('',#8117,#8118);
#8117 = CARTESIAN_POINT('',(0.6,-9.86,8.2));
#8118 = VECTOR('',#8119,1.);
#8119 = DIRECTION('',(-1.,1.110223024625E-16,0.));
#8120 = PLANE('',#8121);
#8121 = AXIS2_PLACEMENT_3D('',#8122,#8123,#8124);
#8122 = CARTESIAN_POINT('',(0.6,-9.71,8.35));
#8123 = DIRECTION('',(-8.197719098449E-17,-0.707106781187,0.707106781187
    ));
#8124 = DIRECTION('',(-1.,1.13477778879E-16,-2.455476416522E-18));
#8125 = ADVANCED_FACE('',(#8126),#8144,.T.);
#8126 = FACE_BOUND('',#8127,.T.);
#8127 = EDGE_LOOP('',(#8128,#8129,#8130,#8138));
#8128 = ORIENTED_EDGE('',*,*,#8107,.F.);
#8129 = ORIENTED_EDGE('',*,*,#7182,.T.);
#8130 = ORIENTED_EDGE('',*,*,#8131,.T.);
#8131 = EDGE_CURVE('',#7175,#8132,#8134,.T.);
#8132 = VERTEX_POINT('',#8133);
#8133 = CARTESIAN_POINT('',(-0.3,-10.46,8.2));
#8134 = LINE('',#8135,#8136);
#8135 = CARTESIAN_POINT('',(-0.3,-10.46,8.2));
#8136 = VECTOR('',#8137,1.);
#8137 = DIRECTION('',(0.57735026919,0.57735026919,-0.57735026919));
#8138 = ORIENTED_EDGE('',*,*,#8139,.F.);
#8139 = EDGE_CURVE('',#8108,#8132,#8140,.T.);
#8140 = LINE('',#8141,#8142);
#8141 = CARTESIAN_POINT('',(-0.3,-9.56,8.2));
#8142 = VECTOR('',#8143,1.);
#8143 = DIRECTION('',(-1.110223024625E-16,-1.,0.));
#8144 = PLANE('',#8145);
#8145 = AXIS2_PLACEMENT_3D('',#8146,#8147,#8148);
#8146 = CARTESIAN_POINT('',(-0.45,-9.56,8.35));
#8147 = DIRECTION('',(0.707106781187,-7.503205488379E-17,0.707106781187)
  );
#8148 = DIRECTION('',(-1.08566826046E-16,-1.,2.455476416575E-18));
#8149 = ADVANCED_FACE('',(#8150),#8161,.T.);
#8150 = FACE_BOUND('',#8151,.T.);
#8151 = EDGE_LOOP('',(#8152,#8153,#8154,#8155));
#8152 = ORIENTED_EDGE('',*,*,#8131,.F.);
#8153 = ORIENTED_EDGE('',*,*,#7174,.T.);
#8154 = ORIENTED_EDGE('',*,*,#8074,.T.);
#8155 = ORIENTED_EDGE('',*,*,#8156,.F.);
#8156 = EDGE_CURVE('',#8132,#8075,#8157,.T.);
#8157 = LINE('',#8158,#8159);
#8158 = CARTESIAN_POINT('',(-0.6,-10.46,8.2));
#8159 = VECTOR('',#8160,1.);
#8160 = DIRECTION('',(1.,-1.110223024625E-16,0.));
#8161 = PLANE('',#8162);
#8162 = AXIS2_PLACEMENT_3D('',#8163,#8164,#8165);
#8163 = CARTESIAN_POINT('',(-0.6,-10.61,8.35));
#8164 = DIRECTION('',(8.197719098449E-17,0.707106781187,0.707106781187)
  );
#8165 = DIRECTION('',(1.,-1.13477778879E-16,-2.455476416522E-18));
#8166 = ADVANCED_FACE('',(#8167),#8192,.T.);
#8167 = FACE_BOUND('',#8168,.T.);
#8168 = EDGE_LOOP('',(#8169,#8177,#8178,#8186));
#8169 = ORIENTED_EDGE('',*,*,#8170,.F.);
#8170 = EDGE_CURVE('',#7199,#8171,#8173,.T.);
#8171 = VERTEX_POINT('',#8172);
#8172 = CARTESIAN_POINT('',(0.3,-7.92,8.2));
#8173 = LINE('',#8174,#8175);
#8174 = CARTESIAN_POINT('',(0.3,-7.92,8.2));
#8175 = VECTOR('',#8176,1.);
#8176 = DIRECTION('',(-0.57735026919,0.57735026919,-0.57735026919));
#8177 = ORIENTED_EDGE('',*,*,#7198,.T.);
#8178 = ORIENTED_EDGE('',*,*,#8179,.T.);
#8179 = EDGE_CURVE('',#7201,#8180,#8182,.T.);
#8180 = VERTEX_POINT('',#8181);
#8181 = CARTESIAN_POINT('',(0.3,-7.32,8.2));
#8182 = LINE('',#8183,#8184);
#8183 = CARTESIAN_POINT('',(0.3,-7.32,8.2));
#8184 = VECTOR('',#8185,1.);
#8185 = DIRECTION('',(-0.57735026919,-0.57735026919,-0.57735026919));
#8186 = ORIENTED_EDGE('',*,*,#8187,.F.);
#8187 = EDGE_CURVE('',#8171,#8180,#8188,.T.);
#8188 = LINE('',#8189,#8190);
#8189 = CARTESIAN_POINT('',(0.3,-8.22,8.2));
#8190 = VECTOR('',#8191,1.);
#8191 = DIRECTION('',(1.110223024625E-16,1.,0.));
#8192 = PLANE('',#8193);
#8193 = AXIS2_PLACEMENT_3D('',#8194,#8195,#8196);
#8194 = CARTESIAN_POINT('',(0.45,-8.22,8.35));
#8195 = DIRECTION('',(-0.707106781187,7.850462293414E-17,0.707106781187)
  );
#8196 = DIRECTION('',(1.110223024625E-16,1.,2.68018785873E-29));
#8197 = ADVANCED_FACE('',(#8198),#8216,.T.);
#8198 = FACE_BOUND('',#8199,.T.);
#8199 = EDGE_LOOP('',(#8200,#8201,#8202,#8210));
#8200 = ORIENTED_EDGE('',*,*,#8179,.F.);
#8201 = ORIENTED_EDGE('',*,*,#7224,.T.);
#8202 = ORIENTED_EDGE('',*,*,#8203,.T.);
#8203 = EDGE_CURVE('',#7217,#8204,#8206,.T.);
#8204 = VERTEX_POINT('',#8205);
#8205 = CARTESIAN_POINT('',(-0.3,-7.32,8.2));
#8206 = LINE('',#8207,#8208);
#8207 = CARTESIAN_POINT('',(-0.3,-7.32,8.2));
#8208 = VECTOR('',#8209,1.);
#8209 = DIRECTION('',(0.57735026919,-0.57735026919,-0.57735026919));
#8210 = ORIENTED_EDGE('',*,*,#8211,.F.);
#8211 = EDGE_CURVE('',#8180,#8204,#8212,.T.);
#8212 = LINE('',#8213,#8214);
#8213 = CARTESIAN_POINT('',(0.6,-7.32,8.2));
#8214 = VECTOR('',#8215,1.);
#8215 = DIRECTION('',(-1.,1.110223024625E-16,0.));
#8216 = PLANE('',#8217);
#8217 = AXIS2_PLACEMENT_3D('',#8218,#8219,#8220);
#8218 = CARTESIAN_POINT('',(0.6,-7.17,8.35));
#8219 = DIRECTION('',(-8.197719098449E-17,-0.707106781187,0.707106781187
    ));
#8220 = DIRECTION('',(-1.,1.13477778879E-16,-2.455476416522E-18));
#8221 = ADVANCED_FACE('',(#8222),#8240,.T.);
#8222 = FACE_BOUND('',#8223,.T.);
#8223 = EDGE_LOOP('',(#8224,#8225,#8226,#8234));
#8224 = ORIENTED_EDGE('',*,*,#8203,.F.);
#8225 = ORIENTED_EDGE('',*,*,#7216,.T.);
#8226 = ORIENTED_EDGE('',*,*,#8227,.T.);
#8227 = EDGE_CURVE('',#7209,#8228,#8230,.T.);
#8228 = VERTEX_POINT('',#8229);
#8229 = CARTESIAN_POINT('',(-0.3,-7.92,8.2));
#8230 = LINE('',#8231,#8232);
#8231 = CARTESIAN_POINT('',(-0.3,-7.92,8.2));
#8232 = VECTOR('',#8233,1.);
#8233 = DIRECTION('',(0.57735026919,0.57735026919,-0.57735026919));
#8234 = ORIENTED_EDGE('',*,*,#8235,.F.);
#8235 = EDGE_CURVE('',#8204,#8228,#8236,.T.);
#8236 = LINE('',#8237,#8238);
#8237 = CARTESIAN_POINT('',(-0.3,-7.02,8.2));
#8238 = VECTOR('',#8239,1.);
#8239 = DIRECTION('',(-1.110223024625E-16,-1.,0.));
#8240 = PLANE('',#8241);
#8241 = AXIS2_PLACEMENT_3D('',#8242,#8243,#8244);
#8242 = CARTESIAN_POINT('',(-0.45,-7.02,8.35));
#8243 = DIRECTION('',(0.707106781187,-7.503205488379E-17,0.707106781187)
  );
#8244 = DIRECTION('',(-1.08566826046E-16,-1.,2.455476416575E-18));
#8245 = ADVANCED_FACE('',(#8246),#8257,.T.);
#8246 = FACE_BOUND('',#8247,.T.);
#8247 = EDGE_LOOP('',(#8248,#8249,#8250,#8251));
#8248 = ORIENTED_EDGE('',*,*,#8227,.F.);
#8249 = ORIENTED_EDGE('',*,*,#7208,.T.);
#8250 = ORIENTED_EDGE('',*,*,#8170,.T.);
#8251 = ORIENTED_EDGE('',*,*,#8252,.F.);
#8252 = EDGE_CURVE('',#8228,#8171,#8253,.T.);
#8253 = LINE('',#8254,#8255);
#8254 = CARTESIAN_POINT('',(-0.6,-7.92,8.2));
#8255 = VECTOR('',#8256,1.);
#8256 = DIRECTION('',(1.,-1.110223024625E-16,0.));
#8257 = PLANE('',#8258);
#8258 = AXIS2_PLACEMENT_3D('',#8259,#8260,#8261);
#8259 = CARTESIAN_POINT('',(-0.6,-8.07,8.35));
#8260 = DIRECTION('',(8.197719098449E-17,0.707106781187,0.707106781187)
  );
#8261 = DIRECTION('',(1.,-1.13477778879E-16,-2.455476416522E-18));
#8262 = ADVANCED_FACE('',(#8263),#8288,.T.);
#8263 = FACE_BOUND('',#8264,.T.);
#8264 = EDGE_LOOP('',(#8265,#8273,#8274,#8282));
#8265 = ORIENTED_EDGE('',*,*,#8266,.F.);
#8266 = EDGE_CURVE('',#7233,#8267,#8269,.T.);
#8267 = VERTEX_POINT('',#8268);
#8268 = CARTESIAN_POINT('',(0.3,-5.38,8.2));
#8269 = LINE('',#8270,#8271);
#8270 = CARTESIAN_POINT('',(0.3,-5.38,8.2));
#8271 = VECTOR('',#8272,1.);
#8272 = DIRECTION('',(-0.57735026919,0.57735026919,-0.57735026919));
#8273 = ORIENTED_EDGE('',*,*,#7232,.T.);
#8274 = ORIENTED_EDGE('',*,*,#8275,.T.);
#8275 = EDGE_CURVE('',#7235,#8276,#8278,.T.);
#8276 = VERTEX_POINT('',#8277);
#8277 = CARTESIAN_POINT('',(0.3,-4.78,8.2));
#8278 = LINE('',#8279,#8280);
#8279 = CARTESIAN_POINT('',(0.3,-4.78,8.2));
#8280 = VECTOR('',#8281,1.);
#8281 = DIRECTION('',(-0.57735026919,-0.57735026919,-0.57735026919));
#8282 = ORIENTED_EDGE('',*,*,#8283,.F.);
#8283 = EDGE_CURVE('',#8267,#8276,#8284,.T.);
#8284 = LINE('',#8285,#8286);
#8285 = CARTESIAN_POINT('',(0.3,-5.68,8.2));
#8286 = VECTOR('',#8287,1.);
#8287 = DIRECTION('',(1.110223024625E-16,1.,0.));
#8288 = PLANE('',#8289);
#8289 = AXIS2_PLACEMENT_3D('',#8290,#8291,#8292);
#8290 = CARTESIAN_POINT('',(0.45,-5.68,8.35));
#8291 = DIRECTION('',(-0.707106781187,7.850462293414E-17,0.707106781187)
  );
#8292 = DIRECTION('',(1.110223024625E-16,1.,2.68018785873E-29));
#8293 = ADVANCED_FACE('',(#8294),#8312,.T.);
#8294 = FACE_BOUND('',#8295,.T.);
#8295 = EDGE_LOOP('',(#8296,#8297,#8298,#8306));
#8296 = ORIENTED_EDGE('',*,*,#8275,.F.);
#8297 = ORIENTED_EDGE('',*,*,#7258,.T.);
#8298 = ORIENTED_EDGE('',*,*,#8299,.T.);
#8299 = EDGE_CURVE('',#7251,#8300,#8302,.T.);
#8300 = VERTEX_POINT('',#8301);
#8301 = CARTESIAN_POINT('',(-0.3,-4.78,8.2));
#8302 = LINE('',#8303,#8304);
#8303 = CARTESIAN_POINT('',(-0.3,-4.78,8.2));
#8304 = VECTOR('',#8305,1.);
#8305 = DIRECTION('',(0.57735026919,-0.57735026919,-0.57735026919));
#8306 = ORIENTED_EDGE('',*,*,#8307,.F.);
#8307 = EDGE_CURVE('',#8276,#8300,#8308,.T.);
#8308 = LINE('',#8309,#8310);
#8309 = CARTESIAN_POINT('',(0.6,-4.78,8.2));
#8310 = VECTOR('',#8311,1.);
#8311 = DIRECTION('',(-1.,1.110223024625E-16,0.));
#8312 = PLANE('',#8313);
#8313 = AXIS2_PLACEMENT_3D('',#8314,#8315,#8316);
#8314 = CARTESIAN_POINT('',(0.6,-4.63,8.35));
#8315 = DIRECTION('',(-8.197719098449E-17,-0.707106781187,0.707106781187
    ));
#8316 = DIRECTION('',(-1.,1.13477778879E-16,-2.455476416522E-18));
#8317 = ADVANCED_FACE('',(#8318),#8336,.T.);
#8318 = FACE_BOUND('',#8319,.T.);
#8319 = EDGE_LOOP('',(#8320,#8321,#8322,#8330));
#8320 = ORIENTED_EDGE('',*,*,#8299,.F.);
#8321 = ORIENTED_EDGE('',*,*,#7250,.T.);
#8322 = ORIENTED_EDGE('',*,*,#8323,.T.);
#8323 = EDGE_CURVE('',#7243,#8324,#8326,.T.);
#8324 = VERTEX_POINT('',#8325);
#8325 = CARTESIAN_POINT('',(-0.3,-5.38,8.2));
#8326 = LINE('',#8327,#8328);
#8327 = CARTESIAN_POINT('',(-0.3,-5.38,8.2));
#8328 = VECTOR('',#8329,1.);
#8329 = DIRECTION('',(0.57735026919,0.57735026919,-0.57735026919));
#8330 = ORIENTED_EDGE('',*,*,#8331,.F.);
#8331 = EDGE_CURVE('',#8300,#8324,#8332,.T.);
#8332 = LINE('',#8333,#8334);
#8333 = CARTESIAN_POINT('',(-0.3,-4.48,8.2));
#8334 = VECTOR('',#8335,1.);
#8335 = DIRECTION('',(-1.110223024625E-16,-1.,0.));
#8336 = PLANE('',#8337);
#8337 = AXIS2_PLACEMENT_3D('',#8338,#8339,#8340);
#8338 = CARTESIAN_POINT('',(-0.45,-4.48,8.35));
#8339 = DIRECTION('',(0.707106781187,-7.503205488379E-17,0.707106781187)
  );
#8340 = DIRECTION('',(-1.08566826046E-16,-1.,2.455476416575E-18));
#8341 = ADVANCED_FACE('',(#8342),#8353,.T.);
#8342 = FACE_BOUND('',#8343,.T.);
#8343 = EDGE_LOOP('',(#8344,#8345,#8346,#8347));
#8344 = ORIENTED_EDGE('',*,*,#8323,.F.);
#8345 = ORIENTED_EDGE('',*,*,#7242,.T.);
#8346 = ORIENTED_EDGE('',*,*,#8266,.T.);
#8347 = ORIENTED_EDGE('',*,*,#8348,.F.);
#8348 = EDGE_CURVE('',#8324,#8267,#8349,.T.);
#8349 = LINE('',#8350,#8351);
#8350 = CARTESIAN_POINT('',(-0.6,-5.38,8.2));
#8351 = VECTOR('',#8352,1.);
#8352 = DIRECTION('',(1.,-1.110223024625E-16,0.));
#8353 = PLANE('',#8354);
#8354 = AXIS2_PLACEMENT_3D('',#8355,#8356,#8357);
#8355 = CARTESIAN_POINT('',(-0.6,-5.53,8.35));
#8356 = DIRECTION('',(8.197719098449E-17,0.707106781187,0.707106781187)
  );
#8357 = DIRECTION('',(1.,-1.13477778879E-16,-2.455476416522E-18));
#8358 = ADVANCED_FACE('',(#8359),#8384,.T.);
#8359 = FACE_BOUND('',#8360,.T.);
#8360 = EDGE_LOOP('',(#8361,#8369,#8370,#8378));
#8361 = ORIENTED_EDGE('',*,*,#8362,.F.);
#8362 = EDGE_CURVE('',#7267,#8363,#8365,.T.);
#8363 = VERTEX_POINT('',#8364);
#8364 = CARTESIAN_POINT('',(0.3,-2.84,8.2));
#8365 = LINE('',#8366,#8367);
#8366 = CARTESIAN_POINT('',(0.3,-2.84,8.2));
#8367 = VECTOR('',#8368,1.);
#8368 = DIRECTION('',(-0.57735026919,0.57735026919,-0.57735026919));
#8369 = ORIENTED_EDGE('',*,*,#7266,.T.);
#8370 = ORIENTED_EDGE('',*,*,#8371,.T.);
#8371 = EDGE_CURVE('',#7269,#8372,#8374,.T.);
#8372 = VERTEX_POINT('',#8373);
#8373 = CARTESIAN_POINT('',(0.3,-2.24,8.2));
#8374 = LINE('',#8375,#8376);
#8375 = CARTESIAN_POINT('',(0.3,-2.24,8.2));
#8376 = VECTOR('',#8377,1.);
#8377 = DIRECTION('',(-0.57735026919,-0.57735026919,-0.57735026919));
#8378 = ORIENTED_EDGE('',*,*,#8379,.F.);
#8379 = EDGE_CURVE('',#8363,#8372,#8380,.T.);
#8380 = LINE('',#8381,#8382);
#8381 = CARTESIAN_POINT('',(0.3,-3.14,8.2));
#8382 = VECTOR('',#8383,1.);
#8383 = DIRECTION('',(1.110223024625E-16,1.,0.));
#8384 = PLANE('',#8385);
#8385 = AXIS2_PLACEMENT_3D('',#8386,#8387,#8388);
#8386 = CARTESIAN_POINT('',(0.45,-3.14,8.35));
#8387 = DIRECTION('',(-0.707106781187,7.850462293414E-17,0.707106781187)
  );
#8388 = DIRECTION('',(1.110223024625E-16,1.,2.68018785873E-29));
#8389 = ADVANCED_FACE('',(#8390),#8408,.T.);
#8390 = FACE_BOUND('',#8391,.T.);
#8391 = EDGE_LOOP('',(#8392,#8393,#8394,#8402));
#8392 = ORIENTED_EDGE('',*,*,#8371,.F.);
#8393 = ORIENTED_EDGE('',*,*,#7292,.T.);
#8394 = ORIENTED_EDGE('',*,*,#8395,.T.);
#8395 = EDGE_CURVE('',#7285,#8396,#8398,.T.);
#8396 = VERTEX_POINT('',#8397);
#8397 = CARTESIAN_POINT('',(-0.3,-2.24,8.2));
#8398 = LINE('',#8399,#8400);
#8399 = CARTESIAN_POINT('',(-0.3,-2.24,8.2));
#8400 = VECTOR('',#8401,1.);
#8401 = DIRECTION('',(0.57735026919,-0.57735026919,-0.57735026919));
#8402 = ORIENTED_EDGE('',*,*,#8403,.F.);
#8403 = EDGE_CURVE('',#8372,#8396,#8404,.T.);
#8404 = LINE('',#8405,#8406);
#8405 = CARTESIAN_POINT('',(0.6,-2.24,8.2));
#8406 = VECTOR('',#8407,1.);
#8407 = DIRECTION('',(-1.,1.110223024625E-16,0.));
#8408 = PLANE('',#8409);
#8409 = AXIS2_PLACEMENT_3D('',#8410,#8411,#8412);
#8410 = CARTESIAN_POINT('',(0.6,-2.09,8.35));
#8411 = DIRECTION('',(-8.197719098449E-17,-0.707106781187,0.707106781187
    ));
#8412 = DIRECTION('',(-1.,1.13477778879E-16,-2.455476416522E-18));
#8413 = ADVANCED_FACE('',(#8414),#8432,.T.);
#8414 = FACE_BOUND('',#8415,.T.);
#8415 = EDGE_LOOP('',(#8416,#8417,#8418,#8426));
#8416 = ORIENTED_EDGE('',*,*,#8395,.F.);
#8417 = ORIENTED_EDGE('',*,*,#7284,.T.);
#8418 = ORIENTED_EDGE('',*,*,#8419,.T.);
#8419 = EDGE_CURVE('',#7277,#8420,#8422,.T.);
#8420 = VERTEX_POINT('',#8421);
#8421 = CARTESIAN_POINT('',(-0.3,-2.84,8.2));
#8422 = LINE('',#8423,#8424);
#8423 = CARTESIAN_POINT('',(-0.3,-2.84,8.2));
#8424 = VECTOR('',#8425,1.);
#8425 = DIRECTION('',(0.57735026919,0.57735026919,-0.57735026919));
#8426 = ORIENTED_EDGE('',*,*,#8427,.F.);
#8427 = EDGE_CURVE('',#8396,#8420,#8428,.T.);
#8428 = LINE('',#8429,#8430);
#8429 = CARTESIAN_POINT('',(-0.3,-1.94,8.2));
#8430 = VECTOR('',#8431,1.);
#8431 = DIRECTION('',(-1.110223024625E-16,-1.,0.));
#8432 = PLANE('',#8433);
#8433 = AXIS2_PLACEMENT_3D('',#8434,#8435,#8436);
#8434 = CARTESIAN_POINT('',(-0.45,-1.94,8.35));
#8435 = DIRECTION('',(0.707106781187,-7.503205488379E-17,0.707106781187)
  );
#8436 = DIRECTION('',(-1.08566826046E-16,-1.,2.455476416575E-18));
#8437 = ADVANCED_FACE('',(#8438),#8449,.T.);
#8438 = FACE_BOUND('',#8439,.T.);
#8439 = EDGE_LOOP('',(#8440,#8441,#8442,#8443));
#8440 = ORIENTED_EDGE('',*,*,#8419,.F.);
#8441 = ORIENTED_EDGE('',*,*,#7276,.T.);
#8442 = ORIENTED_EDGE('',*,*,#8362,.T.);
#8443 = ORIENTED_EDGE('',*,*,#8444,.F.);
#8444 = EDGE_CURVE('',#8420,#8363,#8445,.T.);
#8445 = LINE('',#8446,#8447);
#8446 = CARTESIAN_POINT('',(-0.6,-2.84,8.2));
#8447 = VECTOR('',#8448,1.);
#8448 = DIRECTION('',(1.,-1.110223024625E-16,0.));
#8449 = PLANE('',#8450);
#8450 = AXIS2_PLACEMENT_3D('',#8451,#8452,#8453);
#8451 = CARTESIAN_POINT('',(-0.6,-2.99,8.35));
#8452 = DIRECTION('',(8.197719098449E-17,0.707106781187,0.707106781187)
  );
#8453 = DIRECTION('',(1.,-1.13477778879E-16,-2.455476416522E-18));
#8454 = ADVANCED_FACE('',(#8455),#8480,.T.);
#8455 = FACE_BOUND('',#8456,.T.);
#8456 = EDGE_LOOP('',(#8457,#8465,#8466,#8474));
#8457 = ORIENTED_EDGE('',*,*,#8458,.F.);
#8458 = EDGE_CURVE('',#7301,#8459,#8461,.T.);
#8459 = VERTEX_POINT('',#8460);
#8460 = CARTESIAN_POINT('',(0.3,-0.3,8.2));
#8461 = LINE('',#8462,#8463);
#8462 = CARTESIAN_POINT('',(0.3,-0.3,8.2));
#8463 = VECTOR('',#8464,1.);
#8464 = DIRECTION('',(-0.57735026919,0.57735026919,-0.57735026919));
#8465 = ORIENTED_EDGE('',*,*,#7300,.T.);
#8466 = ORIENTED_EDGE('',*,*,#8467,.T.);
#8467 = EDGE_CURVE('',#7303,#8468,#8470,.T.);
#8468 = VERTEX_POINT('',#8469);
#8469 = CARTESIAN_POINT('',(0.3,0.3,8.2));
#8470 = LINE('',#8471,#8472);
#8471 = CARTESIAN_POINT('',(0.3,0.3,8.2));
#8472 = VECTOR('',#8473,1.);
#8473 = DIRECTION('',(-0.57735026919,-0.57735026919,-0.57735026919));
#8474 = ORIENTED_EDGE('',*,*,#8475,.F.);
#8475 = EDGE_CURVE('',#8459,#8468,#8476,.T.);
#8476 = LINE('',#8477,#8478);
#8477 = CARTESIAN_POINT('',(0.3,-0.6,8.2));
#8478 = VECTOR('',#8479,1.);
#8479 = DIRECTION('',(1.110223024625E-16,1.,0.));
#8480 = PLANE('',#8481);
#8481 = AXIS2_PLACEMENT_3D('',#8482,#8483,#8484);
#8482 = CARTESIAN_POINT('',(0.45,-0.6,8.35));
#8483 = DIRECTION('',(-0.707106781187,7.850462293414E-17,0.707106781187)
  );
#8484 = DIRECTION('',(1.110223024625E-16,1.,2.68018785873E-29));
#8485 = ADVANCED_FACE('',(#8486),#8504,.T.);
#8486 = FACE_BOUND('',#8487,.T.);
#8487 = EDGE_LOOP('',(#8488,#8489,#8490,#8498));
#8488 = ORIENTED_EDGE('',*,*,#8467,.F.);
#8489 = ORIENTED_EDGE('',*,*,#7326,.T.);
#8490 = ORIENTED_EDGE('',*,*,#8491,.T.);
#8491 = EDGE_CURVE('',#7319,#8492,#8494,.T.);
#8492 = VERTEX_POINT('',#8493);
#8493 = CARTESIAN_POINT('',(-0.3,0.3,8.2));
#8494 = LINE('',#8495,#8496);
#8495 = CARTESIAN_POINT('',(-0.3,0.3,8.2));
#8496 = VECTOR('',#8497,1.);
#8497 = DIRECTION('',(0.57735026919,-0.57735026919,-0.57735026919));
#8498 = ORIENTED_EDGE('',*,*,#8499,.F.);
#8499 = EDGE_CURVE('',#8468,#8492,#8500,.T.);
#8500 = LINE('',#8501,#8502);
#8501 = CARTESIAN_POINT('',(0.6,0.3,8.2));
#8502 = VECTOR('',#8503,1.);
#8503 = DIRECTION('',(-1.,1.110223024625E-16,0.));
#8504 = PLANE('',#8505);
#8505 = AXIS2_PLACEMENT_3D('',#8506,#8507,#8508);
#8506 = CARTESIAN_POINT('',(0.6,0.45,8.35));
#8507 = DIRECTION('',(-8.197719098449E-17,-0.707106781187,0.707106781187
    ));
#8508 = DIRECTION('',(-1.,1.13477778879E-16,-2.455476416522E-18));
#8509 = ADVANCED_FACE('',(#8510),#8528,.T.);
#8510 = FACE_BOUND('',#8511,.T.);
#8511 = EDGE_LOOP('',(#8512,#8513,#8514,#8522));
#8512 = ORIENTED_EDGE('',*,*,#8491,.F.);
#8513 = ORIENTED_EDGE('',*,*,#7318,.T.);
#8514 = ORIENTED_EDGE('',*,*,#8515,.T.);
#8515 = EDGE_CURVE('',#7311,#8516,#8518,.T.);
#8516 = VERTEX_POINT('',#8517);
#8517 = CARTESIAN_POINT('',(-0.3,-0.3,8.2));
#8518 = LINE('',#8519,#8520);
#8519 = CARTESIAN_POINT('',(-0.3,-0.3,8.2));
#8520 = VECTOR('',#8521,1.);
#8521 = DIRECTION('',(0.57735026919,0.57735026919,-0.57735026919));
#8522 = ORIENTED_EDGE('',*,*,#8523,.F.);
#8523 = EDGE_CURVE('',#8492,#8516,#8524,.T.);
#8524 = LINE('',#8525,#8526);
#8525 = CARTESIAN_POINT('',(-0.3,0.6,8.2));
#8526 = VECTOR('',#8527,1.);
#8527 = DIRECTION('',(-1.110223024625E-16,-1.,0.));
#8528 = PLANE('',#8529);
#8529 = AXIS2_PLACEMENT_3D('',#8530,#8531,#8532);
#8530 = CARTESIAN_POINT('',(-0.45,0.6,8.35));
#8531 = DIRECTION('',(0.707106781187,-7.503205488379E-17,0.707106781187)
  );
#8532 = DIRECTION('',(-1.08566826046E-16,-1.,2.455476416575E-18));
#8533 = ADVANCED_FACE('',(#8534),#8545,.T.);
#8534 = FACE_BOUND('',#8535,.T.);
#8535 = EDGE_LOOP('',(#8536,#8537,#8538,#8539));
#8536 = ORIENTED_EDGE('',*,*,#8515,.F.);
#8537 = ORIENTED_EDGE('',*,*,#7310,.T.);
#8538 = ORIENTED_EDGE('',*,*,#8458,.T.);
#8539 = ORIENTED_EDGE('',*,*,#8540,.F.);
#8540 = EDGE_CURVE('',#8516,#8459,#8541,.T.);
#8541 = LINE('',#8542,#8543);
#8542 = CARTESIAN_POINT('',(-0.6,-0.3,8.2));
#8543 = VECTOR('',#8544,1.);
#8544 = DIRECTION('',(1.,-1.110223024625E-16,0.));
#8545 = PLANE('',#8546);
#8546 = AXIS2_PLACEMENT_3D('',#8547,#8548,#8549);
#8547 = CARTESIAN_POINT('',(-0.6,-0.45,8.35));
#8548 = DIRECTION('',(8.197719098449E-17,0.707106781187,0.707106781187)
  );
#8549 = DIRECTION('',(1.,-1.13477778879E-16,-2.455476416522E-18));
#8550 = ADVANCED_FACE('',(#8551),#8562,.T.);
#8551 = FACE_BOUND('',#8552,.T.);
#8552 = EDGE_LOOP('',(#8553,#8554,#8555,#8561));
#8553 = ORIENTED_EDGE('',*,*,#7390,.F.);
#8554 = ORIENTED_EDGE('',*,*,#7400,.T.);
#8555 = ORIENTED_EDGE('',*,*,#8556,.T.);
#8556 = EDGE_CURVE('',#7401,#7441,#8557,.T.);
#8557 = LINE('',#8558,#8559);
#8558 = CARTESIAN_POINT('',(-0.1,-15.54,0.2));
#8559 = VECTOR('',#8560,1.);
#8560 = DIRECTION('',(1.,-1.110223024625E-16,0.));
#8561 = ORIENTED_EDGE('',*,*,#7448,.T.);
#8562 = PLANE('',#8563);
#8563 = AXIS2_PLACEMENT_3D('',#8564,#8565,#8566);
#8564 = CARTESIAN_POINT('',(-0.1,-15.54,0.2));
#8565 = DIRECTION('',(0.,-0.,-1.));
#8566 = DIRECTION('',(-1.110223024625E-16,-1.,0.));
#8567 = ADVANCED_FACE('',(#8568),#8609,.F.);
#8568 = FACE_BOUND('',#8569,.F.);
#8569 = EDGE_LOOP('',(#8570,#8578,#8579,#8587,#8595,#8603));
#8570 = ORIENTED_EDGE('',*,*,#8571,.T.);
#8571 = EDGE_CURVE('',#8572,#7441,#8574,.T.);
#8572 = VERTEX_POINT('',#8573);
#8573 = CARTESIAN_POINT('',(0.1,-15.54,-2.5));
#8574 = LINE('',#8575,#8576);
#8575 = CARTESIAN_POINT('',(0.1,-15.54,-2.5));
#8576 = VECTOR('',#8577,1.);
#8577 = DIRECTION('',(0.,0.,1.));
#8578 = ORIENTED_EDGE('',*,*,#7440,.F.);
#8579 = ORIENTED_EDGE('',*,*,#8580,.T.);
#8580 = EDGE_CURVE('',#7433,#8581,#8583,.T.);
#8581 = VERTEX_POINT('',#8582);
#8582 = CARTESIAN_POINT('',(0.1,-14.94,-2.5));
#8583 = LINE('',#8584,#8585);
#8584 = CARTESIAN_POINT('',(0.1,-14.94,0.2));
#8585 = VECTOR('',#8586,1.);
#8586 = DIRECTION('',(0.,0.,-1.));
#8587 = ORIENTED_EDGE('',*,*,#8588,.T.);
#8588 = EDGE_CURVE('',#8581,#8589,#8591,.T.);
#8589 = VERTEX_POINT('',#8590);
#8590 = CARTESIAN_POINT('',(0.1,-15.09,-3.1));
#8591 = LINE('',#8592,#8593);
#8592 = CARTESIAN_POINT('',(0.1,-14.94,-2.5));
#8593 = VECTOR('',#8594,1.);
#8594 = DIRECTION('',(-2.692686352073E-17,-0.242535625036,
    -0.970142500145));
#8595 = ORIENTED_EDGE('',*,*,#8596,.T.);
#8596 = EDGE_CURVE('',#8589,#8597,#8599,.T.);
#8597 = VERTEX_POINT('',#8598);
#8598 = CARTESIAN_POINT('',(0.1,-15.39,-3.1));
#8599 = LINE('',#8600,#8601);
#8600 = CARTESIAN_POINT('',(0.1,-15.09,-3.1));
#8601 = VECTOR('',#8602,1.);
#8602 = DIRECTION('',(-1.110223024625E-16,-1.,0.));
#8603 = ORIENTED_EDGE('',*,*,#8604,.T.);
#8604 = EDGE_CURVE('',#8597,#8572,#8605,.T.);
#8605 = LINE('',#8606,#8607);
#8606 = CARTESIAN_POINT('',(0.1,-15.39,-3.1));
#8607 = VECTOR('',#8608,1.);
#8608 = DIRECTION('',(-2.692686352073E-17,-0.242535625036,0.970142500145
    ));
#8609 = PLANE('',#8610);
#8610 = AXIS2_PLACEMENT_3D('',#8611,#8612,#8613);
#8611 = CARTESIAN_POINT('',(0.1,-15.24,3.911477598424));
#8612 = DIRECTION('',(-1.,1.110223024625E-16,0.));
#8613 = DIRECTION('',(0.,0.,1.));
#8614 = ADVANCED_FACE('',(#8615),#8626,.T.);
#8615 = FACE_BOUND('',#8616,.T.);
#8616 = EDGE_LOOP('',(#8617,#8623,#8624,#8625));
#8617 = ORIENTED_EDGE('',*,*,#8618,.F.);
#8618 = EDGE_CURVE('',#7409,#7433,#8619,.T.);
#8619 = LINE('',#8620,#8621);
#8620 = CARTESIAN_POINT('',(-0.1,-14.94,0.2));
#8621 = VECTOR('',#8622,1.);
#8622 = DIRECTION('',(1.,-1.110223024625E-16,0.));
#8623 = ORIENTED_EDGE('',*,*,#7416,.T.);
#8624 = ORIENTED_EDGE('',*,*,#7424,.T.);
#8625 = ORIENTED_EDGE('',*,*,#7432,.T.);
#8626 = PLANE('',#8627);
#8627 = AXIS2_PLACEMENT_3D('',#8628,#8629,#8630);
#8628 = CARTESIAN_POINT('',(-0.1,-15.54,0.2));
#8629 = DIRECTION('',(0.,-0.,-1.));
#8630 = DIRECTION('',(-1.110223024625E-16,-1.,0.));
#8631 = ADVANCED_FACE('',(#8632),#8673,.T.);
#8632 = FACE_BOUND('',#8633,.T.);
#8633 = EDGE_LOOP('',(#8634,#8642,#8643,#8651,#8659,#8667));
#8634 = ORIENTED_EDGE('',*,*,#8635,.T.);
#8635 = EDGE_CURVE('',#8636,#7401,#8638,.T.);
#8636 = VERTEX_POINT('',#8637);
#8637 = CARTESIAN_POINT('',(-0.1,-15.54,-2.5));
#8638 = LINE('',#8639,#8640);
#8639 = CARTESIAN_POINT('',(-0.1,-15.54,-2.5));
#8640 = VECTOR('',#8641,1.);
#8641 = DIRECTION('',(0.,0.,1.));
#8642 = ORIENTED_EDGE('',*,*,#7408,.F.);
#8643 = ORIENTED_EDGE('',*,*,#8644,.T.);
#8644 = EDGE_CURVE('',#7409,#8645,#8647,.T.);
#8645 = VERTEX_POINT('',#8646);
#8646 = CARTESIAN_POINT('',(-0.1,-14.94,-2.5));
#8647 = LINE('',#8648,#8649);
#8648 = CARTESIAN_POINT('',(-0.1,-14.94,0.2));
#8649 = VECTOR('',#8650,1.);
#8650 = DIRECTION('',(0.,0.,-1.));
#8651 = ORIENTED_EDGE('',*,*,#8652,.T.);
#8652 = EDGE_CURVE('',#8645,#8653,#8655,.T.);
#8653 = VERTEX_POINT('',#8654);
#8654 = CARTESIAN_POINT('',(-0.1,-15.09,-3.1));
#8655 = LINE('',#8656,#8657);
#8656 = CARTESIAN_POINT('',(-0.1,-14.94,-2.5));
#8657 = VECTOR('',#8658,1.);
#8658 = DIRECTION('',(-2.692686352073E-17,-0.242535625036,
    -0.970142500145));
#8659 = ORIENTED_EDGE('',*,*,#8660,.F.);
#8660 = EDGE_CURVE('',#8661,#8653,#8663,.T.);
#8661 = VERTEX_POINT('',#8662);
#8662 = CARTESIAN_POINT('',(-0.1,-15.39,-3.1));
#8663 = LINE('',#8664,#8665);
#8664 = CARTESIAN_POINT('',(-0.1,-15.39,-3.1));
#8665 = VECTOR('',#8666,1.);
#8666 = DIRECTION('',(1.110223024625E-16,1.,0.));
#8667 = ORIENTED_EDGE('',*,*,#8668,.T.);
#8668 = EDGE_CURVE('',#8661,#8636,#8669,.T.);
#8669 = LINE('',#8670,#8671);
#8670 = CARTESIAN_POINT('',(-0.1,-15.39,-3.1));
#8671 = VECTOR('',#8672,1.);
#8672 = DIRECTION('',(-2.692686352073E-17,-0.242535625036,0.970142500145
    ));
#8673 = PLANE('',#8674);
#8674 = AXIS2_PLACEMENT_3D('',#8675,#8676,#8677);
#8675 = CARTESIAN_POINT('',(-0.1,-15.24,3.911477598424));
#8676 = DIRECTION('',(-1.,1.110223024625E-16,0.));
#8677 = DIRECTION('',(0.,0.,1.));
#8678 = ADVANCED_FACE('',(#8679),#8690,.T.);
#8679 = FACE_BOUND('',#8680,.T.);
#8680 = EDGE_LOOP('',(#8681,#8682,#8683,#8689));
#8681 = ORIENTED_EDGE('',*,*,#7456,.F.);
#8682 = ORIENTED_EDGE('',*,*,#7466,.T.);
#8683 = ORIENTED_EDGE('',*,*,#8684,.T.);
#8684 = EDGE_CURVE('',#7467,#7507,#8685,.T.);
#8685 = LINE('',#8686,#8687);
#8686 = CARTESIAN_POINT('',(-0.1,-13.,0.2));
#8687 = VECTOR('',#8688,1.);
#8688 = DIRECTION('',(1.,-1.110223024625E-16,0.));
#8689 = ORIENTED_EDGE('',*,*,#7514,.T.);
#8690 = PLANE('',#8691);
#8691 = AXIS2_PLACEMENT_3D('',#8692,#8693,#8694);
#8692 = CARTESIAN_POINT('',(-0.1,-13.,0.2));
#8693 = DIRECTION('',(0.,-0.,-1.));
#8694 = DIRECTION('',(-1.110223024625E-16,-1.,0.));
#8695 = ADVANCED_FACE('',(#8696),#8737,.F.);
#8696 = FACE_BOUND('',#8697,.F.);
#8697 = EDGE_LOOP('',(#8698,#8706,#8707,#8715,#8723,#8731));
#8698 = ORIENTED_EDGE('',*,*,#8699,.T.);
#8699 = EDGE_CURVE('',#8700,#7507,#8702,.T.);
#8700 = VERTEX_POINT('',#8701);
#8701 = CARTESIAN_POINT('',(0.1,-13.,-2.5));
#8702 = LINE('',#8703,#8704);
#8703 = CARTESIAN_POINT('',(0.1,-13.,-2.5));
#8704 = VECTOR('',#8705,1.);
#8705 = DIRECTION('',(0.,0.,1.));
#8706 = ORIENTED_EDGE('',*,*,#7506,.F.);
#8707 = ORIENTED_EDGE('',*,*,#8708,.T.);
#8708 = EDGE_CURVE('',#7499,#8709,#8711,.T.);
#8709 = VERTEX_POINT('',#8710);
#8710 = CARTESIAN_POINT('',(0.1,-12.4,-2.5));
#8711 = LINE('',#8712,#8713);
#8712 = CARTESIAN_POINT('',(0.1,-12.4,0.2));
#8713 = VECTOR('',#8714,1.);
#8714 = DIRECTION('',(0.,0.,-1.));
#8715 = ORIENTED_EDGE('',*,*,#8716,.T.);
#8716 = EDGE_CURVE('',#8709,#8717,#8719,.T.);
#8717 = VERTEX_POINT('',#8718);
#8718 = CARTESIAN_POINT('',(0.1,-12.55,-3.1));
#8719 = LINE('',#8720,#8721);
#8720 = CARTESIAN_POINT('',(0.1,-12.4,-2.5));
#8721 = VECTOR('',#8722,1.);
#8722 = DIRECTION('',(-2.692686352073E-17,-0.242535625036,
    -0.970142500145));
#8723 = ORIENTED_EDGE('',*,*,#8724,.T.);
#8724 = EDGE_CURVE('',#8717,#8725,#8727,.T.);
#8725 = VERTEX_POINT('',#8726);
#8726 = CARTESIAN_POINT('',(0.1,-12.85,-3.1));
#8727 = LINE('',#8728,#8729);
#8728 = CARTESIAN_POINT('',(0.1,-12.55,-3.1));
#8729 = VECTOR('',#8730,1.);
#8730 = DIRECTION('',(-1.110223024625E-16,-1.,0.));
#8731 = ORIENTED_EDGE('',*,*,#8732,.T.);
#8732 = EDGE_CURVE('',#8725,#8700,#8733,.T.);
#8733 = LINE('',#8734,#8735);
#8734 = CARTESIAN_POINT('',(0.1,-12.85,-3.1));
#8735 = VECTOR('',#8736,1.);
#8736 = DIRECTION('',(-2.692686352073E-17,-0.242535625036,0.970142500145
    ));
#8737 = PLANE('',#8738);
#8738 = AXIS2_PLACEMENT_3D('',#8739,#8740,#8741);
#8739 = CARTESIAN_POINT('',(0.1,-12.7,3.911477598424));
#8740 = DIRECTION('',(-1.,1.110223024625E-16,0.));
#8741 = DIRECTION('',(0.,0.,1.));
#8742 = ADVANCED_FACE('',(#8743),#8754,.T.);
#8743 = FACE_BOUND('',#8744,.T.);
#8744 = EDGE_LOOP('',(#8745,#8751,#8752,#8753));
#8745 = ORIENTED_EDGE('',*,*,#8746,.F.);
#8746 = EDGE_CURVE('',#7475,#7499,#8747,.T.);
#8747 = LINE('',#8748,#8749);
#8748 = CARTESIAN_POINT('',(-0.1,-12.4,0.2));
#8749 = VECTOR('',#8750,1.);
#8750 = DIRECTION('',(1.,-1.110223024625E-16,0.));
#8751 = ORIENTED_EDGE('',*,*,#7482,.T.);
#8752 = ORIENTED_EDGE('',*,*,#7490,.T.);
#8753 = ORIENTED_EDGE('',*,*,#7498,.T.);
#8754 = PLANE('',#8755);
#8755 = AXIS2_PLACEMENT_3D('',#8756,#8757,#8758);
#8756 = CARTESIAN_POINT('',(-0.1,-13.,0.2));
#8757 = DIRECTION('',(0.,-0.,-1.));
#8758 = DIRECTION('',(-1.110223024625E-16,-1.,0.));
#8759 = ADVANCED_FACE('',(#8760),#8801,.T.);
#8760 = FACE_BOUND('',#8761,.T.);
#8761 = EDGE_LOOP('',(#8762,#8770,#8771,#8779,#8787,#8795));
#8762 = ORIENTED_EDGE('',*,*,#8763,.T.);
#8763 = EDGE_CURVE('',#8764,#7467,#8766,.T.);
#8764 = VERTEX_POINT('',#8765);
#8765 = CARTESIAN_POINT('',(-0.1,-13.,-2.5));
#8766 = LINE('',#8767,#8768);
#8767 = CARTESIAN_POINT('',(-0.1,-13.,-2.5));
#8768 = VECTOR('',#8769,1.);
#8769 = DIRECTION('',(0.,0.,1.));
#8770 = ORIENTED_EDGE('',*,*,#7474,.F.);
#8771 = ORIENTED_EDGE('',*,*,#8772,.T.);
#8772 = EDGE_CURVE('',#7475,#8773,#8775,.T.);
#8773 = VERTEX_POINT('',#8774);
#8774 = CARTESIAN_POINT('',(-0.1,-12.4,-2.5));
#8775 = LINE('',#8776,#8777);
#8776 = CARTESIAN_POINT('',(-0.1,-12.4,0.2));
#8777 = VECTOR('',#8778,1.);
#8778 = DIRECTION('',(0.,0.,-1.));
#8779 = ORIENTED_EDGE('',*,*,#8780,.T.);
#8780 = EDGE_CURVE('',#8773,#8781,#8783,.T.);
#8781 = VERTEX_POINT('',#8782);
#8782 = CARTESIAN_POINT('',(-0.1,-12.55,-3.1));
#8783 = LINE('',#8784,#8785);
#8784 = CARTESIAN_POINT('',(-0.1,-12.4,-2.5));
#8785 = VECTOR('',#8786,1.);
#8786 = DIRECTION('',(-2.692686352073E-17,-0.242535625036,
    -0.970142500145));
#8787 = ORIENTED_EDGE('',*,*,#8788,.F.);
#8788 = EDGE_CURVE('',#8789,#8781,#8791,.T.);
#8789 = VERTEX_POINT('',#8790);
#8790 = CARTESIAN_POINT('',(-0.1,-12.85,-3.1));
#8791 = LINE('',#8792,#8793);
#8792 = CARTESIAN_POINT('',(-0.1,-12.85,-3.1));
#8793 = VECTOR('',#8794,1.);
#8794 = DIRECTION('',(1.110223024625E-16,1.,0.));
#8795 = ORIENTED_EDGE('',*,*,#8796,.T.);
#8796 = EDGE_CURVE('',#8789,#8764,#8797,.T.);
#8797 = LINE('',#8798,#8799);
#8798 = CARTESIAN_POINT('',(-0.1,-12.85,-3.1));
#8799 = VECTOR('',#8800,1.);
#8800 = DIRECTION('',(-2.692686352073E-17,-0.242535625036,0.970142500145
    ));
#8801 = PLANE('',#8802);
#8802 = AXIS2_PLACEMENT_3D('',#8803,#8804,#8805);
#8803 = CARTESIAN_POINT('',(-0.1,-12.7,3.911477598424));
#8804 = DIRECTION('',(-1.,1.110223024625E-16,0.));
#8805 = DIRECTION('',(0.,0.,1.));
#8806 = ADVANCED_FACE('',(#8807),#8818,.T.);
#8807 = FACE_BOUND('',#8808,.T.);
#8808 = EDGE_LOOP('',(#8809,#8810,#8811,#8817));
#8809 = ORIENTED_EDGE('',*,*,#7522,.F.);
#8810 = ORIENTED_EDGE('',*,*,#7532,.T.);
#8811 = ORIENTED_EDGE('',*,*,#8812,.T.);
#8812 = EDGE_CURVE('',#7533,#7573,#8813,.T.);
#8813 = LINE('',#8814,#8815);
#8814 = CARTESIAN_POINT('',(-0.1,-10.46,0.2));
#8815 = VECTOR('',#8816,1.);
#8816 = DIRECTION('',(1.,-1.110223024625E-16,0.));
#8817 = ORIENTED_EDGE('',*,*,#7580,.T.);
#8818 = PLANE('',#8819);
#8819 = AXIS2_PLACEMENT_3D('',#8820,#8821,#8822);
#8820 = CARTESIAN_POINT('',(-0.1,-10.46,0.2));
#8821 = DIRECTION('',(0.,-0.,-1.));
#8822 = DIRECTION('',(-1.110223024625E-16,-1.,0.));
#8823 = ADVANCED_FACE('',(#8824),#8865,.F.);
#8824 = FACE_BOUND('',#8825,.F.);
#8825 = EDGE_LOOP('',(#8826,#8834,#8835,#8843,#8851,#8859));
#8826 = ORIENTED_EDGE('',*,*,#8827,.T.);
#8827 = EDGE_CURVE('',#8828,#7573,#8830,.T.);
#8828 = VERTEX_POINT('',#8829);
#8829 = CARTESIAN_POINT('',(0.1,-10.46,-2.5));
#8830 = LINE('',#8831,#8832);
#8831 = CARTESIAN_POINT('',(0.1,-10.46,-2.5));
#8832 = VECTOR('',#8833,1.);
#8833 = DIRECTION('',(0.,0.,1.));
#8834 = ORIENTED_EDGE('',*,*,#7572,.F.);
#8835 = ORIENTED_EDGE('',*,*,#8836,.T.);
#8836 = EDGE_CURVE('',#7565,#8837,#8839,.T.);
#8837 = VERTEX_POINT('',#8838);
#8838 = CARTESIAN_POINT('',(0.1,-9.86,-2.5));
#8839 = LINE('',#8840,#8841);
#8840 = CARTESIAN_POINT('',(0.1,-9.86,0.2));
#8841 = VECTOR('',#8842,1.);
#8842 = DIRECTION('',(0.,0.,-1.));
#8843 = ORIENTED_EDGE('',*,*,#8844,.T.);
#8844 = EDGE_CURVE('',#8837,#8845,#8847,.T.);
#8845 = VERTEX_POINT('',#8846);
#8846 = CARTESIAN_POINT('',(0.1,-10.01,-3.1));
#8847 = LINE('',#8848,#8849);
#8848 = CARTESIAN_POINT('',(0.1,-9.86,-2.5));
#8849 = VECTOR('',#8850,1.);
#8850 = DIRECTION('',(-2.692686352073E-17,-0.242535625036,
    -0.970142500145));
#8851 = ORIENTED_EDGE('',*,*,#8852,.T.);
#8852 = EDGE_CURVE('',#8845,#8853,#8855,.T.);
#8853 = VERTEX_POINT('',#8854);
#8854 = CARTESIAN_POINT('',(0.1,-10.31,-3.1));
#8855 = LINE('',#8856,#8857);
#8856 = CARTESIAN_POINT('',(0.1,-10.01,-3.1));
#8857 = VECTOR('',#8858,1.);
#8858 = DIRECTION('',(-1.110223024625E-16,-1.,0.));
#8859 = ORIENTED_EDGE('',*,*,#8860,.T.);
#8860 = EDGE_CURVE('',#8853,#8828,#8861,.T.);
#8861 = LINE('',#8862,#8863);
#8862 = CARTESIAN_POINT('',(0.1,-10.31,-3.1));
#8863 = VECTOR('',#8864,1.);
#8864 = DIRECTION('',(-2.692686352073E-17,-0.242535625036,0.970142500145
    ));
#8865 = PLANE('',#8866);
#8866 = AXIS2_PLACEMENT_3D('',#8867,#8868,#8869);
#8867 = CARTESIAN_POINT('',(0.1,-10.16,3.911477598424));
#8868 = DIRECTION('',(-1.,1.110223024625E-16,0.));
#8869 = DIRECTION('',(0.,0.,1.));
#8870 = ADVANCED_FACE('',(#8871),#8882,.T.);
#8871 = FACE_BOUND('',#8872,.T.);
#8872 = EDGE_LOOP('',(#8873,#8879,#8880,#8881));
#8873 = ORIENTED_EDGE('',*,*,#8874,.F.);
#8874 = EDGE_CURVE('',#7541,#7565,#8875,.T.);
#8875 = LINE('',#8876,#8877);
#8876 = CARTESIAN_POINT('',(-0.1,-9.86,0.2));
#8877 = VECTOR('',#8878,1.);
#8878 = DIRECTION('',(1.,-1.110223024625E-16,0.));
#8879 = ORIENTED_EDGE('',*,*,#7548,.T.);
#8880 = ORIENTED_EDGE('',*,*,#7556,.T.);
#8881 = ORIENTED_EDGE('',*,*,#7564,.T.);
#8882 = PLANE('',#8883);
#8883 = AXIS2_PLACEMENT_3D('',#8884,#8885,#8886);
#8884 = CARTESIAN_POINT('',(-0.1,-10.46,0.2));
#8885 = DIRECTION('',(0.,-0.,-1.));
#8886 = DIRECTION('',(-1.110223024625E-16,-1.,0.));
#8887 = ADVANCED_FACE('',(#8888),#8929,.T.);
#8888 = FACE_BOUND('',#8889,.T.);
#8889 = EDGE_LOOP('',(#8890,#8898,#8899,#8907,#8915,#8923));
#8890 = ORIENTED_EDGE('',*,*,#8891,.T.);
#8891 = EDGE_CURVE('',#8892,#7533,#8894,.T.);
#8892 = VERTEX_POINT('',#8893);
#8893 = CARTESIAN_POINT('',(-0.1,-10.46,-2.5));
#8894 = LINE('',#8895,#8896);
#8895 = CARTESIAN_POINT('',(-0.1,-10.46,-2.5));
#8896 = VECTOR('',#8897,1.);
#8897 = DIRECTION('',(0.,0.,1.));
#8898 = ORIENTED_EDGE('',*,*,#7540,.F.);
#8899 = ORIENTED_EDGE('',*,*,#8900,.T.);
#8900 = EDGE_CURVE('',#7541,#8901,#8903,.T.);
#8901 = VERTEX_POINT('',#8902);
#8902 = CARTESIAN_POINT('',(-0.1,-9.86,-2.5));
#8903 = LINE('',#8904,#8905);
#8904 = CARTESIAN_POINT('',(-0.1,-9.86,0.2));
#8905 = VECTOR('',#8906,1.);
#8906 = DIRECTION('',(0.,0.,-1.));
#8907 = ORIENTED_EDGE('',*,*,#8908,.T.);
#8908 = EDGE_CURVE('',#8901,#8909,#8911,.T.);
#8909 = VERTEX_POINT('',#8910);
#8910 = CARTESIAN_POINT('',(-0.1,-10.01,-3.1));
#8911 = LINE('',#8912,#8913);
#8912 = CARTESIAN_POINT('',(-0.1,-9.86,-2.5));
#8913 = VECTOR('',#8914,1.);
#8914 = DIRECTION('',(-2.692686352073E-17,-0.242535625036,
    -0.970142500145));
#8915 = ORIENTED_EDGE('',*,*,#8916,.F.);
#8916 = EDGE_CURVE('',#8917,#8909,#8919,.T.);
#8917 = VERTEX_POINT('',#8918);
#8918 = CARTESIAN_POINT('',(-0.1,-10.31,-3.1));
#8919 = LINE('',#8920,#8921);
#8920 = CARTESIAN_POINT('',(-0.1,-10.31,-3.1));
#8921 = VECTOR('',#8922,1.);
#8922 = DIRECTION('',(1.110223024625E-16,1.,0.));
#8923 = ORIENTED_EDGE('',*,*,#8924,.T.);
#8924 = EDGE_CURVE('',#8917,#8892,#8925,.T.);
#8925 = LINE('',#8926,#8927);
#8926 = CARTESIAN_POINT('',(-0.1,-10.31,-3.1));
#8927 = VECTOR('',#8928,1.);
#8928 = DIRECTION('',(-2.692686352073E-17,-0.242535625036,0.970142500145
    ));
#8929 = PLANE('',#8930);
#8930 = AXIS2_PLACEMENT_3D('',#8931,#8932,#8933);
#8931 = CARTESIAN_POINT('',(-0.1,-10.16,3.911477598424));
#8932 = DIRECTION('',(-1.,1.110223024625E-16,0.));
#8933 = DIRECTION('',(0.,0.,1.));
#8934 = ADVANCED_FACE('',(#8935),#8946,.T.);
#8935 = FACE_BOUND('',#8936,.T.);
#8936 = EDGE_LOOP('',(#8937,#8938,#8939,#8945));
#8937 = ORIENTED_EDGE('',*,*,#7588,.F.);
#8938 = ORIENTED_EDGE('',*,*,#7598,.T.);
#8939 = ORIENTED_EDGE('',*,*,#8940,.T.);
#8940 = EDGE_CURVE('',#7599,#7639,#8941,.T.);
#8941 = LINE('',#8942,#8943);
#8942 = CARTESIAN_POINT('',(-0.1,-7.92,0.2));
#8943 = VECTOR('',#8944,1.);
#8944 = DIRECTION('',(1.,-1.110223024625E-16,0.));
#8945 = ORIENTED_EDGE('',*,*,#7646,.T.);
#8946 = PLANE('',#8947);
#8947 = AXIS2_PLACEMENT_3D('',#8948,#8949,#8950);
#8948 = CARTESIAN_POINT('',(-0.1,-7.92,0.2));
#8949 = DIRECTION('',(0.,-0.,-1.));
#8950 = DIRECTION('',(-1.110223024625E-16,-1.,0.));
#8951 = ADVANCED_FACE('',(#8952),#8993,.F.);
#8952 = FACE_BOUND('',#8953,.F.);
#8953 = EDGE_LOOP('',(#8954,#8962,#8963,#8971,#8979,#8987));
#8954 = ORIENTED_EDGE('',*,*,#8955,.T.);
#8955 = EDGE_CURVE('',#8956,#7639,#8958,.T.);
#8956 = VERTEX_POINT('',#8957);
#8957 = CARTESIAN_POINT('',(0.1,-7.92,-2.5));
#8958 = LINE('',#8959,#8960);
#8959 = CARTESIAN_POINT('',(0.1,-7.92,-2.5));
#8960 = VECTOR('',#8961,1.);
#8961 = DIRECTION('',(0.,0.,1.));
#8962 = ORIENTED_EDGE('',*,*,#7638,.F.);
#8963 = ORIENTED_EDGE('',*,*,#8964,.T.);
#8964 = EDGE_CURVE('',#7631,#8965,#8967,.T.);
#8965 = VERTEX_POINT('',#8966);
#8966 = CARTESIAN_POINT('',(0.1,-7.32,-2.5));
#8967 = LINE('',#8968,#8969);
#8968 = CARTESIAN_POINT('',(0.1,-7.32,0.2));
#8969 = VECTOR('',#8970,1.);
#8970 = DIRECTION('',(0.,0.,-1.));
#8971 = ORIENTED_EDGE('',*,*,#8972,.T.);
#8972 = EDGE_CURVE('',#8965,#8973,#8975,.T.);
#8973 = VERTEX_POINT('',#8974);
#8974 = CARTESIAN_POINT('',(0.1,-7.47,-3.1));
#8975 = LINE('',#8976,#8977);
#8976 = CARTESIAN_POINT('',(0.1,-7.32,-2.5));
#8977 = VECTOR('',#8978,1.);
#8978 = DIRECTION('',(-2.692686352073E-17,-0.242535625036,
    -0.970142500145));
#8979 = ORIENTED_EDGE('',*,*,#8980,.T.);
#8980 = EDGE_CURVE('',#8973,#8981,#8983,.T.);
#8981 = VERTEX_POINT('',#8982);
#8982 = CARTESIAN_POINT('',(0.1,-7.77,-3.1));
#8983 = LINE('',#8984,#8985);
#8984 = CARTESIAN_POINT('',(0.1,-7.47,-3.1));
#8985 = VECTOR('',#8986,1.);
#8986 = DIRECTION('',(-1.110223024625E-16,-1.,0.));
#8987 = ORIENTED_EDGE('',*,*,#8988,.T.);
#8988 = EDGE_CURVE('',#8981,#8956,#8989,.T.);
#8989 = LINE('',#8990,#8991);
#8990 = CARTESIAN_POINT('',(0.1,-7.77,-3.1));
#8991 = VECTOR('',#8992,1.);
#8992 = DIRECTION('',(-2.692686352073E-17,-0.242535625036,0.970142500145
    ));
#8993 = PLANE('',#8994);
#8994 = AXIS2_PLACEMENT_3D('',#8995,#8996,#8997);
#8995 = CARTESIAN_POINT('',(0.1,-7.62,3.911477598424));
#8996 = DIRECTION('',(-1.,1.110223024625E-16,0.));
#8997 = DIRECTION('',(0.,0.,1.));
#8998 = ADVANCED_FACE('',(#8999),#9010,.T.);
#8999 = FACE_BOUND('',#9000,.T.);
#9000 = EDGE_LOOP('',(#9001,#9007,#9008,#9009));
#9001 = ORIENTED_EDGE('',*,*,#9002,.F.);
#9002 = EDGE_CURVE('',#7607,#7631,#9003,.T.);
#9003 = LINE('',#9004,#9005);
#9004 = CARTESIAN_POINT('',(-0.1,-7.32,0.2));
#9005 = VECTOR('',#9006,1.);
#9006 = DIRECTION('',(1.,-1.110223024625E-16,0.));
#9007 = ORIENTED_EDGE('',*,*,#7614,.T.);
#9008 = ORIENTED_EDGE('',*,*,#7622,.T.);
#9009 = ORIENTED_EDGE('',*,*,#7630,.T.);
#9010 = PLANE('',#9011);
#9011 = AXIS2_PLACEMENT_3D('',#9012,#9013,#9014);
#9012 = CARTESIAN_POINT('',(-0.1,-7.92,0.2));
#9013 = DIRECTION('',(0.,-0.,-1.));
#9014 = DIRECTION('',(-1.110223024625E-16,-1.,0.));
#9015 = ADVANCED_FACE('',(#9016),#9057,.T.);
#9016 = FACE_BOUND('',#9017,.T.);
#9017 = EDGE_LOOP('',(#9018,#9026,#9027,#9035,#9043,#9051));
#9018 = ORIENTED_EDGE('',*,*,#9019,.T.);
#9019 = EDGE_CURVE('',#9020,#7599,#9022,.T.);
#9020 = VERTEX_POINT('',#9021);
#9021 = CARTESIAN_POINT('',(-0.1,-7.92,-2.5));
#9022 = LINE('',#9023,#9024);
#9023 = CARTESIAN_POINT('',(-0.1,-7.92,-2.5));
#9024 = VECTOR('',#9025,1.);
#9025 = DIRECTION('',(0.,0.,1.));
#9026 = ORIENTED_EDGE('',*,*,#7606,.F.);
#9027 = ORIENTED_EDGE('',*,*,#9028,.T.);
#9028 = EDGE_CURVE('',#7607,#9029,#9031,.T.);
#9029 = VERTEX_POINT('',#9030);
#9030 = CARTESIAN_POINT('',(-0.1,-7.32,-2.5));
#9031 = LINE('',#9032,#9033);
#9032 = CARTESIAN_POINT('',(-0.1,-7.32,0.2));
#9033 = VECTOR('',#9034,1.);
#9034 = DIRECTION('',(0.,0.,-1.));
#9035 = ORIENTED_EDGE('',*,*,#9036,.T.);
#9036 = EDGE_CURVE('',#9029,#9037,#9039,.T.);
#9037 = VERTEX_POINT('',#9038);
#9038 = CARTESIAN_POINT('',(-0.1,-7.47,-3.1));
#9039 = LINE('',#9040,#9041);
#9040 = CARTESIAN_POINT('',(-0.1,-7.32,-2.5));
#9041 = VECTOR('',#9042,1.);
#9042 = DIRECTION('',(-2.692686352073E-17,-0.242535625036,
    -0.970142500145));
#9043 = ORIENTED_EDGE('',*,*,#9044,.F.);
#9044 = EDGE_CURVE('',#9045,#9037,#9047,.T.);
#9045 = VERTEX_POINT('',#9046);
#9046 = CARTESIAN_POINT('',(-0.1,-7.77,-3.1));
#9047 = LINE('',#9048,#9049);
#9048 = CARTESIAN_POINT('',(-0.1,-7.77,-3.1));
#9049 = VECTOR('',#9050,1.);
#9050 = DIRECTION('',(1.110223024625E-16,1.,0.));
#9051 = ORIENTED_EDGE('',*,*,#9052,.T.);
#9052 = EDGE_CURVE('',#9045,#9020,#9053,.T.);
#9053 = LINE('',#9054,#9055);
#9054 = CARTESIAN_POINT('',(-0.1,-7.77,-3.1));
#9055 = VECTOR('',#9056,1.);
#9056 = DIRECTION('',(-2.692686352073E-17,-0.242535625036,0.970142500145
    ));
#9057 = PLANE('',#9058);
#9058 = AXIS2_PLACEMENT_3D('',#9059,#9060,#9061);
#9059 = CARTESIAN_POINT('',(-0.1,-7.62,3.911477598424));
#9060 = DIRECTION('',(-1.,1.110223024625E-16,0.));
#9061 = DIRECTION('',(0.,0.,1.));
#9062 = ADVANCED_FACE('',(#9063),#9074,.T.);
#9063 = FACE_BOUND('',#9064,.T.);
#9064 = EDGE_LOOP('',(#9065,#9066,#9067,#9073));
#9065 = ORIENTED_EDGE('',*,*,#7654,.F.);
#9066 = ORIENTED_EDGE('',*,*,#7664,.T.);
#9067 = ORIENTED_EDGE('',*,*,#9068,.T.);
#9068 = EDGE_CURVE('',#7665,#7705,#9069,.T.);
#9069 = LINE('',#9070,#9071);
#9070 = CARTESIAN_POINT('',(-0.1,-5.38,0.2));
#9071 = VECTOR('',#9072,1.);
#9072 = DIRECTION('',(1.,-1.110223024625E-16,0.));
#9073 = ORIENTED_EDGE('',*,*,#7712,.T.);
#9074 = PLANE('',#9075);
#9075 = AXIS2_PLACEMENT_3D('',#9076,#9077,#9078);
#9076 = CARTESIAN_POINT('',(-0.1,-5.38,0.2));
#9077 = DIRECTION('',(0.,-0.,-1.));
#9078 = DIRECTION('',(-1.110223024625E-16,-1.,0.));
#9079 = ADVANCED_FACE('',(#9080),#9121,.F.);
#9080 = FACE_BOUND('',#9081,.F.);
#9081 = EDGE_LOOP('',(#9082,#9090,#9091,#9099,#9107,#9115));
#9082 = ORIENTED_EDGE('',*,*,#9083,.T.);
#9083 = EDGE_CURVE('',#9084,#7705,#9086,.T.);
#9084 = VERTEX_POINT('',#9085);
#9085 = CARTESIAN_POINT('',(0.1,-5.38,-2.5));
#9086 = LINE('',#9087,#9088);
#9087 = CARTESIAN_POINT('',(0.1,-5.38,-2.5));
#9088 = VECTOR('',#9089,1.);
#9089 = DIRECTION('',(0.,0.,1.));
#9090 = ORIENTED_EDGE('',*,*,#7704,.F.);
#9091 = ORIENTED_EDGE('',*,*,#9092,.T.);
#9092 = EDGE_CURVE('',#7697,#9093,#9095,.T.);
#9093 = VERTEX_POINT('',#9094);
#9094 = CARTESIAN_POINT('',(0.1,-4.78,-2.5));
#9095 = LINE('',#9096,#9097);
#9096 = CARTESIAN_POINT('',(0.1,-4.78,0.2));
#9097 = VECTOR('',#9098,1.);
#9098 = DIRECTION('',(0.,0.,-1.));
#9099 = ORIENTED_EDGE('',*,*,#9100,.T.);
#9100 = EDGE_CURVE('',#9093,#9101,#9103,.T.);
#9101 = VERTEX_POINT('',#9102);
#9102 = CARTESIAN_POINT('',(0.1,-4.93,-3.1));
#9103 = LINE('',#9104,#9105);
#9104 = CARTESIAN_POINT('',(0.1,-4.78,-2.5));
#9105 = VECTOR('',#9106,1.);
#9106 = DIRECTION('',(-2.692686352073E-17,-0.242535625036,
    -0.970142500145));
#9107 = ORIENTED_EDGE('',*,*,#9108,.T.);
#9108 = EDGE_CURVE('',#9101,#9109,#9111,.T.);
#9109 = VERTEX_POINT('',#9110);
#9110 = CARTESIAN_POINT('',(0.1,-5.23,-3.1));
#9111 = LINE('',#9112,#9113);
#9112 = CARTESIAN_POINT('',(0.1,-4.93,-3.1));
#9113 = VECTOR('',#9114,1.);
#9114 = DIRECTION('',(-1.110223024625E-16,-1.,0.));
#9115 = ORIENTED_EDGE('',*,*,#9116,.T.);
#9116 = EDGE_CURVE('',#9109,#9084,#9117,.T.);
#9117 = LINE('',#9118,#9119);
#9118 = CARTESIAN_POINT('',(0.1,-5.23,-3.1));
#9119 = VECTOR('',#9120,1.);
#9120 = DIRECTION('',(-2.692686352073E-17,-0.242535625036,0.970142500145
    ));
#9121 = PLANE('',#9122);
#9122 = AXIS2_PLACEMENT_3D('',#9123,#9124,#9125);
#9123 = CARTESIAN_POINT('',(0.1,-5.08,3.911477598424));
#9124 = DIRECTION('',(-1.,1.110223024625E-16,0.));
#9125 = DIRECTION('',(0.,0.,1.));
#9126 = ADVANCED_FACE('',(#9127),#9138,.T.);
#9127 = FACE_BOUND('',#9128,.T.);
#9128 = EDGE_LOOP('',(#9129,#9135,#9136,#9137));
#9129 = ORIENTED_EDGE('',*,*,#9130,.F.);
#9130 = EDGE_CURVE('',#7673,#7697,#9131,.T.);
#9131 = LINE('',#9132,#9133);
#9132 = CARTESIAN_POINT('',(-0.1,-4.78,0.2));
#9133 = VECTOR('',#9134,1.);
#9134 = DIRECTION('',(1.,-1.110223024625E-16,0.));
#9135 = ORIENTED_EDGE('',*,*,#7680,.T.);
#9136 = ORIENTED_EDGE('',*,*,#7688,.T.);
#9137 = ORIENTED_EDGE('',*,*,#7696,.T.);
#9138 = PLANE('',#9139);
#9139 = AXIS2_PLACEMENT_3D('',#9140,#9141,#9142);
#9140 = CARTESIAN_POINT('',(-0.1,-5.38,0.2));
#9141 = DIRECTION('',(0.,-0.,-1.));
#9142 = DIRECTION('',(-1.110223024625E-16,-1.,0.));
#9143 = ADVANCED_FACE('',(#9144),#9185,.T.);
#9144 = FACE_BOUND('',#9145,.T.);
#9145 = EDGE_LOOP('',(#9146,#9154,#9155,#9163,#9171,#9179));
#9146 = ORIENTED_EDGE('',*,*,#9147,.T.);
#9147 = EDGE_CURVE('',#9148,#7665,#9150,.T.);
#9148 = VERTEX_POINT('',#9149);
#9149 = CARTESIAN_POINT('',(-0.1,-5.38,-2.5));
#9150 = LINE('',#9151,#9152);
#9151 = CARTESIAN_POINT('',(-0.1,-5.38,-2.5));
#9152 = VECTOR('',#9153,1.);
#9153 = DIRECTION('',(0.,0.,1.));
#9154 = ORIENTED_EDGE('',*,*,#7672,.F.);
#9155 = ORIENTED_EDGE('',*,*,#9156,.T.);
#9156 = EDGE_CURVE('',#7673,#9157,#9159,.T.);
#9157 = VERTEX_POINT('',#9158);
#9158 = CARTESIAN_POINT('',(-0.1,-4.78,-2.5));
#9159 = LINE('',#9160,#9161);
#9160 = CARTESIAN_POINT('',(-0.1,-4.78,0.2));
#9161 = VECTOR('',#9162,1.);
#9162 = DIRECTION('',(0.,0.,-1.));
#9163 = ORIENTED_EDGE('',*,*,#9164,.T.);
#9164 = EDGE_CURVE('',#9157,#9165,#9167,.T.);
#9165 = VERTEX_POINT('',#9166);
#9166 = CARTESIAN_POINT('',(-0.1,-4.93,-3.1));
#9167 = LINE('',#9168,#9169);
#9168 = CARTESIAN_POINT('',(-0.1,-4.78,-2.5));
#9169 = VECTOR('',#9170,1.);
#9170 = DIRECTION('',(-2.692686352073E-17,-0.242535625036,
    -0.970142500145));
#9171 = ORIENTED_EDGE('',*,*,#9172,.F.);
#9172 = EDGE_CURVE('',#9173,#9165,#9175,.T.);
#9173 = VERTEX_POINT('',#9174);
#9174 = CARTESIAN_POINT('',(-0.1,-5.23,-3.1));
#9175 = LINE('',#9176,#9177);
#9176 = CARTESIAN_POINT('',(-0.1,-5.23,-3.1));
#9177 = VECTOR('',#9178,1.);
#9178 = DIRECTION('',(1.110223024625E-16,1.,0.));
#9179 = ORIENTED_EDGE('',*,*,#9180,.T.);
#9180 = EDGE_CURVE('',#9173,#9148,#9181,.T.);
#9181 = LINE('',#9182,#9183);
#9182 = CARTESIAN_POINT('',(-0.1,-5.23,-3.1));
#9183 = VECTOR('',#9184,1.);
#9184 = DIRECTION('',(-2.692686352073E-17,-0.242535625036,0.970142500145
    ));
#9185 = PLANE('',#9186);
#9186 = AXIS2_PLACEMENT_3D('',#9187,#9188,#9189);
#9187 = CARTESIAN_POINT('',(-0.1,-5.08,3.911477598424));
#9188 = DIRECTION('',(-1.,1.110223024625E-16,0.));
#9189 = DIRECTION('',(0.,0.,1.));
#9190 = ADVANCED_FACE('',(#9191),#9202,.T.);
#9191 = FACE_BOUND('',#9192,.T.);
#9192 = EDGE_LOOP('',(#9193,#9194,#9195,#9201));
#9193 = ORIENTED_EDGE('',*,*,#7720,.F.);
#9194 = ORIENTED_EDGE('',*,*,#7730,.T.);
#9195 = ORIENTED_EDGE('',*,*,#9196,.T.);
#9196 = EDGE_CURVE('',#7731,#7771,#9197,.T.);
#9197 = LINE('',#9198,#9199);
#9198 = CARTESIAN_POINT('',(-0.1,-2.84,0.2));
#9199 = VECTOR('',#9200,1.);
#9200 = DIRECTION('',(1.,-1.110223024625E-16,0.));
#9201 = ORIENTED_EDGE('',*,*,#7778,.T.);
#9202 = PLANE('',#9203);
#9203 = AXIS2_PLACEMENT_3D('',#9204,#9205,#9206);
#9204 = CARTESIAN_POINT('',(-0.1,-2.84,0.2));
#9205 = DIRECTION('',(0.,-0.,-1.));
#9206 = DIRECTION('',(-1.110223024625E-16,-1.,0.));
#9207 = ADVANCED_FACE('',(#9208),#9249,.F.);
#9208 = FACE_BOUND('',#9209,.F.);
#9209 = EDGE_LOOP('',(#9210,#9218,#9219,#9227,#9235,#9243));
#9210 = ORIENTED_EDGE('',*,*,#9211,.T.);
#9211 = EDGE_CURVE('',#9212,#7771,#9214,.T.);
#9212 = VERTEX_POINT('',#9213);
#9213 = CARTESIAN_POINT('',(0.1,-2.84,-2.5));
#9214 = LINE('',#9215,#9216);
#9215 = CARTESIAN_POINT('',(0.1,-2.84,-2.5));
#9216 = VECTOR('',#9217,1.);
#9217 = DIRECTION('',(0.,0.,1.));
#9218 = ORIENTED_EDGE('',*,*,#7770,.F.);
#9219 = ORIENTED_EDGE('',*,*,#9220,.T.);
#9220 = EDGE_CURVE('',#7763,#9221,#9223,.T.);
#9221 = VERTEX_POINT('',#9222);
#9222 = CARTESIAN_POINT('',(0.1,-2.24,-2.5));
#9223 = LINE('',#9224,#9225);
#9224 = CARTESIAN_POINT('',(0.1,-2.24,0.2));
#9225 = VECTOR('',#9226,1.);
#9226 = DIRECTION('',(0.,0.,-1.));
#9227 = ORIENTED_EDGE('',*,*,#9228,.T.);
#9228 = EDGE_CURVE('',#9221,#9229,#9231,.T.);
#9229 = VERTEX_POINT('',#9230);
#9230 = CARTESIAN_POINT('',(0.1,-2.39,-3.1));
#9231 = LINE('',#9232,#9233);
#9232 = CARTESIAN_POINT('',(0.1,-2.24,-2.5));
#9233 = VECTOR('',#9234,1.);
#9234 = DIRECTION('',(-2.692686352073E-17,-0.242535625036,
    -0.970142500145));
#9235 = ORIENTED_EDGE('',*,*,#9236,.T.);
#9236 = EDGE_CURVE('',#9229,#9237,#9239,.T.);
#9237 = VERTEX_POINT('',#9238);
#9238 = CARTESIAN_POINT('',(0.1,-2.69,-3.1));
#9239 = LINE('',#9240,#9241);
#9240 = CARTESIAN_POINT('',(0.1,-2.39,-3.1));
#9241 = VECTOR('',#9242,1.);
#9242 = DIRECTION('',(-1.110223024625E-16,-1.,0.));
#9243 = ORIENTED_EDGE('',*,*,#9244,.T.);
#9244 = EDGE_CURVE('',#9237,#9212,#9245,.T.);
#9245 = LINE('',#9246,#9247);
#9246 = CARTESIAN_POINT('',(0.1,-2.69,-3.1));
#9247 = VECTOR('',#9248,1.);
#9248 = DIRECTION('',(-2.692686352073E-17,-0.242535625036,0.970142500145
    ));
#9249 = PLANE('',#9250);
#9250 = AXIS2_PLACEMENT_3D('',#9251,#9252,#9253);
#9251 = CARTESIAN_POINT('',(0.1,-2.54,3.911477598424));
#9252 = DIRECTION('',(-1.,1.110223024625E-16,0.));
#9253 = DIRECTION('',(0.,0.,1.));
#9254 = ADVANCED_FACE('',(#9255),#9266,.T.);
#9255 = FACE_BOUND('',#9256,.T.);
#9256 = EDGE_LOOP('',(#9257,#9263,#9264,#9265));
#9257 = ORIENTED_EDGE('',*,*,#9258,.F.);
#9258 = EDGE_CURVE('',#7739,#7763,#9259,.T.);
#9259 = LINE('',#9260,#9261);
#9260 = CARTESIAN_POINT('',(-0.1,-2.24,0.2));
#9261 = VECTOR('',#9262,1.);
#9262 = DIRECTION('',(1.,-1.110223024625E-16,0.));
#9263 = ORIENTED_EDGE('',*,*,#7746,.T.);
#9264 = ORIENTED_EDGE('',*,*,#7754,.T.);
#9265 = ORIENTED_EDGE('',*,*,#7762,.T.);
#9266 = PLANE('',#9267);
#9267 = AXIS2_PLACEMENT_3D('',#9268,#9269,#9270);
#9268 = CARTESIAN_POINT('',(-0.1,-2.84,0.2));
#9269 = DIRECTION('',(0.,-0.,-1.));
#9270 = DIRECTION('',(-1.110223024625E-16,-1.,0.));
#9271 = ADVANCED_FACE('',(#9272),#9313,.T.);
#9272 = FACE_BOUND('',#9273,.T.);
#9273 = EDGE_LOOP('',(#9274,#9282,#9283,#9291,#9299,#9307));
#9274 = ORIENTED_EDGE('',*,*,#9275,.T.);
#9275 = EDGE_CURVE('',#9276,#7731,#9278,.T.);
#9276 = VERTEX_POINT('',#9277);
#9277 = CARTESIAN_POINT('',(-0.1,-2.84,-2.5));
#9278 = LINE('',#9279,#9280);
#9279 = CARTESIAN_POINT('',(-0.1,-2.84,-2.5));
#9280 = VECTOR('',#9281,1.);
#9281 = DIRECTION('',(0.,0.,1.));
#9282 = ORIENTED_EDGE('',*,*,#7738,.F.);
#9283 = ORIENTED_EDGE('',*,*,#9284,.T.);
#9284 = EDGE_CURVE('',#7739,#9285,#9287,.T.);
#9285 = VERTEX_POINT('',#9286);
#9286 = CARTESIAN_POINT('',(-0.1,-2.24,-2.5));
#9287 = LINE('',#9288,#9289);
#9288 = CARTESIAN_POINT('',(-0.1,-2.24,0.2));
#9289 = VECTOR('',#9290,1.);
#9290 = DIRECTION('',(0.,0.,-1.));
#9291 = ORIENTED_EDGE('',*,*,#9292,.T.);
#9292 = EDGE_CURVE('',#9285,#9293,#9295,.T.);
#9293 = VERTEX_POINT('',#9294);
#9294 = CARTESIAN_POINT('',(-0.1,-2.39,-3.1));
#9295 = LINE('',#9296,#9297);
#9296 = CARTESIAN_POINT('',(-0.1,-2.24,-2.5));
#9297 = VECTOR('',#9298,1.);
#9298 = DIRECTION('',(-2.692686352073E-17,-0.242535625036,
    -0.970142500145));
#9299 = ORIENTED_EDGE('',*,*,#9300,.F.);
#9300 = EDGE_CURVE('',#9301,#9293,#9303,.T.);
#9301 = VERTEX_POINT('',#9302);
#9302 = CARTESIAN_POINT('',(-0.1,-2.69,-3.1));
#9303 = LINE('',#9304,#9305);
#9304 = CARTESIAN_POINT('',(-0.1,-2.69,-3.1));
#9305 = VECTOR('',#9306,1.);
#9306 = DIRECTION('',(1.110223024625E-16,1.,0.));
#9307 = ORIENTED_EDGE('',*,*,#9308,.T.);
#9308 = EDGE_CURVE('',#9301,#9276,#9309,.T.);
#9309 = LINE('',#9310,#9311);
#9310 = CARTESIAN_POINT('',(-0.1,-2.69,-3.1));
#9311 = VECTOR('',#9312,1.);
#9312 = DIRECTION('',(-2.692686352073E-17,-0.242535625036,0.970142500145
    ));
#9313 = PLANE('',#9314);
#9314 = AXIS2_PLACEMENT_3D('',#9315,#9316,#9317);
#9315 = CARTESIAN_POINT('',(-0.1,-2.54,3.911477598424));
#9316 = DIRECTION('',(-1.,1.110223024625E-16,0.));
#9317 = DIRECTION('',(0.,0.,1.));
#9318 = ADVANCED_FACE('',(#9319),#9330,.T.);
#9319 = FACE_BOUND('',#9320,.T.);
#9320 = EDGE_LOOP('',(#9321,#9322,#9323,#9329));
#9321 = ORIENTED_EDGE('',*,*,#7786,.F.);
#9322 = ORIENTED_EDGE('',*,*,#7796,.T.);
#9323 = ORIENTED_EDGE('',*,*,#9324,.T.);
#9324 = EDGE_CURVE('',#7797,#7837,#9325,.T.);
#9325 = LINE('',#9326,#9327);
#9326 = CARTESIAN_POINT('',(-0.1,-0.3,0.2));
#9327 = VECTOR('',#9328,1.);
#9328 = DIRECTION('',(1.,-1.110223024625E-16,0.));
#9329 = ORIENTED_EDGE('',*,*,#7844,.T.);
#9330 = PLANE('',#9331);
#9331 = AXIS2_PLACEMENT_3D('',#9332,#9333,#9334);
#9332 = CARTESIAN_POINT('',(-0.1,-0.3,0.2));
#9333 = DIRECTION('',(0.,-0.,-1.));
#9334 = DIRECTION('',(-1.110223024625E-16,-1.,0.));
#9335 = ADVANCED_FACE('',(#9336),#9377,.F.);
#9336 = FACE_BOUND('',#9337,.F.);
#9337 = EDGE_LOOP('',(#9338,#9346,#9347,#9355,#9363,#9371));
#9338 = ORIENTED_EDGE('',*,*,#9339,.T.);
#9339 = EDGE_CURVE('',#9340,#7837,#9342,.T.);
#9340 = VERTEX_POINT('',#9341);
#9341 = CARTESIAN_POINT('',(0.1,-0.3,-2.5));
#9342 = LINE('',#9343,#9344);
#9343 = CARTESIAN_POINT('',(0.1,-0.3,-2.5));
#9344 = VECTOR('',#9345,1.);
#9345 = DIRECTION('',(0.,0.,1.));
#9346 = ORIENTED_EDGE('',*,*,#7836,.F.);
#9347 = ORIENTED_EDGE('',*,*,#9348,.T.);
#9348 = EDGE_CURVE('',#7829,#9349,#9351,.T.);
#9349 = VERTEX_POINT('',#9350);
#9350 = CARTESIAN_POINT('',(0.1,0.3,-2.5));
#9351 = LINE('',#9352,#9353);
#9352 = CARTESIAN_POINT('',(0.1,0.3,0.2));
#9353 = VECTOR('',#9354,1.);
#9354 = DIRECTION('',(0.,0.,-1.));
#9355 = ORIENTED_EDGE('',*,*,#9356,.T.);
#9356 = EDGE_CURVE('',#9349,#9357,#9359,.T.);
#9357 = VERTEX_POINT('',#9358);
#9358 = CARTESIAN_POINT('',(0.1,0.15,-3.1));
#9359 = LINE('',#9360,#9361);
#9360 = CARTESIAN_POINT('',(0.1,0.3,-2.5));
#9361 = VECTOR('',#9362,1.);
#9362 = DIRECTION('',(-2.692686352073E-17,-0.242535625036,
    -0.970142500145));
#9363 = ORIENTED_EDGE('',*,*,#9364,.T.);
#9364 = EDGE_CURVE('',#9357,#9365,#9367,.T.);
#9365 = VERTEX_POINT('',#9366);
#9366 = CARTESIAN_POINT('',(0.1,-0.15,-3.1));
#9367 = LINE('',#9368,#9369);
#9368 = CARTESIAN_POINT('',(0.1,0.15,-3.1));
#9369 = VECTOR('',#9370,1.);
#9370 = DIRECTION('',(-1.110223024625E-16,-1.,0.));
#9371 = ORIENTED_EDGE('',*,*,#9372,.T.);
#9372 = EDGE_CURVE('',#9365,#9340,#9373,.T.);
#9373 = LINE('',#9374,#9375);
#9374 = CARTESIAN_POINT('',(0.1,-0.15,-3.1));
#9375 = VECTOR('',#9376,1.);
#9376 = DIRECTION('',(-2.692686352073E-17,-0.242535625036,0.970142500145
    ));
#9377 = PLANE('',#9378);
#9378 = AXIS2_PLACEMENT_3D('',#9379,#9380,#9381);
#9379 = CARTESIAN_POINT('',(0.1,-1.110223024625E-17,3.911477598424));
#9380 = DIRECTION('',(-1.,1.110223024625E-16,0.));
#9381 = DIRECTION('',(0.,0.,1.));
#9382 = ADVANCED_FACE('',(#9383),#9394,.T.);
#9383 = FACE_BOUND('',#9384,.T.);
#9384 = EDGE_LOOP('',(#9385,#9391,#9392,#9393));
#9385 = ORIENTED_EDGE('',*,*,#9386,.F.);
#9386 = EDGE_CURVE('',#7805,#7829,#9387,.T.);
#9387 = LINE('',#9388,#9389);
#9388 = CARTESIAN_POINT('',(-0.1,0.3,0.2));
#9389 = VECTOR('',#9390,1.);
#9390 = DIRECTION('',(1.,-1.110223024625E-16,0.));
#9391 = ORIENTED_EDGE('',*,*,#7812,.T.);
#9392 = ORIENTED_EDGE('',*,*,#7820,.T.);
#9393 = ORIENTED_EDGE('',*,*,#7828,.T.);
#9394 = PLANE('',#9395);
#9395 = AXIS2_PLACEMENT_3D('',#9396,#9397,#9398);
#9396 = CARTESIAN_POINT('',(-0.1,-0.3,0.2));
#9397 = DIRECTION('',(0.,-0.,-1.));
#9398 = DIRECTION('',(-1.110223024625E-16,-1.,0.));
#9399 = ADVANCED_FACE('',(#9400),#9441,.T.);
#9400 = FACE_BOUND('',#9401,.T.);
#9401 = EDGE_LOOP('',(#9402,#9410,#9411,#9419,#9427,#9435));
#9402 = ORIENTED_EDGE('',*,*,#9403,.T.);
#9403 = EDGE_CURVE('',#9404,#7797,#9406,.T.);
#9404 = VERTEX_POINT('',#9405);
#9405 = CARTESIAN_POINT('',(-0.1,-0.3,-2.5));
#9406 = LINE('',#9407,#9408);
#9407 = CARTESIAN_POINT('',(-0.1,-0.3,-2.5));
#9408 = VECTOR('',#9409,1.);
#9409 = DIRECTION('',(0.,0.,1.));
#9410 = ORIENTED_EDGE('',*,*,#7804,.F.);
#9411 = ORIENTED_EDGE('',*,*,#9412,.T.);
#9412 = EDGE_CURVE('',#7805,#9413,#9415,.T.);
#9413 = VERTEX_POINT('',#9414);
#9414 = CARTESIAN_POINT('',(-0.1,0.3,-2.5));
#9415 = LINE('',#9416,#9417);
#9416 = CARTESIAN_POINT('',(-0.1,0.3,0.2));
#9417 = VECTOR('',#9418,1.);
#9418 = DIRECTION('',(0.,0.,-1.));
#9419 = ORIENTED_EDGE('',*,*,#9420,.T.);
#9420 = EDGE_CURVE('',#9413,#9421,#9423,.T.);
#9421 = VERTEX_POINT('',#9422);
#9422 = CARTESIAN_POINT('',(-0.1,0.15,-3.1));
#9423 = LINE('',#9424,#9425);
#9424 = CARTESIAN_POINT('',(-0.1,0.3,-2.5));
#9425 = VECTOR('',#9426,1.);
#9426 = DIRECTION('',(-2.692686352073E-17,-0.242535625036,
    -0.970142500145));
#9427 = ORIENTED_EDGE('',*,*,#9428,.F.);
#9428 = EDGE_CURVE('',#9429,#9421,#9431,.T.);
#9429 = VERTEX_POINT('',#9430);
#9430 = CARTESIAN_POINT('',(-0.1,-0.15,-3.1));
#9431 = LINE('',#9432,#9433);
#9432 = CARTESIAN_POINT('',(-0.1,-0.15,-3.1));
#9433 = VECTOR('',#9434,1.);
#9434 = DIRECTION('',(1.110223024625E-16,1.,0.));
#9435 = ORIENTED_EDGE('',*,*,#9436,.T.);
#9436 = EDGE_CURVE('',#9429,#9404,#9437,.T.);
#9437 = LINE('',#9438,#9439);
#9438 = CARTESIAN_POINT('',(-0.1,-0.15,-3.1));
#9439 = VECTOR('',#9440,1.);
#9440 = DIRECTION('',(-2.692686352073E-17,-0.242535625036,0.970142500145
    ));
#9441 = PLANE('',#9442);
#9442 = AXIS2_PLACEMENT_3D('',#9443,#9444,#9445);
#9443 = CARTESIAN_POINT('',(-0.1,1.110223024625E-17,3.911477598424));
#9444 = DIRECTION('',(-1.,1.110223024625E-16,0.));
#9445 = DIRECTION('',(0.,0.,1.));
#9446 = ADVANCED_FACE('',(#9447),#9472,.F.);
#9447 = FACE_BOUND('',#9448,.F.);
#9448 = EDGE_LOOP('',(#9449,#9457,#9465,#9471));
#9449 = ORIENTED_EDGE('',*,*,#9450,.T.);
#9450 = EDGE_CURVE('',#7883,#9451,#9453,.T.);
#9451 = VERTEX_POINT('',#9452);
#9452 = CARTESIAN_POINT('',(0.3,-15.54,0.9));
#9453 = LINE('',#9454,#9455);
#9454 = CARTESIAN_POINT('',(0.3,-15.54,8.2));
#9455 = VECTOR('',#9456,1.);
#9456 = DIRECTION('',(0.,-0.,-1.));
#9457 = ORIENTED_EDGE('',*,*,#9458,.T.);
#9458 = EDGE_CURVE('',#9451,#9459,#9461,.T.);
#9459 = VERTEX_POINT('',#9460);
#9460 = CARTESIAN_POINT('',(0.3,-14.94,0.9));
#9461 = LINE('',#9462,#9463);
#9462 = CARTESIAN_POINT('',(0.3,-15.54,0.9));
#9463 = VECTOR('',#9464,1.);
#9464 = DIRECTION('',(1.110223024625E-16,1.,0.));
#9465 = ORIENTED_EDGE('',*,*,#9466,.F.);
#9466 = EDGE_CURVE('',#7892,#9459,#9467,.T.);
#9467 = LINE('',#9468,#9469);
#9468 = CARTESIAN_POINT('',(0.3,-14.94,8.2));
#9469 = VECTOR('',#9470,1.);
#9470 = DIRECTION('',(0.,-0.,-1.));
#9471 = ORIENTED_EDGE('',*,*,#7899,.F.);
#9472 = PLANE('',#9473);
#9473 = AXIS2_PLACEMENT_3D('',#9474,#9475,#9476);
#9474 = CARTESIAN_POINT('',(0.3,-15.54,8.2));
#9475 = DIRECTION('',(1.,-1.110223024625E-16,0.));
#9476 = DIRECTION('',(1.110223024625E-16,1.,0.));
#9477 = ADVANCED_FACE('',(#9478),#9528,.F.);
#9478 = FACE_BOUND('',#9479,.F.);
#9479 = EDGE_LOOP('',(#9480,#9481,#9482,#9490,#9498,#9506,#9514,#9522));
#9480 = ORIENTED_EDGE('',*,*,#7923,.F.);
#9481 = ORIENTED_EDGE('',*,*,#9466,.T.);
#9482 = ORIENTED_EDGE('',*,*,#9483,.T.);
#9483 = EDGE_CURVE('',#9459,#9484,#9486,.T.);
#9484 = VERTEX_POINT('',#9485);
#9485 = CARTESIAN_POINT('',(0.1,-14.94,0.9));
#9486 = LINE('',#9487,#9488);
#9487 = CARTESIAN_POINT('',(0.3,-14.94,0.9));
#9488 = VECTOR('',#9489,1.);
#9489 = DIRECTION('',(-1.,1.110223024625E-16,0.));
#9490 = ORIENTED_EDGE('',*,*,#9491,.T.);
#9491 = EDGE_CURVE('',#9484,#9492,#9494,.T.);
#9492 = VERTEX_POINT('',#9493);
#9493 = CARTESIAN_POINT('',(0.1,-14.94,7.4));
#9494 = LINE('',#9495,#9496);
#9495 = CARTESIAN_POINT('',(0.1,-14.94,6.055738799212));
#9496 = VECTOR('',#9497,1.);
#9497 = DIRECTION('',(0.,-0.,1.));
#9498 = ORIENTED_EDGE('',*,*,#9499,.F.);
#9499 = EDGE_CURVE('',#9500,#9492,#9502,.T.);
#9500 = VERTEX_POINT('',#9501);
#9501 = CARTESIAN_POINT('',(-0.1,-14.94,7.4));
#9502 = LINE('',#9503,#9504);
#9503 = CARTESIAN_POINT('',(-0.1,-14.94,7.4));
#9504 = VECTOR('',#9505,1.);
#9505 = DIRECTION('',(1.,-1.110223024625E-16,0.));
#9506 = ORIENTED_EDGE('',*,*,#9507,.F.);
#9507 = EDGE_CURVE('',#9508,#9500,#9510,.T.);
#9508 = VERTEX_POINT('',#9509);
#9509 = CARTESIAN_POINT('',(-0.1,-14.94,0.9));
#9510 = LINE('',#9511,#9512);
#9511 = CARTESIAN_POINT('',(-0.1,-14.94,6.055738799212));
#9512 = VECTOR('',#9513,1.);
#9513 = DIRECTION('',(0.,-0.,1.));
#9514 = ORIENTED_EDGE('',*,*,#9515,.T.);
#9515 = EDGE_CURVE('',#9508,#9516,#9518,.T.);
#9516 = VERTEX_POINT('',#9517);
#9517 = CARTESIAN_POINT('',(-0.3,-14.94,0.9));
#9518 = LINE('',#9519,#9520);
#9519 = CARTESIAN_POINT('',(0.3,-14.94,0.9));
#9520 = VECTOR('',#9521,1.);
#9521 = DIRECTION('',(-1.,1.110223024625E-16,0.));
#9522 = ORIENTED_EDGE('',*,*,#9523,.F.);
#9523 = EDGE_CURVE('',#7916,#9516,#9524,.T.);
#9524 = LINE('',#9525,#9526);
#9525 = CARTESIAN_POINT('',(-0.3,-14.94,8.2));
#9526 = VECTOR('',#9527,1.);
#9527 = DIRECTION('',(0.,-0.,-1.));
#9528 = PLANE('',#9529);
#9529 = AXIS2_PLACEMENT_3D('',#9530,#9531,#9532);
#9530 = CARTESIAN_POINT('',(0.3,-14.94,8.2));
#9531 = DIRECTION('',(1.110223024625E-16,1.,0.));
#9532 = DIRECTION('',(-1.,1.110223024625E-16,0.));
#9533 = ADVANCED_FACE('',(#9534),#9552,.F.);
#9534 = FACE_BOUND('',#9535,.F.);
#9535 = EDGE_LOOP('',(#9536,#9537,#9545,#9551));
#9536 = ORIENTED_EDGE('',*,*,#9523,.T.);
#9537 = ORIENTED_EDGE('',*,*,#9538,.T.);
#9538 = EDGE_CURVE('',#9516,#9539,#9541,.T.);
#9539 = VERTEX_POINT('',#9540);
#9540 = CARTESIAN_POINT('',(-0.3,-15.54,0.9));
#9541 = LINE('',#9542,#9543);
#9542 = CARTESIAN_POINT('',(-0.3,-14.94,0.9));
#9543 = VECTOR('',#9544,1.);
#9544 = DIRECTION('',(-1.110223024625E-16,-1.,0.));
#9545 = ORIENTED_EDGE('',*,*,#9546,.F.);
#9546 = EDGE_CURVE('',#7940,#9539,#9547,.T.);
#9547 = LINE('',#9548,#9549);
#9548 = CARTESIAN_POINT('',(-0.3,-15.54,8.2));
#9549 = VECTOR('',#9550,1.);
#9550 = DIRECTION('',(0.,-0.,-1.));
#9551 = ORIENTED_EDGE('',*,*,#7947,.F.);
#9552 = PLANE('',#9553);
#9553 = AXIS2_PLACEMENT_3D('',#9554,#9555,#9556);
#9554 = CARTESIAN_POINT('',(-0.3,-14.94,8.2));
#9555 = DIRECTION('',(-1.,1.110223024625E-16,0.));
#9556 = DIRECTION('',(-1.110223024625E-16,-1.,0.));
#9557 = ADVANCED_FACE('',(#9558),#9601,.F.);
#9558 = FACE_BOUND('',#9559,.F.);
#9559 = EDGE_LOOP('',(#9560,#9561,#9562,#9570,#9578,#9586,#9594,#9600));
#9560 = ORIENTED_EDGE('',*,*,#7964,.F.);
#9561 = ORIENTED_EDGE('',*,*,#9546,.T.);
#9562 = ORIENTED_EDGE('',*,*,#9563,.T.);
#9563 = EDGE_CURVE('',#9539,#9564,#9566,.T.);
#9564 = VERTEX_POINT('',#9565);
#9565 = CARTESIAN_POINT('',(-0.1,-15.54,0.9));
#9566 = LINE('',#9567,#9568);
#9567 = CARTESIAN_POINT('',(-0.3,-15.54,0.9));
#9568 = VECTOR('',#9569,1.);
#9569 = DIRECTION('',(1.,-1.110223024625E-16,0.));
#9570 = ORIENTED_EDGE('',*,*,#9571,.F.);
#9571 = EDGE_CURVE('',#9572,#9564,#9574,.T.);
#9572 = VERTEX_POINT('',#9573);
#9573 = CARTESIAN_POINT('',(-0.1,-15.54,7.4));
#9574 = LINE('',#9575,#9576);
#9575 = CARTESIAN_POINT('',(-0.1,-15.54,6.055738799212));
#9576 = VECTOR('',#9577,1.);
#9577 = DIRECTION('',(-0.,0.,-1.));
#9578 = ORIENTED_EDGE('',*,*,#9579,.T.);
#9579 = EDGE_CURVE('',#9572,#9580,#9582,.T.);
#9580 = VERTEX_POINT('',#9581);
#9581 = CARTESIAN_POINT('',(0.1,-15.54,7.4));
#9582 = LINE('',#9583,#9584);
#9583 = CARTESIAN_POINT('',(-0.1,-15.54,7.4));
#9584 = VECTOR('',#9585,1.);
#9585 = DIRECTION('',(1.,-1.110223024625E-16,0.));
#9586 = ORIENTED_EDGE('',*,*,#9587,.T.);
#9587 = EDGE_CURVE('',#9580,#9588,#9590,.T.);
#9588 = VERTEX_POINT('',#9589);
#9589 = CARTESIAN_POINT('',(0.1,-15.54,0.9));
#9590 = LINE('',#9591,#9592);
#9591 = CARTESIAN_POINT('',(0.1,-15.54,6.055738799212));
#9592 = VECTOR('',#9593,1.);
#9593 = DIRECTION('',(-0.,0.,-1.));
#9594 = ORIENTED_EDGE('',*,*,#9595,.T.);
#9595 = EDGE_CURVE('',#9588,#9451,#9596,.T.);
#9596 = LINE('',#9597,#9598);
#9597 = CARTESIAN_POINT('',(-0.3,-15.54,0.9));
#9598 = VECTOR('',#9599,1.);
#9599 = DIRECTION('',(1.,-1.110223024625E-16,0.));
#9600 = ORIENTED_EDGE('',*,*,#9450,.F.);
#9601 = PLANE('',#9602);
#9602 = AXIS2_PLACEMENT_3D('',#9603,#9604,#9605);
#9603 = CARTESIAN_POINT('',(-0.3,-15.54,8.2));
#9604 = DIRECTION('',(-1.110223024625E-16,-1.,0.));
#9605 = DIRECTION('',(1.,-1.110223024625E-16,0.));
#9606 = ADVANCED_FACE('',(#9607),#9632,.F.);
#9607 = FACE_BOUND('',#9608,.F.);
#9608 = EDGE_LOOP('',(#9609,#9617,#9625,#9631));
#9609 = ORIENTED_EDGE('',*,*,#9610,.T.);
#9610 = EDGE_CURVE('',#7979,#9611,#9613,.T.);
#9611 = VERTEX_POINT('',#9612);
#9612 = CARTESIAN_POINT('',(0.3,-13.,0.9));
#9613 = LINE('',#9614,#9615);
#9614 = CARTESIAN_POINT('',(0.3,-13.,8.2));
#9615 = VECTOR('',#9616,1.);
#9616 = DIRECTION('',(0.,-0.,-1.));
#9617 = ORIENTED_EDGE('',*,*,#9618,.T.);
#9618 = EDGE_CURVE('',#9611,#9619,#9621,.T.);
#9619 = VERTEX_POINT('',#9620);
#9620 = CARTESIAN_POINT('',(0.3,-12.4,0.9));
#9621 = LINE('',#9622,#9623);
#9622 = CARTESIAN_POINT('',(0.3,-13.,0.9));
#9623 = VECTOR('',#9624,1.);
#9624 = DIRECTION('',(1.110223024625E-16,1.,0.));
#9625 = ORIENTED_EDGE('',*,*,#9626,.F.);
#9626 = EDGE_CURVE('',#7988,#9619,#9627,.T.);
#9627 = LINE('',#9628,#9629);
#9628 = CARTESIAN_POINT('',(0.3,-12.4,8.2));
#9629 = VECTOR('',#9630,1.);
#9630 = DIRECTION('',(0.,-0.,-1.));
#9631 = ORIENTED_EDGE('',*,*,#7995,.F.);
#9632 = PLANE('',#9633);
#9633 = AXIS2_PLACEMENT_3D('',#9634,#9635,#9636);
#9634 = CARTESIAN_POINT('',(0.3,-13.,8.2));
#9635 = DIRECTION('',(1.,-1.110223024625E-16,0.));
#9636 = DIRECTION('',(1.110223024625E-16,1.,0.));
#9637 = ADVANCED_FACE('',(#9638),#9688,.F.);
#9638 = FACE_BOUND('',#9639,.F.);
#9639 = EDGE_LOOP('',(#9640,#9641,#9642,#9650,#9658,#9666,#9674,#9682));
#9640 = ORIENTED_EDGE('',*,*,#8019,.F.);
#9641 = ORIENTED_EDGE('',*,*,#9626,.T.);
#9642 = ORIENTED_EDGE('',*,*,#9643,.T.);
#9643 = EDGE_CURVE('',#9619,#9644,#9646,.T.);
#9644 = VERTEX_POINT('',#9645);
#9645 = CARTESIAN_POINT('',(0.1,-12.4,0.9));
#9646 = LINE('',#9647,#9648);
#9647 = CARTESIAN_POINT('',(0.3,-12.4,0.9));
#9648 = VECTOR('',#9649,1.);
#9649 = DIRECTION('',(-1.,1.110223024625E-16,0.));
#9650 = ORIENTED_EDGE('',*,*,#9651,.T.);
#9651 = EDGE_CURVE('',#9644,#9652,#9654,.T.);
#9652 = VERTEX_POINT('',#9653);
#9653 = CARTESIAN_POINT('',(0.1,-12.4,7.4));
#9654 = LINE('',#9655,#9656);
#9655 = CARTESIAN_POINT('',(0.1,-12.4,6.055738799212));
#9656 = VECTOR('',#9657,1.);
#9657 = DIRECTION('',(0.,-0.,1.));
#9658 = ORIENTED_EDGE('',*,*,#9659,.F.);
#9659 = EDGE_CURVE('',#9660,#9652,#9662,.T.);
#9660 = VERTEX_POINT('',#9661);
#9661 = CARTESIAN_POINT('',(-0.1,-12.4,7.4));
#9662 = LINE('',#9663,#9664);
#9663 = CARTESIAN_POINT('',(-0.1,-12.4,7.4));
#9664 = VECTOR('',#9665,1.);
#9665 = DIRECTION('',(1.,-1.110223024625E-16,0.));
#9666 = ORIENTED_EDGE('',*,*,#9667,.F.);
#9667 = EDGE_CURVE('',#9668,#9660,#9670,.T.);
#9668 = VERTEX_POINT('',#9669);
#9669 = CARTESIAN_POINT('',(-0.1,-12.4,0.9));
#9670 = LINE('',#9671,#9672);
#9671 = CARTESIAN_POINT('',(-0.1,-12.4,6.055738799212));
#9672 = VECTOR('',#9673,1.);
#9673 = DIRECTION('',(0.,-0.,1.));
#9674 = ORIENTED_EDGE('',*,*,#9675,.T.);
#9675 = EDGE_CURVE('',#9668,#9676,#9678,.T.);
#9676 = VERTEX_POINT('',#9677);
#9677 = CARTESIAN_POINT('',(-0.3,-12.4,0.9));
#9678 = LINE('',#9679,#9680);
#9679 = CARTESIAN_POINT('',(0.3,-12.4,0.9));
#9680 = VECTOR('',#9681,1.);
#9681 = DIRECTION('',(-1.,1.110223024625E-16,0.));
#9682 = ORIENTED_EDGE('',*,*,#9683,.F.);
#9683 = EDGE_CURVE('',#8012,#9676,#9684,.T.);
#9684 = LINE('',#9685,#9686);
#9685 = CARTESIAN_POINT('',(-0.3,-12.4,8.2));
#9686 = VECTOR('',#9687,1.);
#9687 = DIRECTION('',(0.,-0.,-1.));
#9688 = PLANE('',#9689);
#9689 = AXIS2_PLACEMENT_3D('',#9690,#9691,#9692);
#9690 = CARTESIAN_POINT('',(0.3,-12.4,8.2));
#9691 = DIRECTION('',(1.110223024625E-16,1.,0.));
#9692 = DIRECTION('',(-1.,1.110223024625E-16,0.));
#9693 = ADVANCED_FACE('',(#9694),#9712,.F.);
#9694 = FACE_BOUND('',#9695,.F.);
#9695 = EDGE_LOOP('',(#9696,#9697,#9705,#9711));
#9696 = ORIENTED_EDGE('',*,*,#9683,.T.);
#9697 = ORIENTED_EDGE('',*,*,#9698,.T.);
#9698 = EDGE_CURVE('',#9676,#9699,#9701,.T.);
#9699 = VERTEX_POINT('',#9700);
#9700 = CARTESIAN_POINT('',(-0.3,-13.,0.9));
#9701 = LINE('',#9702,#9703);
#9702 = CARTESIAN_POINT('',(-0.3,-12.4,0.9));
#9703 = VECTOR('',#9704,1.);
#9704 = DIRECTION('',(-1.110223024625E-16,-1.,0.));
#9705 = ORIENTED_EDGE('',*,*,#9706,.F.);
#9706 = EDGE_CURVE('',#8036,#9699,#9707,.T.);
#9707 = LINE('',#9708,#9709);
#9708 = CARTESIAN_POINT('',(-0.3,-13.,8.2));
#9709 = VECTOR('',#9710,1.);
#9710 = DIRECTION('',(0.,-0.,-1.));
#9711 = ORIENTED_EDGE('',*,*,#8043,.F.);
#9712 = PLANE('',#9713);
#9713 = AXIS2_PLACEMENT_3D('',#9714,#9715,#9716);
#9714 = CARTESIAN_POINT('',(-0.3,-12.4,8.2));
#9715 = DIRECTION('',(-1.,1.110223024625E-16,0.));
#9716 = DIRECTION('',(-1.110223024625E-16,-1.,0.));
#9717 = ADVANCED_FACE('',(#9718),#9761,.F.);
#9718 = FACE_BOUND('',#9719,.F.);
#9719 = EDGE_LOOP('',(#9720,#9721,#9722,#9730,#9738,#9746,#9754,#9760));
#9720 = ORIENTED_EDGE('',*,*,#8060,.F.);
#9721 = ORIENTED_EDGE('',*,*,#9706,.T.);
#9722 = ORIENTED_EDGE('',*,*,#9723,.T.);
#9723 = EDGE_CURVE('',#9699,#9724,#9726,.T.);
#9724 = VERTEX_POINT('',#9725);
#9725 = CARTESIAN_POINT('',(-0.1,-13.,0.9));
#9726 = LINE('',#9727,#9728);
#9727 = CARTESIAN_POINT('',(-0.3,-13.,0.9));
#9728 = VECTOR('',#9729,1.);
#9729 = DIRECTION('',(1.,-1.110223024625E-16,0.));
#9730 = ORIENTED_EDGE('',*,*,#9731,.F.);
#9731 = EDGE_CURVE('',#9732,#9724,#9734,.T.);
#9732 = VERTEX_POINT('',#9733);
#9733 = CARTESIAN_POINT('',(-0.1,-13.,7.4));
#9734 = LINE('',#9735,#9736);
#9735 = CARTESIAN_POINT('',(-0.1,-13.,6.055738799212));
#9736 = VECTOR('',#9737,1.);
#9737 = DIRECTION('',(-0.,0.,-1.));
#9738 = ORIENTED_EDGE('',*,*,#9739,.T.);
#9739 = EDGE_CURVE('',#9732,#9740,#9742,.T.);
#9740 = VERTEX_POINT('',#9741);
#9741 = CARTESIAN_POINT('',(0.1,-13.,7.4));
#9742 = LINE('',#9743,#9744);
#9743 = CARTESIAN_POINT('',(-0.1,-13.,7.4));
#9744 = VECTOR('',#9745,1.);
#9745 = DIRECTION('',(1.,-1.110223024625E-16,0.));
#9746 = ORIENTED_EDGE('',*,*,#9747,.T.);
#9747 = EDGE_CURVE('',#9740,#9748,#9750,.T.);
#9748 = VERTEX_POINT('',#9749);
#9749 = CARTESIAN_POINT('',(0.1,-13.,0.9));
#9750 = LINE('',#9751,#9752);
#9751 = CARTESIAN_POINT('',(0.1,-13.,6.055738799212));
#9752 = VECTOR('',#9753,1.);
#9753 = DIRECTION('',(-0.,0.,-1.));
#9754 = ORIENTED_EDGE('',*,*,#9755,.T.);
#9755 = EDGE_CURVE('',#9748,#9611,#9756,.T.);
#9756 = LINE('',#9757,#9758);
#9757 = CARTESIAN_POINT('',(-0.3,-13.,0.9));
#9758 = VECTOR('',#9759,1.);
#9759 = DIRECTION('',(1.,-1.110223024625E-16,0.));
#9760 = ORIENTED_EDGE('',*,*,#9610,.F.);
#9761 = PLANE('',#9762);
#9762 = AXIS2_PLACEMENT_3D('',#9763,#9764,#9765);
#9763 = CARTESIAN_POINT('',(-0.3,-13.,8.2));
#9764 = DIRECTION('',(-1.110223024625E-16,-1.,0.));
#9765 = DIRECTION('',(1.,-1.110223024625E-16,0.));
#9766 = ADVANCED_FACE('',(#9767),#9792,.F.);
#9767 = FACE_BOUND('',#9768,.F.);
#9768 = EDGE_LOOP('',(#9769,#9777,#9785,#9791));
#9769 = ORIENTED_EDGE('',*,*,#9770,.T.);
#9770 = EDGE_CURVE('',#8075,#9771,#9773,.T.);
#9771 = VERTEX_POINT('',#9772);
#9772 = CARTESIAN_POINT('',(0.3,-10.46,0.9));
#9773 = LINE('',#9774,#9775);
#9774 = CARTESIAN_POINT('',(0.3,-10.46,8.2));
#9775 = VECTOR('',#9776,1.);
#9776 = DIRECTION('',(0.,-0.,-1.));
#9777 = ORIENTED_EDGE('',*,*,#9778,.T.);
#9778 = EDGE_CURVE('',#9771,#9779,#9781,.T.);
#9779 = VERTEX_POINT('',#9780);
#9780 = CARTESIAN_POINT('',(0.3,-9.86,0.9));
#9781 = LINE('',#9782,#9783);
#9782 = CARTESIAN_POINT('',(0.3,-10.46,0.9));
#9783 = VECTOR('',#9784,1.);
#9784 = DIRECTION('',(1.110223024625E-16,1.,0.));
#9785 = ORIENTED_EDGE('',*,*,#9786,.F.);
#9786 = EDGE_CURVE('',#8084,#9779,#9787,.T.);
#9787 = LINE('',#9788,#9789);
#9788 = CARTESIAN_POINT('',(0.3,-9.86,8.2));
#9789 = VECTOR('',#9790,1.);
#9790 = DIRECTION('',(0.,-0.,-1.));
#9791 = ORIENTED_EDGE('',*,*,#8091,.F.);
#9792 = PLANE('',#9793);
#9793 = AXIS2_PLACEMENT_3D('',#9794,#9795,#9796);
#9794 = CARTESIAN_POINT('',(0.3,-10.46,8.2));
#9795 = DIRECTION('',(1.,-1.110223024625E-16,0.));
#9796 = DIRECTION('',(1.110223024625E-16,1.,0.));
#9797 = ADVANCED_FACE('',(#9798),#9848,.F.);
#9798 = FACE_BOUND('',#9799,.F.);
#9799 = EDGE_LOOP('',(#9800,#9801,#9802,#9810,#9818,#9826,#9834,#9842));
#9800 = ORIENTED_EDGE('',*,*,#8115,.F.);
#9801 = ORIENTED_EDGE('',*,*,#9786,.T.);
#9802 = ORIENTED_EDGE('',*,*,#9803,.T.);
#9803 = EDGE_CURVE('',#9779,#9804,#9806,.T.);
#9804 = VERTEX_POINT('',#9805);
#9805 = CARTESIAN_POINT('',(0.1,-9.86,0.9));
#9806 = LINE('',#9807,#9808);
#9807 = CARTESIAN_POINT('',(0.3,-9.86,0.9));
#9808 = VECTOR('',#9809,1.);
#9809 = DIRECTION('',(-1.,1.110223024625E-16,0.));
#9810 = ORIENTED_EDGE('',*,*,#9811,.T.);
#9811 = EDGE_CURVE('',#9804,#9812,#9814,.T.);
#9812 = VERTEX_POINT('',#9813);
#9813 = CARTESIAN_POINT('',(0.1,-9.86,7.4));
#9814 = LINE('',#9815,#9816);
#9815 = CARTESIAN_POINT('',(0.1,-9.86,6.055738799212));
#9816 = VECTOR('',#9817,1.);
#9817 = DIRECTION('',(0.,-0.,1.));
#9818 = ORIENTED_EDGE('',*,*,#9819,.F.);
#9819 = EDGE_CURVE('',#9820,#9812,#9822,.T.);
#9820 = VERTEX_POINT('',#9821);
#9821 = CARTESIAN_POINT('',(-0.1,-9.86,7.4));
#9822 = LINE('',#9823,#9824);
#9823 = CARTESIAN_POINT('',(-0.1,-9.86,7.4));
#9824 = VECTOR('',#9825,1.);
#9825 = DIRECTION('',(1.,-1.110223024625E-16,0.));
#9826 = ORIENTED_EDGE('',*,*,#9827,.F.);
#9827 = EDGE_CURVE('',#9828,#9820,#9830,.T.);
#9828 = VERTEX_POINT('',#9829);
#9829 = CARTESIAN_POINT('',(-0.1,-9.86,0.9));
#9830 = LINE('',#9831,#9832);
#9831 = CARTESIAN_POINT('',(-0.1,-9.86,6.055738799212));
#9832 = VECTOR('',#9833,1.);
#9833 = DIRECTION('',(0.,-0.,1.));
#9834 = ORIENTED_EDGE('',*,*,#9835,.T.);
#9835 = EDGE_CURVE('',#9828,#9836,#9838,.T.);
#9836 = VERTEX_POINT('',#9837);
#9837 = CARTESIAN_POINT('',(-0.3,-9.86,0.9));
#9838 = LINE('',#9839,#9840);
#9839 = CARTESIAN_POINT('',(0.3,-9.86,0.9));
#9840 = VECTOR('',#9841,1.);
#9841 = DIRECTION('',(-1.,1.110223024625E-16,0.));
#9842 = ORIENTED_EDGE('',*,*,#9843,.F.);
#9843 = EDGE_CURVE('',#8108,#9836,#9844,.T.);
#9844 = LINE('',#9845,#9846);
#9845 = CARTESIAN_POINT('',(-0.3,-9.86,8.2));
#9846 = VECTOR('',#9847,1.);
#9847 = DIRECTION('',(0.,-0.,-1.));
#9848 = PLANE('',#9849);
#9849 = AXIS2_PLACEMENT_3D('',#9850,#9851,#9852);
#9850 = CARTESIAN_POINT('',(0.3,-9.86,8.2));
#9851 = DIRECTION('',(1.110223024625E-16,1.,0.));
#9852 = DIRECTION('',(-1.,1.110223024625E-16,0.));
#9853 = ADVANCED_FACE('',(#9854),#9872,.F.);
#9854 = FACE_BOUND('',#9855,.F.);
#9855 = EDGE_LOOP('',(#9856,#9857,#9865,#9871));
#9856 = ORIENTED_EDGE('',*,*,#9843,.T.);
#9857 = ORIENTED_EDGE('',*,*,#9858,.T.);
#9858 = EDGE_CURVE('',#9836,#9859,#9861,.T.);
#9859 = VERTEX_POINT('',#9860);
#9860 = CARTESIAN_POINT('',(-0.3,-10.46,0.9));
#9861 = LINE('',#9862,#9863);
#9862 = CARTESIAN_POINT('',(-0.3,-9.86,0.9));
#9863 = VECTOR('',#9864,1.);
#9864 = DIRECTION('',(-1.110223024625E-16,-1.,0.));
#9865 = ORIENTED_EDGE('',*,*,#9866,.F.);
#9866 = EDGE_CURVE('',#8132,#9859,#9867,.T.);
#9867 = LINE('',#9868,#9869);
#9868 = CARTESIAN_POINT('',(-0.3,-10.46,8.2));
#9869 = VECTOR('',#9870,1.);
#9870 = DIRECTION('',(0.,-0.,-1.));
#9871 = ORIENTED_EDGE('',*,*,#8139,.F.);
#9872 = PLANE('',#9873);
#9873 = AXIS2_PLACEMENT_3D('',#9874,#9875,#9876);
#9874 = CARTESIAN_POINT('',(-0.3,-9.86,8.2));
#9875 = DIRECTION('',(-1.,1.110223024625E-16,0.));
#9876 = DIRECTION('',(-1.110223024625E-16,-1.,0.));
#9877 = ADVANCED_FACE('',(#9878),#9921,.F.);
#9878 = FACE_BOUND('',#9879,.F.);
#9879 = EDGE_LOOP('',(#9880,#9881,#9882,#9890,#9898,#9906,#9914,#9920));
#9880 = ORIENTED_EDGE('',*,*,#8156,.F.);
#9881 = ORIENTED_EDGE('',*,*,#9866,.T.);
#9882 = ORIENTED_EDGE('',*,*,#9883,.T.);
#9883 = EDGE_CURVE('',#9859,#9884,#9886,.T.);
#9884 = VERTEX_POINT('',#9885);
#9885 = CARTESIAN_POINT('',(-0.1,-10.46,0.9));
#9886 = LINE('',#9887,#9888);
#9887 = CARTESIAN_POINT('',(-0.3,-10.46,0.9));
#9888 = VECTOR('',#9889,1.);
#9889 = DIRECTION('',(1.,-1.110223024625E-16,0.));
#9890 = ORIENTED_EDGE('',*,*,#9891,.F.);
#9891 = EDGE_CURVE('',#9892,#9884,#9894,.T.);
#9892 = VERTEX_POINT('',#9893);
#9893 = CARTESIAN_POINT('',(-0.1,-10.46,7.4));
#9894 = LINE('',#9895,#9896);
#9895 = CARTESIAN_POINT('',(-0.1,-10.46,6.055738799212));
#9896 = VECTOR('',#9897,1.);
#9897 = DIRECTION('',(-0.,0.,-1.));
#9898 = ORIENTED_EDGE('',*,*,#9899,.T.);
#9899 = EDGE_CURVE('',#9892,#9900,#9902,.T.);
#9900 = VERTEX_POINT('',#9901);
#9901 = CARTESIAN_POINT('',(0.1,-10.46,7.4));
#9902 = LINE('',#9903,#9904);
#9903 = CARTESIAN_POINT('',(-0.1,-10.46,7.4));
#9904 = VECTOR('',#9905,1.);
#9905 = DIRECTION('',(1.,-1.110223024625E-16,0.));
#9906 = ORIENTED_EDGE('',*,*,#9907,.T.);
#9907 = EDGE_CURVE('',#9900,#9908,#9910,.T.);
#9908 = VERTEX_POINT('',#9909);
#9909 = CARTESIAN_POINT('',(0.1,-10.46,0.9));
#9910 = LINE('',#9911,#9912);
#9911 = CARTESIAN_POINT('',(0.1,-10.46,6.055738799212));
#9912 = VECTOR('',#9913,1.);
#9913 = DIRECTION('',(-0.,0.,-1.));
#9914 = ORIENTED_EDGE('',*,*,#9915,.T.);
#9915 = EDGE_CURVE('',#9908,#9771,#9916,.T.);
#9916 = LINE('',#9917,#9918);
#9917 = CARTESIAN_POINT('',(-0.3,-10.46,0.9));
#9918 = VECTOR('',#9919,1.);
#9919 = DIRECTION('',(1.,-1.110223024625E-16,0.));
#9920 = ORIENTED_EDGE('',*,*,#9770,.F.);
#9921 = PLANE('',#9922);
#9922 = AXIS2_PLACEMENT_3D('',#9923,#9924,#9925);
#9923 = CARTESIAN_POINT('',(-0.3,-10.46,8.2));
#9924 = DIRECTION('',(-1.110223024625E-16,-1.,0.));
#9925 = DIRECTION('',(1.,-1.110223024625E-16,0.));
#9926 = ADVANCED_FACE('',(#9927),#9952,.F.);
#9927 = FACE_BOUND('',#9928,.F.);
#9928 = EDGE_LOOP('',(#9929,#9937,#9945,#9951));
#9929 = ORIENTED_EDGE('',*,*,#9930,.T.);
#9930 = EDGE_CURVE('',#8171,#9931,#9933,.T.);
#9931 = VERTEX_POINT('',#9932);
#9932 = CARTESIAN_POINT('',(0.3,-7.92,0.9));
#9933 = LINE('',#9934,#9935);
#9934 = CARTESIAN_POINT('',(0.3,-7.92,8.2));
#9935 = VECTOR('',#9936,1.);
#9936 = DIRECTION('',(0.,-0.,-1.));
#9937 = ORIENTED_EDGE('',*,*,#9938,.T.);
#9938 = EDGE_CURVE('',#9931,#9939,#9941,.T.);
#9939 = VERTEX_POINT('',#9940);
#9940 = CARTESIAN_POINT('',(0.3,-7.32,0.9));
#9941 = LINE('',#9942,#9943);
#9942 = CARTESIAN_POINT('',(0.3,-7.92,0.9));
#9943 = VECTOR('',#9944,1.);
#9944 = DIRECTION('',(1.110223024625E-16,1.,0.));
#9945 = ORIENTED_EDGE('',*,*,#9946,.F.);
#9946 = EDGE_CURVE('',#8180,#9939,#9947,.T.);
#9947 = LINE('',#9948,#9949);
#9948 = CARTESIAN_POINT('',(0.3,-7.32,8.2));
#9949 = VECTOR('',#9950,1.);
#9950 = DIRECTION('',(0.,-0.,-1.));
#9951 = ORIENTED_EDGE('',*,*,#8187,.F.);
#9952 = PLANE('',#9953);
#9953 = AXIS2_PLACEMENT_3D('',#9954,#9955,#9956);
#9954 = CARTESIAN_POINT('',(0.3,-7.92,8.2));
#9955 = DIRECTION('',(1.,-1.110223024625E-16,0.));
#9956 = DIRECTION('',(1.110223024625E-16,1.,0.));
#9957 = ADVANCED_FACE('',(#9958),#10008,.F.);
#9958 = FACE_BOUND('',#9959,.F.);
#9959 = EDGE_LOOP('',(#9960,#9961,#9962,#9970,#9978,#9986,#9994,#10002)
  );
#9960 = ORIENTED_EDGE('',*,*,#8211,.F.);
#9961 = ORIENTED_EDGE('',*,*,#9946,.T.);
#9962 = ORIENTED_EDGE('',*,*,#9963,.T.);
#9963 = EDGE_CURVE('',#9939,#9964,#9966,.T.);
#9964 = VERTEX_POINT('',#9965);
#9965 = CARTESIAN_POINT('',(0.1,-7.32,0.9));
#9966 = LINE('',#9967,#9968);
#9967 = CARTESIAN_POINT('',(0.3,-7.32,0.9));
#9968 = VECTOR('',#9969,1.);
#9969 = DIRECTION('',(-1.,1.110223024625E-16,0.));
#9970 = ORIENTED_EDGE('',*,*,#9971,.T.);
#9971 = EDGE_CURVE('',#9964,#9972,#9974,.T.);
#9972 = VERTEX_POINT('',#9973);
#9973 = CARTESIAN_POINT('',(0.1,-7.32,7.4));
#9974 = LINE('',#9975,#9976);
#9975 = CARTESIAN_POINT('',(0.1,-7.32,6.055738799212));
#9976 = VECTOR('',#9977,1.);
#9977 = DIRECTION('',(0.,-0.,1.));
#9978 = ORIENTED_EDGE('',*,*,#9979,.F.);
#9979 = EDGE_CURVE('',#9980,#9972,#9982,.T.);
#9980 = VERTEX_POINT('',#9981);
#9981 = CARTESIAN_POINT('',(-0.1,-7.32,7.4));
#9982 = LINE('',#9983,#9984);
#9983 = CARTESIAN_POINT('',(-0.1,-7.32,7.4));
#9984 = VECTOR('',#9985,1.);
#9985 = DIRECTION('',(1.,-1.110223024625E-16,0.));
#9986 = ORIENTED_EDGE('',*,*,#9987,.F.);
#9987 = EDGE_CURVE('',#9988,#9980,#9990,.T.);
#9988 = VERTEX_POINT('',#9989);
#9989 = CARTESIAN_POINT('',(-0.1,-7.32,0.9));
#9990 = LINE('',#9991,#9992);
#9991 = CARTESIAN_POINT('',(-0.1,-7.32,6.055738799212));
#9992 = VECTOR('',#9993,1.);
#9993 = DIRECTION('',(0.,-0.,1.));
#9994 = ORIENTED_EDGE('',*,*,#9995,.T.);
#9995 = EDGE_CURVE('',#9988,#9996,#9998,.T.);
#9996 = VERTEX_POINT('',#9997);
#9997 = CARTESIAN_POINT('',(-0.3,-7.32,0.9));
#9998 = LINE('',#9999,#10000);
#9999 = CARTESIAN_POINT('',(0.3,-7.32,0.9));
#10000 = VECTOR('',#10001,1.);
#10001 = DIRECTION('',(-1.,1.110223024625E-16,0.));
#10002 = ORIENTED_EDGE('',*,*,#10003,.F.);
#10003 = EDGE_CURVE('',#8204,#9996,#10004,.T.);
#10004 = LINE('',#10005,#10006);
#10005 = CARTESIAN_POINT('',(-0.3,-7.32,8.2));
#10006 = VECTOR('',#10007,1.);
#10007 = DIRECTION('',(0.,-0.,-1.));
#10008 = PLANE('',#10009);
#10009 = AXIS2_PLACEMENT_3D('',#10010,#10011,#10012);
#10010 = CARTESIAN_POINT('',(0.3,-7.32,8.2));
#10011 = DIRECTION('',(1.110223024625E-16,1.,0.));
#10012 = DIRECTION('',(-1.,1.110223024625E-16,0.));
#10013 = ADVANCED_FACE('',(#10014),#10032,.F.);
#10014 = FACE_BOUND('',#10015,.F.);
#10015 = EDGE_LOOP('',(#10016,#10017,#10025,#10031));
#10016 = ORIENTED_EDGE('',*,*,#10003,.T.);
#10017 = ORIENTED_EDGE('',*,*,#10018,.T.);
#10018 = EDGE_CURVE('',#9996,#10019,#10021,.T.);
#10019 = VERTEX_POINT('',#10020);
#10020 = CARTESIAN_POINT('',(-0.3,-7.92,0.9));
#10021 = LINE('',#10022,#10023);
#10022 = CARTESIAN_POINT('',(-0.3,-7.32,0.9));
#10023 = VECTOR('',#10024,1.);
#10024 = DIRECTION('',(-1.110223024625E-16,-1.,0.));
#10025 = ORIENTED_EDGE('',*,*,#10026,.F.);
#10026 = EDGE_CURVE('',#8228,#10019,#10027,.T.);
#10027 = LINE('',#10028,#10029);
#10028 = CARTESIAN_POINT('',(-0.3,-7.92,8.2));
#10029 = VECTOR('',#10030,1.);
#10030 = DIRECTION('',(0.,-0.,-1.));
#10031 = ORIENTED_EDGE('',*,*,#8235,.F.);
#10032 = PLANE('',#10033);
#10033 = AXIS2_PLACEMENT_3D('',#10034,#10035,#10036);
#10034 = CARTESIAN_POINT('',(-0.3,-7.32,8.2));
#10035 = DIRECTION('',(-1.,1.110223024625E-16,0.));
#10036 = DIRECTION('',(-1.110223024625E-16,-1.,0.));
#10037 = ADVANCED_FACE('',(#10038),#10081,.F.);
#10038 = FACE_BOUND('',#10039,.F.);
#10039 = EDGE_LOOP('',(#10040,#10041,#10042,#10050,#10058,#10066,#10074,
    #10080));
#10040 = ORIENTED_EDGE('',*,*,#8252,.F.);
#10041 = ORIENTED_EDGE('',*,*,#10026,.T.);
#10042 = ORIENTED_EDGE('',*,*,#10043,.T.);
#10043 = EDGE_CURVE('',#10019,#10044,#10046,.T.);
#10044 = VERTEX_POINT('',#10045);
#10045 = CARTESIAN_POINT('',(-0.1,-7.92,0.9));
#10046 = LINE('',#10047,#10048);
#10047 = CARTESIAN_POINT('',(-0.3,-7.92,0.9));
#10048 = VECTOR('',#10049,1.);
#10049 = DIRECTION('',(1.,-1.110223024625E-16,0.));
#10050 = ORIENTED_EDGE('',*,*,#10051,.F.);
#10051 = EDGE_CURVE('',#10052,#10044,#10054,.T.);
#10052 = VERTEX_POINT('',#10053);
#10053 = CARTESIAN_POINT('',(-0.1,-7.92,7.4));
#10054 = LINE('',#10055,#10056);
#10055 = CARTESIAN_POINT('',(-0.1,-7.92,6.055738799212));
#10056 = VECTOR('',#10057,1.);
#10057 = DIRECTION('',(-0.,0.,-1.));
#10058 = ORIENTED_EDGE('',*,*,#10059,.T.);
#10059 = EDGE_CURVE('',#10052,#10060,#10062,.T.);
#10060 = VERTEX_POINT('',#10061);
#10061 = CARTESIAN_POINT('',(0.1,-7.92,7.4));
#10062 = LINE('',#10063,#10064);
#10063 = CARTESIAN_POINT('',(-0.1,-7.92,7.4));
#10064 = VECTOR('',#10065,1.);
#10065 = DIRECTION('',(1.,-1.110223024625E-16,0.));
#10066 = ORIENTED_EDGE('',*,*,#10067,.T.);
#10067 = EDGE_CURVE('',#10060,#10068,#10070,.T.);
#10068 = VERTEX_POINT('',#10069);
#10069 = CARTESIAN_POINT('',(0.1,-7.92,0.9));
#10070 = LINE('',#10071,#10072);
#10071 = CARTESIAN_POINT('',(0.1,-7.92,6.055738799212));
#10072 = VECTOR('',#10073,1.);
#10073 = DIRECTION('',(-0.,0.,-1.));
#10074 = ORIENTED_EDGE('',*,*,#10075,.T.);
#10075 = EDGE_CURVE('',#10068,#9931,#10076,.T.);
#10076 = LINE('',#10077,#10078);
#10077 = CARTESIAN_POINT('',(-0.3,-7.92,0.9));
#10078 = VECTOR('',#10079,1.);
#10079 = DIRECTION('',(1.,-1.110223024625E-16,0.));
#10080 = ORIENTED_EDGE('',*,*,#9930,.F.);
#10081 = PLANE('',#10082);
#10082 = AXIS2_PLACEMENT_3D('',#10083,#10084,#10085);
#10083 = CARTESIAN_POINT('',(-0.3,-7.92,8.2));
#10084 = DIRECTION('',(-1.110223024625E-16,-1.,0.));
#10085 = DIRECTION('',(1.,-1.110223024625E-16,0.));
#10086 = ADVANCED_FACE('',(#10087),#10112,.F.);
#10087 = FACE_BOUND('',#10088,.F.);
#10088 = EDGE_LOOP('',(#10089,#10097,#10105,#10111));
#10089 = ORIENTED_EDGE('',*,*,#10090,.T.);
#10090 = EDGE_CURVE('',#8267,#10091,#10093,.T.);
#10091 = VERTEX_POINT('',#10092);
#10092 = CARTESIAN_POINT('',(0.3,-5.38,0.9));
#10093 = LINE('',#10094,#10095);
#10094 = CARTESIAN_POINT('',(0.3,-5.38,8.2));
#10095 = VECTOR('',#10096,1.);
#10096 = DIRECTION('',(0.,-0.,-1.));
#10097 = ORIENTED_EDGE('',*,*,#10098,.T.);
#10098 = EDGE_CURVE('',#10091,#10099,#10101,.T.);
#10099 = VERTEX_POINT('',#10100);
#10100 = CARTESIAN_POINT('',(0.3,-4.78,0.9));
#10101 = LINE('',#10102,#10103);
#10102 = CARTESIAN_POINT('',(0.3,-5.38,0.9));
#10103 = VECTOR('',#10104,1.);
#10104 = DIRECTION('',(1.110223024625E-16,1.,0.));
#10105 = ORIENTED_EDGE('',*,*,#10106,.F.);
#10106 = EDGE_CURVE('',#8276,#10099,#10107,.T.);
#10107 = LINE('',#10108,#10109);
#10108 = CARTESIAN_POINT('',(0.3,-4.78,8.2));
#10109 = VECTOR('',#10110,1.);
#10110 = DIRECTION('',(0.,-0.,-1.));
#10111 = ORIENTED_EDGE('',*,*,#8283,.F.);
#10112 = PLANE('',#10113);
#10113 = AXIS2_PLACEMENT_3D('',#10114,#10115,#10116);
#10114 = CARTESIAN_POINT('',(0.3,-5.38,8.2));
#10115 = DIRECTION('',(1.,-1.110223024625E-16,0.));
#10116 = DIRECTION('',(1.110223024625E-16,1.,0.));
#10117 = ADVANCED_FACE('',(#10118),#10168,.F.);
#10118 = FACE_BOUND('',#10119,.F.);
#10119 = EDGE_LOOP('',(#10120,#10121,#10122,#10130,#10138,#10146,#10154,
    #10162));
#10120 = ORIENTED_EDGE('',*,*,#8307,.F.);
#10121 = ORIENTED_EDGE('',*,*,#10106,.T.);
#10122 = ORIENTED_EDGE('',*,*,#10123,.T.);
#10123 = EDGE_CURVE('',#10099,#10124,#10126,.T.);
#10124 = VERTEX_POINT('',#10125);
#10125 = CARTESIAN_POINT('',(0.1,-4.78,0.9));
#10126 = LINE('',#10127,#10128);
#10127 = CARTESIAN_POINT('',(0.3,-4.78,0.9));
#10128 = VECTOR('',#10129,1.);
#10129 = DIRECTION('',(-1.,1.110223024625E-16,0.));
#10130 = ORIENTED_EDGE('',*,*,#10131,.T.);
#10131 = EDGE_CURVE('',#10124,#10132,#10134,.T.);
#10132 = VERTEX_POINT('',#10133);
#10133 = CARTESIAN_POINT('',(0.1,-4.78,7.4));
#10134 = LINE('',#10135,#10136);
#10135 = CARTESIAN_POINT('',(0.1,-4.78,6.055738799212));
#10136 = VECTOR('',#10137,1.);
#10137 = DIRECTION('',(0.,-0.,1.));
#10138 = ORIENTED_EDGE('',*,*,#10139,.F.);
#10139 = EDGE_CURVE('',#10140,#10132,#10142,.T.);
#10140 = VERTEX_POINT('',#10141);
#10141 = CARTESIAN_POINT('',(-0.1,-4.78,7.4));
#10142 = LINE('',#10143,#10144);
#10143 = CARTESIAN_POINT('',(-0.1,-4.78,7.4));
#10144 = VECTOR('',#10145,1.);
#10145 = DIRECTION('',(1.,-1.110223024625E-16,0.));
#10146 = ORIENTED_EDGE('',*,*,#10147,.F.);
#10147 = EDGE_CURVE('',#10148,#10140,#10150,.T.);
#10148 = VERTEX_POINT('',#10149);
#10149 = CARTESIAN_POINT('',(-0.1,-4.78,0.9));
#10150 = LINE('',#10151,#10152);
#10151 = CARTESIAN_POINT('',(-0.1,-4.78,6.055738799212));
#10152 = VECTOR('',#10153,1.);
#10153 = DIRECTION('',(0.,-0.,1.));
#10154 = ORIENTED_EDGE('',*,*,#10155,.T.);
#10155 = EDGE_CURVE('',#10148,#10156,#10158,.T.);
#10156 = VERTEX_POINT('',#10157);
#10157 = CARTESIAN_POINT('',(-0.3,-4.78,0.9));
#10158 = LINE('',#10159,#10160);
#10159 = CARTESIAN_POINT('',(0.3,-4.78,0.9));
#10160 = VECTOR('',#10161,1.);
#10161 = DIRECTION('',(-1.,1.110223024625E-16,0.));
#10162 = ORIENTED_EDGE('',*,*,#10163,.F.);
#10163 = EDGE_CURVE('',#8300,#10156,#10164,.T.);
#10164 = LINE('',#10165,#10166);
#10165 = CARTESIAN_POINT('',(-0.3,-4.78,8.2));
#10166 = VECTOR('',#10167,1.);
#10167 = DIRECTION('',(0.,-0.,-1.));
#10168 = PLANE('',#10169);
#10169 = AXIS2_PLACEMENT_3D('',#10170,#10171,#10172);
#10170 = CARTESIAN_POINT('',(0.3,-4.78,8.2));
#10171 = DIRECTION('',(1.110223024625E-16,1.,0.));
#10172 = DIRECTION('',(-1.,1.110223024625E-16,0.));
#10173 = ADVANCED_FACE('',(#10174),#10192,.F.);
#10174 = FACE_BOUND('',#10175,.F.);
#10175 = EDGE_LOOP('',(#10176,#10177,#10185,#10191));
#10176 = ORIENTED_EDGE('',*,*,#10163,.T.);
#10177 = ORIENTED_EDGE('',*,*,#10178,.T.);
#10178 = EDGE_CURVE('',#10156,#10179,#10181,.T.);
#10179 = VERTEX_POINT('',#10180);
#10180 = CARTESIAN_POINT('',(-0.3,-5.38,0.9));
#10181 = LINE('',#10182,#10183);
#10182 = CARTESIAN_POINT('',(-0.3,-4.78,0.9));
#10183 = VECTOR('',#10184,1.);
#10184 = DIRECTION('',(-1.110223024625E-16,-1.,0.));
#10185 = ORIENTED_EDGE('',*,*,#10186,.F.);
#10186 = EDGE_CURVE('',#8324,#10179,#10187,.T.);
#10187 = LINE('',#10188,#10189);
#10188 = CARTESIAN_POINT('',(-0.3,-5.38,8.2));
#10189 = VECTOR('',#10190,1.);
#10190 = DIRECTION('',(0.,-0.,-1.));
#10191 = ORIENTED_EDGE('',*,*,#8331,.F.);
#10192 = PLANE('',#10193);
#10193 = AXIS2_PLACEMENT_3D('',#10194,#10195,#10196);
#10194 = CARTESIAN_POINT('',(-0.3,-4.78,8.2));
#10195 = DIRECTION('',(-1.,1.110223024625E-16,0.));
#10196 = DIRECTION('',(-1.110223024625E-16,-1.,0.));
#10197 = ADVANCED_FACE('',(#10198),#10241,.F.);
#10198 = FACE_BOUND('',#10199,.F.);
#10199 = EDGE_LOOP('',(#10200,#10201,#10202,#10210,#10218,#10226,#10234,
    #10240));
#10200 = ORIENTED_EDGE('',*,*,#8348,.F.);
#10201 = ORIENTED_EDGE('',*,*,#10186,.T.);
#10202 = ORIENTED_EDGE('',*,*,#10203,.T.);
#10203 = EDGE_CURVE('',#10179,#10204,#10206,.T.);
#10204 = VERTEX_POINT('',#10205);
#10205 = CARTESIAN_POINT('',(-0.1,-5.38,0.9));
#10206 = LINE('',#10207,#10208);
#10207 = CARTESIAN_POINT('',(-0.3,-5.38,0.9));
#10208 = VECTOR('',#10209,1.);
#10209 = DIRECTION('',(1.,-1.110223024625E-16,0.));
#10210 = ORIENTED_EDGE('',*,*,#10211,.F.);
#10211 = EDGE_CURVE('',#10212,#10204,#10214,.T.);
#10212 = VERTEX_POINT('',#10213);
#10213 = CARTESIAN_POINT('',(-0.1,-5.38,7.4));
#10214 = LINE('',#10215,#10216);
#10215 = CARTESIAN_POINT('',(-0.1,-5.38,6.055738799212));
#10216 = VECTOR('',#10217,1.);
#10217 = DIRECTION('',(-0.,0.,-1.));
#10218 = ORIENTED_EDGE('',*,*,#10219,.T.);
#10219 = EDGE_CURVE('',#10212,#10220,#10222,.T.);
#10220 = VERTEX_POINT('',#10221);
#10221 = CARTESIAN_POINT('',(0.1,-5.38,7.4));
#10222 = LINE('',#10223,#10224);
#10223 = CARTESIAN_POINT('',(-0.1,-5.38,7.4));
#10224 = VECTOR('',#10225,1.);
#10225 = DIRECTION('',(1.,-1.110223024625E-16,0.));
#10226 = ORIENTED_EDGE('',*,*,#10227,.T.);
#10227 = EDGE_CURVE('',#10220,#10228,#10230,.T.);
#10228 = VERTEX_POINT('',#10229);
#10229 = CARTESIAN_POINT('',(0.1,-5.38,0.9));
#10230 = LINE('',#10231,#10232);
#10231 = CARTESIAN_POINT('',(0.1,-5.38,6.055738799212));
#10232 = VECTOR('',#10233,1.);
#10233 = DIRECTION('',(-0.,0.,-1.));
#10234 = ORIENTED_EDGE('',*,*,#10235,.T.);
#10235 = EDGE_CURVE('',#10228,#10091,#10236,.T.);
#10236 = LINE('',#10237,#10238);
#10237 = CARTESIAN_POINT('',(-0.3,-5.38,0.9));
#10238 = VECTOR('',#10239,1.);
#10239 = DIRECTION('',(1.,-1.110223024625E-16,0.));
#10240 = ORIENTED_EDGE('',*,*,#10090,.F.);
#10241 = PLANE('',#10242);
#10242 = AXIS2_PLACEMENT_3D('',#10243,#10244,#10245);
#10243 = CARTESIAN_POINT('',(-0.3,-5.38,8.2));
#10244 = DIRECTION('',(-1.110223024625E-16,-1.,0.));
#10245 = DIRECTION('',(1.,-1.110223024625E-16,0.));
#10246 = ADVANCED_FACE('',(#10247),#10272,.F.);
#10247 = FACE_BOUND('',#10248,.F.);
#10248 = EDGE_LOOP('',(#10249,#10257,#10265,#10271));
#10249 = ORIENTED_EDGE('',*,*,#10250,.T.);
#10250 = EDGE_CURVE('',#8363,#10251,#10253,.T.);
#10251 = VERTEX_POINT('',#10252);
#10252 = CARTESIAN_POINT('',(0.3,-2.84,0.9));
#10253 = LINE('',#10254,#10255);
#10254 = CARTESIAN_POINT('',(0.3,-2.84,8.2));
#10255 = VECTOR('',#10256,1.);
#10256 = DIRECTION('',(0.,-0.,-1.));
#10257 = ORIENTED_EDGE('',*,*,#10258,.T.);
#10258 = EDGE_CURVE('',#10251,#10259,#10261,.T.);
#10259 = VERTEX_POINT('',#10260);
#10260 = CARTESIAN_POINT('',(0.3,-2.24,0.9));
#10261 = LINE('',#10262,#10263);
#10262 = CARTESIAN_POINT('',(0.3,-2.84,0.9));
#10263 = VECTOR('',#10264,1.);
#10264 = DIRECTION('',(1.110223024625E-16,1.,0.));
#10265 = ORIENTED_EDGE('',*,*,#10266,.F.);
#10266 = EDGE_CURVE('',#8372,#10259,#10267,.T.);
#10267 = LINE('',#10268,#10269);
#10268 = CARTESIAN_POINT('',(0.3,-2.24,8.2));
#10269 = VECTOR('',#10270,1.);
#10270 = DIRECTION('',(0.,-0.,-1.));
#10271 = ORIENTED_EDGE('',*,*,#8379,.F.);
#10272 = PLANE('',#10273);
#10273 = AXIS2_PLACEMENT_3D('',#10274,#10275,#10276);
#10274 = CARTESIAN_POINT('',(0.3,-2.84,8.2));
#10275 = DIRECTION('',(1.,-1.110223024625E-16,0.));
#10276 = DIRECTION('',(1.110223024625E-16,1.,0.));
#10277 = ADVANCED_FACE('',(#10278),#10328,.F.);
#10278 = FACE_BOUND('',#10279,.F.);
#10279 = EDGE_LOOP('',(#10280,#10281,#10282,#10290,#10298,#10306,#10314,
    #10322));
#10280 = ORIENTED_EDGE('',*,*,#8403,.F.);
#10281 = ORIENTED_EDGE('',*,*,#10266,.T.);
#10282 = ORIENTED_EDGE('',*,*,#10283,.T.);
#10283 = EDGE_CURVE('',#10259,#10284,#10286,.T.);
#10284 = VERTEX_POINT('',#10285);
#10285 = CARTESIAN_POINT('',(0.1,-2.24,0.9));
#10286 = LINE('',#10287,#10288);
#10287 = CARTESIAN_POINT('',(0.3,-2.24,0.9));
#10288 = VECTOR('',#10289,1.);
#10289 = DIRECTION('',(-1.,1.110223024625E-16,0.));
#10290 = ORIENTED_EDGE('',*,*,#10291,.T.);
#10291 = EDGE_CURVE('',#10284,#10292,#10294,.T.);
#10292 = VERTEX_POINT('',#10293);
#10293 = CARTESIAN_POINT('',(0.1,-2.24,7.4));
#10294 = LINE('',#10295,#10296);
#10295 = CARTESIAN_POINT('',(0.1,-2.24,6.055738799212));
#10296 = VECTOR('',#10297,1.);
#10297 = DIRECTION('',(0.,-0.,1.));
#10298 = ORIENTED_EDGE('',*,*,#10299,.F.);
#10299 = EDGE_CURVE('',#10300,#10292,#10302,.T.);
#10300 = VERTEX_POINT('',#10301);
#10301 = CARTESIAN_POINT('',(-0.1,-2.24,7.4));
#10302 = LINE('',#10303,#10304);
#10303 = CARTESIAN_POINT('',(-0.1,-2.24,7.4));
#10304 = VECTOR('',#10305,1.);
#10305 = DIRECTION('',(1.,-1.110223024625E-16,0.));
#10306 = ORIENTED_EDGE('',*,*,#10307,.F.);
#10307 = EDGE_CURVE('',#10308,#10300,#10310,.T.);
#10308 = VERTEX_POINT('',#10309);
#10309 = CARTESIAN_POINT('',(-0.1,-2.24,0.9));
#10310 = LINE('',#10311,#10312);
#10311 = CARTESIAN_POINT('',(-0.1,-2.24,6.055738799212));
#10312 = VECTOR('',#10313,1.);
#10313 = DIRECTION('',(0.,-0.,1.));
#10314 = ORIENTED_EDGE('',*,*,#10315,.T.);
#10315 = EDGE_CURVE('',#10308,#10316,#10318,.T.);
#10316 = VERTEX_POINT('',#10317);
#10317 = CARTESIAN_POINT('',(-0.3,-2.24,0.9));
#10318 = LINE('',#10319,#10320);
#10319 = CARTESIAN_POINT('',(0.3,-2.24,0.9));
#10320 = VECTOR('',#10321,1.);
#10321 = DIRECTION('',(-1.,1.110223024625E-16,0.));
#10322 = ORIENTED_EDGE('',*,*,#10323,.F.);
#10323 = EDGE_CURVE('',#8396,#10316,#10324,.T.);
#10324 = LINE('',#10325,#10326);
#10325 = CARTESIAN_POINT('',(-0.3,-2.24,8.2));
#10326 = VECTOR('',#10327,1.);
#10327 = DIRECTION('',(0.,-0.,-1.));
#10328 = PLANE('',#10329);
#10329 = AXIS2_PLACEMENT_3D('',#10330,#10331,#10332);
#10330 = CARTESIAN_POINT('',(0.3,-2.24,8.2));
#10331 = DIRECTION('',(1.110223024625E-16,1.,0.));
#10332 = DIRECTION('',(-1.,1.110223024625E-16,0.));
#10333 = ADVANCED_FACE('',(#10334),#10352,.F.);
#10334 = FACE_BOUND('',#10335,.F.);
#10335 = EDGE_LOOP('',(#10336,#10337,#10345,#10351));
#10336 = ORIENTED_EDGE('',*,*,#10323,.T.);
#10337 = ORIENTED_EDGE('',*,*,#10338,.T.);
#10338 = EDGE_CURVE('',#10316,#10339,#10341,.T.);
#10339 = VERTEX_POINT('',#10340);
#10340 = CARTESIAN_POINT('',(-0.3,-2.84,0.9));
#10341 = LINE('',#10342,#10343);
#10342 = CARTESIAN_POINT('',(-0.3,-2.24,0.9));
#10343 = VECTOR('',#10344,1.);
#10344 = DIRECTION('',(-1.110223024625E-16,-1.,0.));
#10345 = ORIENTED_EDGE('',*,*,#10346,.F.);
#10346 = EDGE_CURVE('',#8420,#10339,#10347,.T.);
#10347 = LINE('',#10348,#10349);
#10348 = CARTESIAN_POINT('',(-0.3,-2.84,8.2));
#10349 = VECTOR('',#10350,1.);
#10350 = DIRECTION('',(0.,-0.,-1.));
#10351 = ORIENTED_EDGE('',*,*,#8427,.F.);
#10352 = PLANE('',#10353);
#10353 = AXIS2_PLACEMENT_3D('',#10354,#10355,#10356);
#10354 = CARTESIAN_POINT('',(-0.3,-2.24,8.2));
#10355 = DIRECTION('',(-1.,1.110223024625E-16,0.));
#10356 = DIRECTION('',(-1.110223024625E-16,-1.,0.));
#10357 = ADVANCED_FACE('',(#10358),#10401,.F.);
#10358 = FACE_BOUND('',#10359,.F.);
#10359 = EDGE_LOOP('',(#10360,#10361,#10362,#10370,#10378,#10386,#10394,
    #10400));
#10360 = ORIENTED_EDGE('',*,*,#8444,.F.);
#10361 = ORIENTED_EDGE('',*,*,#10346,.T.);
#10362 = ORIENTED_EDGE('',*,*,#10363,.T.);
#10363 = EDGE_CURVE('',#10339,#10364,#10366,.T.);
#10364 = VERTEX_POINT('',#10365);
#10365 = CARTESIAN_POINT('',(-0.1,-2.84,0.9));
#10366 = LINE('',#10367,#10368);
#10367 = CARTESIAN_POINT('',(-0.3,-2.84,0.9));
#10368 = VECTOR('',#10369,1.);
#10369 = DIRECTION('',(1.,-1.110223024625E-16,0.));
#10370 = ORIENTED_EDGE('',*,*,#10371,.F.);
#10371 = EDGE_CURVE('',#10372,#10364,#10374,.T.);
#10372 = VERTEX_POINT('',#10373);
#10373 = CARTESIAN_POINT('',(-0.1,-2.84,7.4));
#10374 = LINE('',#10375,#10376);
#10375 = CARTESIAN_POINT('',(-0.1,-2.84,6.055738799212));
#10376 = VECTOR('',#10377,1.);
#10377 = DIRECTION('',(-0.,0.,-1.));
#10378 = ORIENTED_EDGE('',*,*,#10379,.T.);
#10379 = EDGE_CURVE('',#10372,#10380,#10382,.T.);
#10380 = VERTEX_POINT('',#10381);
#10381 = CARTESIAN_POINT('',(0.1,-2.84,7.4));
#10382 = LINE('',#10383,#10384);
#10383 = CARTESIAN_POINT('',(-0.1,-2.84,7.4));
#10384 = VECTOR('',#10385,1.);
#10385 = DIRECTION('',(1.,-1.110223024625E-16,0.));
#10386 = ORIENTED_EDGE('',*,*,#10387,.T.);
#10387 = EDGE_CURVE('',#10380,#10388,#10390,.T.);
#10388 = VERTEX_POINT('',#10389);
#10389 = CARTESIAN_POINT('',(0.1,-2.84,0.9));
#10390 = LINE('',#10391,#10392);
#10391 = CARTESIAN_POINT('',(0.1,-2.84,6.055738799212));
#10392 = VECTOR('',#10393,1.);
#10393 = DIRECTION('',(-0.,0.,-1.));
#10394 = ORIENTED_EDGE('',*,*,#10395,.T.);
#10395 = EDGE_CURVE('',#10388,#10251,#10396,.T.);
#10396 = LINE('',#10397,#10398);
#10397 = CARTESIAN_POINT('',(-0.3,-2.84,0.9));
#10398 = VECTOR('',#10399,1.);
#10399 = DIRECTION('',(1.,-1.110223024625E-16,0.));
#10400 = ORIENTED_EDGE('',*,*,#10250,.F.);
#10401 = PLANE('',#10402);
#10402 = AXIS2_PLACEMENT_3D('',#10403,#10404,#10405);
#10403 = CARTESIAN_POINT('',(-0.3,-2.84,8.2));
#10404 = DIRECTION('',(-1.110223024625E-16,-1.,0.));
#10405 = DIRECTION('',(1.,-1.110223024625E-16,0.));
#10406 = ADVANCED_FACE('',(#10407),#10432,.F.);
#10407 = FACE_BOUND('',#10408,.F.);
#10408 = EDGE_LOOP('',(#10409,#10417,#10425,#10431));
#10409 = ORIENTED_EDGE('',*,*,#10410,.T.);
#10410 = EDGE_CURVE('',#8459,#10411,#10413,.T.);
#10411 = VERTEX_POINT('',#10412);
#10412 = CARTESIAN_POINT('',(0.3,-0.3,0.9));
#10413 = LINE('',#10414,#10415);
#10414 = CARTESIAN_POINT('',(0.3,-0.3,8.2));
#10415 = VECTOR('',#10416,1.);
#10416 = DIRECTION('',(0.,-0.,-1.));
#10417 = ORIENTED_EDGE('',*,*,#10418,.T.);
#10418 = EDGE_CURVE('',#10411,#10419,#10421,.T.);
#10419 = VERTEX_POINT('',#10420);
#10420 = CARTESIAN_POINT('',(0.3,0.3,0.9));
#10421 = LINE('',#10422,#10423);
#10422 = CARTESIAN_POINT('',(0.3,-0.3,0.9));
#10423 = VECTOR('',#10424,1.);
#10424 = DIRECTION('',(1.110223024625E-16,1.,0.));
#10425 = ORIENTED_EDGE('',*,*,#10426,.F.);
#10426 = EDGE_CURVE('',#8468,#10419,#10427,.T.);
#10427 = LINE('',#10428,#10429);
#10428 = CARTESIAN_POINT('',(0.3,0.3,8.2));
#10429 = VECTOR('',#10430,1.);
#10430 = DIRECTION('',(0.,-0.,-1.));
#10431 = ORIENTED_EDGE('',*,*,#8475,.F.);
#10432 = PLANE('',#10433);
#10433 = AXIS2_PLACEMENT_3D('',#10434,#10435,#10436);
#10434 = CARTESIAN_POINT('',(0.3,-0.3,8.2));
#10435 = DIRECTION('',(1.,-1.110223024625E-16,0.));
#10436 = DIRECTION('',(1.110223024625E-16,1.,0.));
#10437 = ADVANCED_FACE('',(#10438),#10488,.F.);
#10438 = FACE_BOUND('',#10439,.F.);
#10439 = EDGE_LOOP('',(#10440,#10441,#10442,#10450,#10458,#10466,#10474,
    #10482));
#10440 = ORIENTED_EDGE('',*,*,#8499,.F.);
#10441 = ORIENTED_EDGE('',*,*,#10426,.T.);
#10442 = ORIENTED_EDGE('',*,*,#10443,.T.);
#10443 = EDGE_CURVE('',#10419,#10444,#10446,.T.);
#10444 = VERTEX_POINT('',#10445);
#10445 = CARTESIAN_POINT('',(0.1,0.3,0.9));
#10446 = LINE('',#10447,#10448);
#10447 = CARTESIAN_POINT('',(0.3,0.3,0.9));
#10448 = VECTOR('',#10449,1.);
#10449 = DIRECTION('',(-1.,1.110223024625E-16,0.));
#10450 = ORIENTED_EDGE('',*,*,#10451,.T.);
#10451 = EDGE_CURVE('',#10444,#10452,#10454,.T.);
#10452 = VERTEX_POINT('',#10453);
#10453 = CARTESIAN_POINT('',(0.1,0.3,7.4));
#10454 = LINE('',#10455,#10456);
#10455 = CARTESIAN_POINT('',(0.1,0.3,6.055738799212));
#10456 = VECTOR('',#10457,1.);
#10457 = DIRECTION('',(0.,-0.,1.));
#10458 = ORIENTED_EDGE('',*,*,#10459,.F.);
#10459 = EDGE_CURVE('',#10460,#10452,#10462,.T.);
#10460 = VERTEX_POINT('',#10461);
#10461 = CARTESIAN_POINT('',(-0.1,0.3,7.4));
#10462 = LINE('',#10463,#10464);
#10463 = CARTESIAN_POINT('',(-0.1,0.3,7.4));
#10464 = VECTOR('',#10465,1.);
#10465 = DIRECTION('',(1.,-1.110223024625E-16,0.));
#10466 = ORIENTED_EDGE('',*,*,#10467,.F.);
#10467 = EDGE_CURVE('',#10468,#10460,#10470,.T.);
#10468 = VERTEX_POINT('',#10469);
#10469 = CARTESIAN_POINT('',(-0.1,0.3,0.9));
#10470 = LINE('',#10471,#10472);
#10471 = CARTESIAN_POINT('',(-0.1,0.3,6.055738799212));
#10472 = VECTOR('',#10473,1.);
#10473 = DIRECTION('',(0.,-0.,1.));
#10474 = ORIENTED_EDGE('',*,*,#10475,.T.);
#10475 = EDGE_CURVE('',#10468,#10476,#10478,.T.);
#10476 = VERTEX_POINT('',#10477);
#10477 = CARTESIAN_POINT('',(-0.3,0.3,0.9));
#10478 = LINE('',#10479,#10480);
#10479 = CARTESIAN_POINT('',(0.3,0.3,0.9));
#10480 = VECTOR('',#10481,1.);
#10481 = DIRECTION('',(-1.,1.110223024625E-16,0.));
#10482 = ORIENTED_EDGE('',*,*,#10483,.F.);
#10483 = EDGE_CURVE('',#8492,#10476,#10484,.T.);
#10484 = LINE('',#10485,#10486);
#10485 = CARTESIAN_POINT('',(-0.3,0.3,8.2));
#10486 = VECTOR('',#10487,1.);
#10487 = DIRECTION('',(0.,-0.,-1.));
#10488 = PLANE('',#10489);
#10489 = AXIS2_PLACEMENT_3D('',#10490,#10491,#10492);
#10490 = CARTESIAN_POINT('',(0.3,0.3,8.2));
#10491 = DIRECTION('',(1.110223024625E-16,1.,0.));
#10492 = DIRECTION('',(-1.,1.110223024625E-16,0.));
#10493 = ADVANCED_FACE('',(#10494),#10512,.F.);
#10494 = FACE_BOUND('',#10495,.F.);
#10495 = EDGE_LOOP('',(#10496,#10497,#10505,#10511));
#10496 = ORIENTED_EDGE('',*,*,#10483,.T.);
#10497 = ORIENTED_EDGE('',*,*,#10498,.T.);
#10498 = EDGE_CURVE('',#10476,#10499,#10501,.T.);
#10499 = VERTEX_POINT('',#10500);
#10500 = CARTESIAN_POINT('',(-0.3,-0.3,0.9));
#10501 = LINE('',#10502,#10503);
#10502 = CARTESIAN_POINT('',(-0.3,0.3,0.9));
#10503 = VECTOR('',#10504,1.);
#10504 = DIRECTION('',(-1.110223024625E-16,-1.,0.));
#10505 = ORIENTED_EDGE('',*,*,#10506,.F.);
#10506 = EDGE_CURVE('',#8516,#10499,#10507,.T.);
#10507 = LINE('',#10508,#10509);
#10508 = CARTESIAN_POINT('',(-0.3,-0.3,8.2));
#10509 = VECTOR('',#10510,1.);
#10510 = DIRECTION('',(0.,-0.,-1.));
#10511 = ORIENTED_EDGE('',*,*,#8523,.F.);
#10512 = PLANE('',#10513);
#10513 = AXIS2_PLACEMENT_3D('',#10514,#10515,#10516);
#10514 = CARTESIAN_POINT('',(-0.3,0.3,8.2));
#10515 = DIRECTION('',(-1.,1.110223024625E-16,0.));
#10516 = DIRECTION('',(-1.110223024625E-16,-1.,0.));
#10517 = ADVANCED_FACE('',(#10518),#10561,.F.);
#10518 = FACE_BOUND('',#10519,.F.);
#10519 = EDGE_LOOP('',(#10520,#10521,#10522,#10530,#10538,#10546,#10554,
    #10560));
#10520 = ORIENTED_EDGE('',*,*,#8540,.F.);
#10521 = ORIENTED_EDGE('',*,*,#10506,.T.);
#10522 = ORIENTED_EDGE('',*,*,#10523,.T.);
#10523 = EDGE_CURVE('',#10499,#10524,#10526,.T.);
#10524 = VERTEX_POINT('',#10525);
#10525 = CARTESIAN_POINT('',(-0.1,-0.3,0.9));
#10526 = LINE('',#10527,#10528);
#10527 = CARTESIAN_POINT('',(-0.3,-0.3,0.9));
#10528 = VECTOR('',#10529,1.);
#10529 = DIRECTION('',(1.,-1.110223024625E-16,0.));
#10530 = ORIENTED_EDGE('',*,*,#10531,.F.);
#10531 = EDGE_CURVE('',#10532,#10524,#10534,.T.);
#10532 = VERTEX_POINT('',#10533);
#10533 = CARTESIAN_POINT('',(-0.1,-0.3,7.4));
#10534 = LINE('',#10535,#10536);
#10535 = CARTESIAN_POINT('',(-0.1,-0.3,6.055738799212));
#10536 = VECTOR('',#10537,1.);
#10537 = DIRECTION('',(-0.,0.,-1.));
#10538 = ORIENTED_EDGE('',*,*,#10539,.T.);
#10539 = EDGE_CURVE('',#10532,#10540,#10542,.T.);
#10540 = VERTEX_POINT('',#10541);
#10541 = CARTESIAN_POINT('',(0.1,-0.3,7.4));
#10542 = LINE('',#10543,#10544);
#10543 = CARTESIAN_POINT('',(-0.1,-0.3,7.4));
#10544 = VECTOR('',#10545,1.);
#10545 = DIRECTION('',(1.,-1.110223024625E-16,0.));
#10546 = ORIENTED_EDGE('',*,*,#10547,.T.);
#10547 = EDGE_CURVE('',#10540,#10548,#10550,.T.);
#10548 = VERTEX_POINT('',#10549);
#10549 = CARTESIAN_POINT('',(0.1,-0.3,0.9));
#10550 = LINE('',#10551,#10552);
#10551 = CARTESIAN_POINT('',(0.1,-0.3,6.055738799212));
#10552 = VECTOR('',#10553,1.);
#10553 = DIRECTION('',(-0.,0.,-1.));
#10554 = ORIENTED_EDGE('',*,*,#10555,.T.);
#10555 = EDGE_CURVE('',#10548,#10411,#10556,.T.);
#10556 = LINE('',#10557,#10558);
#10557 = CARTESIAN_POINT('',(-0.3,-0.3,0.9));
#10558 = VECTOR('',#10559,1.);
#10559 = DIRECTION('',(1.,-1.110223024625E-16,0.));
#10560 = ORIENTED_EDGE('',*,*,#10410,.F.);
#10561 = PLANE('',#10562);
#10562 = AXIS2_PLACEMENT_3D('',#10563,#10564,#10565);
#10563 = CARTESIAN_POINT('',(-0.3,-0.3,8.2));
#10564 = DIRECTION('',(-1.110223024625E-16,-1.,0.));
#10565 = DIRECTION('',(1.,-1.110223024625E-16,0.));
#10566 = ADVANCED_FACE('',(#10567),#10578,.T.);
#10567 = FACE_BOUND('',#10568,.T.);
#10568 = EDGE_LOOP('',(#10569,#10575,#10576,#10577));
#10569 = ORIENTED_EDGE('',*,*,#10570,.T.);
#10570 = EDGE_CURVE('',#8636,#8572,#10571,.T.);
#10571 = LINE('',#10572,#10573);
#10572 = CARTESIAN_POINT('',(-0.1,-15.54,-2.5));
#10573 = VECTOR('',#10574,1.);
#10574 = DIRECTION('',(1.,-1.110223024625E-16,0.));
#10575 = ORIENTED_EDGE('',*,*,#8571,.T.);
#10576 = ORIENTED_EDGE('',*,*,#8556,.F.);
#10577 = ORIENTED_EDGE('',*,*,#8635,.F.);
#10578 = PLANE('',#10579);
#10579 = AXIS2_PLACEMENT_3D('',#10580,#10581,#10582);
#10580 = CARTESIAN_POINT('',(-0.1,-15.54,-2.5));
#10581 = DIRECTION('',(-1.110223024625E-16,-1.,0.));
#10582 = DIRECTION('',(0.,0.,1.));
#10583 = ADVANCED_FACE('',(#10584),#10595,.T.);
#10584 = FACE_BOUND('',#10585,.T.);
#10585 = EDGE_LOOP('',(#10586,#10592,#10593,#10594));
#10586 = ORIENTED_EDGE('',*,*,#10587,.T.);
#10587 = EDGE_CURVE('',#8661,#8597,#10588,.T.);
#10588 = LINE('',#10589,#10590);
#10589 = CARTESIAN_POINT('',(-0.1,-15.39,-3.1));
#10590 = VECTOR('',#10591,1.);
#10591 = DIRECTION('',(1.,-1.110223024625E-16,0.));
#10592 = ORIENTED_EDGE('',*,*,#8604,.T.);
#10593 = ORIENTED_EDGE('',*,*,#10570,.F.);
#10594 = ORIENTED_EDGE('',*,*,#8668,.F.);
#10595 = PLANE('',#10596);
#10596 = AXIS2_PLACEMENT_3D('',#10597,#10598,#10599);
#10597 = CARTESIAN_POINT('',(-0.1,-15.39,-3.1));
#10598 = DIRECTION('',(-1.077074540829E-16,-0.970142500145,
    -0.242535625036));
#10599 = DIRECTION('',(-2.692686352073E-17,-0.242535625036,
    0.970142500145));
#10600 = ADVANCED_FACE('',(#10601),#10612,.T.);
#10601 = FACE_BOUND('',#10602,.T.);
#10602 = EDGE_LOOP('',(#10603,#10609,#10610,#10611));
#10603 = ORIENTED_EDGE('',*,*,#10604,.T.);
#10604 = EDGE_CURVE('',#8653,#8589,#10605,.T.);
#10605 = LINE('',#10606,#10607);
#10606 = CARTESIAN_POINT('',(-0.1,-15.09,-3.1));
#10607 = VECTOR('',#10608,1.);
#10608 = DIRECTION('',(1.,-1.110223024625E-16,0.));
#10609 = ORIENTED_EDGE('',*,*,#8596,.T.);
#10610 = ORIENTED_EDGE('',*,*,#10587,.F.);
#10611 = ORIENTED_EDGE('',*,*,#8660,.T.);
#10612 = PLANE('',#10613);
#10613 = AXIS2_PLACEMENT_3D('',#10614,#10615,#10616);
#10614 = CARTESIAN_POINT('',(-0.1,-15.09,-3.1));
#10615 = DIRECTION('',(0.,-0.,-1.));
#10616 = DIRECTION('',(-1.110223024625E-16,-1.,0.));
#10617 = ADVANCED_FACE('',(#10618),#10629,.T.);
#10618 = FACE_BOUND('',#10619,.T.);
#10619 = EDGE_LOOP('',(#10620,#10626,#10627,#10628));
#10620 = ORIENTED_EDGE('',*,*,#10621,.T.);
#10621 = EDGE_CURVE('',#8645,#8581,#10622,.T.);
#10622 = LINE('',#10623,#10624);
#10623 = CARTESIAN_POINT('',(-0.1,-14.94,-2.5));
#10624 = VECTOR('',#10625,1.);
#10625 = DIRECTION('',(1.,-1.110223024625E-16,0.));
#10626 = ORIENTED_EDGE('',*,*,#8588,.T.);
#10627 = ORIENTED_EDGE('',*,*,#10604,.F.);
#10628 = ORIENTED_EDGE('',*,*,#8652,.F.);
#10629 = PLANE('',#10630);
#10630 = AXIS2_PLACEMENT_3D('',#10631,#10632,#10633);
#10631 = CARTESIAN_POINT('',(-0.1,-14.94,-2.5));
#10632 = DIRECTION('',(1.077074540829E-16,0.970142500145,-0.242535625036
    ));
#10633 = DIRECTION('',(-2.692686352073E-17,-0.242535625036,
    -0.970142500145));
#10634 = ADVANCED_FACE('',(#10635),#10641,.T.);
#10635 = FACE_BOUND('',#10636,.T.);
#10636 = EDGE_LOOP('',(#10637,#10638,#10639,#10640));
#10637 = ORIENTED_EDGE('',*,*,#8618,.T.);
#10638 = ORIENTED_EDGE('',*,*,#8580,.T.);
#10639 = ORIENTED_EDGE('',*,*,#10621,.F.);
#10640 = ORIENTED_EDGE('',*,*,#8644,.F.);
#10641 = PLANE('',#10642);
#10642 = AXIS2_PLACEMENT_3D('',#10643,#10644,#10645);
#10643 = CARTESIAN_POINT('',(-0.1,-14.94,0.2));
#10644 = DIRECTION('',(1.110223024625E-16,1.,0.));
#10645 = DIRECTION('',(0.,0.,-1.));
#10646 = ADVANCED_FACE('',(#10647),#10658,.T.);
#10647 = FACE_BOUND('',#10648,.T.);
#10648 = EDGE_LOOP('',(#10649,#10655,#10656,#10657));
#10649 = ORIENTED_EDGE('',*,*,#10650,.T.);
#10650 = EDGE_CURVE('',#8764,#8700,#10651,.T.);
#10651 = LINE('',#10652,#10653);
#10652 = CARTESIAN_POINT('',(-0.1,-13.,-2.5));
#10653 = VECTOR('',#10654,1.);
#10654 = DIRECTION('',(1.,-1.110223024625E-16,0.));
#10655 = ORIENTED_EDGE('',*,*,#8699,.T.);
#10656 = ORIENTED_EDGE('',*,*,#8684,.F.);
#10657 = ORIENTED_EDGE('',*,*,#8763,.F.);
#10658 = PLANE('',#10659);
#10659 = AXIS2_PLACEMENT_3D('',#10660,#10661,#10662);
#10660 = CARTESIAN_POINT('',(-0.1,-13.,-2.5));
#10661 = DIRECTION('',(-1.110223024625E-16,-1.,0.));
#10662 = DIRECTION('',(0.,0.,1.));
#10663 = ADVANCED_FACE('',(#10664),#10675,.T.);
#10664 = FACE_BOUND('',#10665,.T.);
#10665 = EDGE_LOOP('',(#10666,#10672,#10673,#10674));
#10666 = ORIENTED_EDGE('',*,*,#10667,.T.);
#10667 = EDGE_CURVE('',#8789,#8725,#10668,.T.);
#10668 = LINE('',#10669,#10670);
#10669 = CARTESIAN_POINT('',(-0.1,-12.85,-3.1));
#10670 = VECTOR('',#10671,1.);
#10671 = DIRECTION('',(1.,-1.110223024625E-16,0.));
#10672 = ORIENTED_EDGE('',*,*,#8732,.T.);
#10673 = ORIENTED_EDGE('',*,*,#10650,.F.);
#10674 = ORIENTED_EDGE('',*,*,#8796,.F.);
#10675 = PLANE('',#10676);
#10676 = AXIS2_PLACEMENT_3D('',#10677,#10678,#10679);
#10677 = CARTESIAN_POINT('',(-0.1,-12.85,-3.1));
#10678 = DIRECTION('',(-1.077074540829E-16,-0.970142500145,
    -0.242535625036));
#10679 = DIRECTION('',(-2.692686352073E-17,-0.242535625036,
    0.970142500145));
#10680 = ADVANCED_FACE('',(#10681),#10692,.T.);
#10681 = FACE_BOUND('',#10682,.T.);
#10682 = EDGE_LOOP('',(#10683,#10689,#10690,#10691));
#10683 = ORIENTED_EDGE('',*,*,#10684,.T.);
#10684 = EDGE_CURVE('',#8781,#8717,#10685,.T.);
#10685 = LINE('',#10686,#10687);
#10686 = CARTESIAN_POINT('',(-0.1,-12.55,-3.1));
#10687 = VECTOR('',#10688,1.);
#10688 = DIRECTION('',(1.,-1.110223024625E-16,0.));
#10689 = ORIENTED_EDGE('',*,*,#8724,.T.);
#10690 = ORIENTED_EDGE('',*,*,#10667,.F.);
#10691 = ORIENTED_EDGE('',*,*,#8788,.T.);
#10692 = PLANE('',#10693);
#10693 = AXIS2_PLACEMENT_3D('',#10694,#10695,#10696);
#10694 = CARTESIAN_POINT('',(-0.1,-12.55,-3.1));
#10695 = DIRECTION('',(0.,-0.,-1.));
#10696 = DIRECTION('',(-1.110223024625E-16,-1.,0.));
#10697 = ADVANCED_FACE('',(#10698),#10709,.T.);
#10698 = FACE_BOUND('',#10699,.T.);
#10699 = EDGE_LOOP('',(#10700,#10706,#10707,#10708));
#10700 = ORIENTED_EDGE('',*,*,#10701,.T.);
#10701 = EDGE_CURVE('',#8773,#8709,#10702,.T.);
#10702 = LINE('',#10703,#10704);
#10703 = CARTESIAN_POINT('',(-0.1,-12.4,-2.5));
#10704 = VECTOR('',#10705,1.);
#10705 = DIRECTION('',(1.,-1.110223024625E-16,0.));
#10706 = ORIENTED_EDGE('',*,*,#8716,.T.);
#10707 = ORIENTED_EDGE('',*,*,#10684,.F.);
#10708 = ORIENTED_EDGE('',*,*,#8780,.F.);
#10709 = PLANE('',#10710);
#10710 = AXIS2_PLACEMENT_3D('',#10711,#10712,#10713);
#10711 = CARTESIAN_POINT('',(-0.1,-12.4,-2.5));
#10712 = DIRECTION('',(1.077074540829E-16,0.970142500145,-0.242535625036
    ));
#10713 = DIRECTION('',(-2.692686352073E-17,-0.242535625036,
    -0.970142500145));
#10714 = ADVANCED_FACE('',(#10715),#10721,.T.);
#10715 = FACE_BOUND('',#10716,.T.);
#10716 = EDGE_LOOP('',(#10717,#10718,#10719,#10720));
#10717 = ORIENTED_EDGE('',*,*,#8746,.T.);
#10718 = ORIENTED_EDGE('',*,*,#8708,.T.);
#10719 = ORIENTED_EDGE('',*,*,#10701,.F.);
#10720 = ORIENTED_EDGE('',*,*,#8772,.F.);
#10721 = PLANE('',#10722);
#10722 = AXIS2_PLACEMENT_3D('',#10723,#10724,#10725);
#10723 = CARTESIAN_POINT('',(-0.1,-12.4,0.2));
#10724 = DIRECTION('',(1.110223024625E-16,1.,0.));
#10725 = DIRECTION('',(0.,0.,-1.));
#10726 = ADVANCED_FACE('',(#10727),#10738,.T.);
#10727 = FACE_BOUND('',#10728,.T.);
#10728 = EDGE_LOOP('',(#10729,#10735,#10736,#10737));
#10729 = ORIENTED_EDGE('',*,*,#10730,.T.);
#10730 = EDGE_CURVE('',#8892,#8828,#10731,.T.);
#10731 = LINE('',#10732,#10733);
#10732 = CARTESIAN_POINT('',(-0.1,-10.46,-2.5));
#10733 = VECTOR('',#10734,1.);
#10734 = DIRECTION('',(1.,-1.110223024625E-16,0.));
#10735 = ORIENTED_EDGE('',*,*,#8827,.T.);
#10736 = ORIENTED_EDGE('',*,*,#8812,.F.);
#10737 = ORIENTED_EDGE('',*,*,#8891,.F.);
#10738 = PLANE('',#10739);
#10739 = AXIS2_PLACEMENT_3D('',#10740,#10741,#10742);
#10740 = CARTESIAN_POINT('',(-0.1,-10.46,-2.5));
#10741 = DIRECTION('',(-1.110223024625E-16,-1.,0.));
#10742 = DIRECTION('',(0.,0.,1.));
#10743 = ADVANCED_FACE('',(#10744),#10755,.T.);
#10744 = FACE_BOUND('',#10745,.T.);
#10745 = EDGE_LOOP('',(#10746,#10752,#10753,#10754));
#10746 = ORIENTED_EDGE('',*,*,#10747,.T.);
#10747 = EDGE_CURVE('',#8917,#8853,#10748,.T.);
#10748 = LINE('',#10749,#10750);
#10749 = CARTESIAN_POINT('',(-0.1,-10.31,-3.1));
#10750 = VECTOR('',#10751,1.);
#10751 = DIRECTION('',(1.,-1.110223024625E-16,0.));
#10752 = ORIENTED_EDGE('',*,*,#8860,.T.);
#10753 = ORIENTED_EDGE('',*,*,#10730,.F.);
#10754 = ORIENTED_EDGE('',*,*,#8924,.F.);
#10755 = PLANE('',#10756);
#10756 = AXIS2_PLACEMENT_3D('',#10757,#10758,#10759);
#10757 = CARTESIAN_POINT('',(-0.1,-10.31,-3.1));
#10758 = DIRECTION('',(-1.077074540829E-16,-0.970142500145,
    -0.242535625036));
#10759 = DIRECTION('',(-2.692686352073E-17,-0.242535625036,
    0.970142500145));
#10760 = ADVANCED_FACE('',(#10761),#10772,.T.);
#10761 = FACE_BOUND('',#10762,.T.);
#10762 = EDGE_LOOP('',(#10763,#10769,#10770,#10771));
#10763 = ORIENTED_EDGE('',*,*,#10764,.T.);
#10764 = EDGE_CURVE('',#8909,#8845,#10765,.T.);
#10765 = LINE('',#10766,#10767);
#10766 = CARTESIAN_POINT('',(-0.1,-10.01,-3.1));
#10767 = VECTOR('',#10768,1.);
#10768 = DIRECTION('',(1.,-1.110223024625E-16,0.));
#10769 = ORIENTED_EDGE('',*,*,#8852,.T.);
#10770 = ORIENTED_EDGE('',*,*,#10747,.F.);
#10771 = ORIENTED_EDGE('',*,*,#8916,.T.);
#10772 = PLANE('',#10773);
#10773 = AXIS2_PLACEMENT_3D('',#10774,#10775,#10776);
#10774 = CARTESIAN_POINT('',(-0.1,-10.01,-3.1));
#10775 = DIRECTION('',(0.,-0.,-1.));
#10776 = DIRECTION('',(-1.110223024625E-16,-1.,0.));
#10777 = ADVANCED_FACE('',(#10778),#10789,.T.);
#10778 = FACE_BOUND('',#10779,.T.);
#10779 = EDGE_LOOP('',(#10780,#10786,#10787,#10788));
#10780 = ORIENTED_EDGE('',*,*,#10781,.T.);
#10781 = EDGE_CURVE('',#8901,#8837,#10782,.T.);
#10782 = LINE('',#10783,#10784);
#10783 = CARTESIAN_POINT('',(-0.1,-9.86,-2.5));
#10784 = VECTOR('',#10785,1.);
#10785 = DIRECTION('',(1.,-1.110223024625E-16,0.));
#10786 = ORIENTED_EDGE('',*,*,#8844,.T.);
#10787 = ORIENTED_EDGE('',*,*,#10764,.F.);
#10788 = ORIENTED_EDGE('',*,*,#8908,.F.);
#10789 = PLANE('',#10790);
#10790 = AXIS2_PLACEMENT_3D('',#10791,#10792,#10793);
#10791 = CARTESIAN_POINT('',(-0.1,-9.86,-2.5));
#10792 = DIRECTION('',(1.077074540829E-16,0.970142500145,-0.242535625036
    ));
#10793 = DIRECTION('',(-2.692686352073E-17,-0.242535625036,
    -0.970142500145));
#10794 = ADVANCED_FACE('',(#10795),#10801,.T.);
#10795 = FACE_BOUND('',#10796,.T.);
#10796 = EDGE_LOOP('',(#10797,#10798,#10799,#10800));
#10797 = ORIENTED_EDGE('',*,*,#8874,.T.);
#10798 = ORIENTED_EDGE('',*,*,#8836,.T.);
#10799 = ORIENTED_EDGE('',*,*,#10781,.F.);
#10800 = ORIENTED_EDGE('',*,*,#8900,.F.);
#10801 = PLANE('',#10802);
#10802 = AXIS2_PLACEMENT_3D('',#10803,#10804,#10805);
#10803 = CARTESIAN_POINT('',(-0.1,-9.86,0.2));
#10804 = DIRECTION('',(1.110223024625E-16,1.,0.));
#10805 = DIRECTION('',(0.,0.,-1.));
#10806 = ADVANCED_FACE('',(#10807),#10818,.T.);
#10807 = FACE_BOUND('',#10808,.T.);
#10808 = EDGE_LOOP('',(#10809,#10815,#10816,#10817));
#10809 = ORIENTED_EDGE('',*,*,#10810,.T.);
#10810 = EDGE_CURVE('',#9020,#8956,#10811,.T.);
#10811 = LINE('',#10812,#10813);
#10812 = CARTESIAN_POINT('',(-0.1,-7.92,-2.5));
#10813 = VECTOR('',#10814,1.);
#10814 = DIRECTION('',(1.,-1.110223024625E-16,0.));
#10815 = ORIENTED_EDGE('',*,*,#8955,.T.);
#10816 = ORIENTED_EDGE('',*,*,#8940,.F.);
#10817 = ORIENTED_EDGE('',*,*,#9019,.F.);
#10818 = PLANE('',#10819);
#10819 = AXIS2_PLACEMENT_3D('',#10820,#10821,#10822);
#10820 = CARTESIAN_POINT('',(-0.1,-7.92,-2.5));
#10821 = DIRECTION('',(-1.110223024625E-16,-1.,0.));
#10822 = DIRECTION('',(0.,0.,1.));
#10823 = ADVANCED_FACE('',(#10824),#10835,.T.);
#10824 = FACE_BOUND('',#10825,.T.);
#10825 = EDGE_LOOP('',(#10826,#10832,#10833,#10834));
#10826 = ORIENTED_EDGE('',*,*,#10827,.T.);
#10827 = EDGE_CURVE('',#9045,#8981,#10828,.T.);
#10828 = LINE('',#10829,#10830);
#10829 = CARTESIAN_POINT('',(-0.1,-7.77,-3.1));
#10830 = VECTOR('',#10831,1.);
#10831 = DIRECTION('',(1.,-1.110223024625E-16,0.));
#10832 = ORIENTED_EDGE('',*,*,#8988,.T.);
#10833 = ORIENTED_EDGE('',*,*,#10810,.F.);
#10834 = ORIENTED_EDGE('',*,*,#9052,.F.);
#10835 = PLANE('',#10836);
#10836 = AXIS2_PLACEMENT_3D('',#10837,#10838,#10839);
#10837 = CARTESIAN_POINT('',(-0.1,-7.77,-3.1));
#10838 = DIRECTION('',(-1.077074540829E-16,-0.970142500145,
    -0.242535625036));
#10839 = DIRECTION('',(-2.692686352073E-17,-0.242535625036,
    0.970142500145));
#10840 = ADVANCED_FACE('',(#10841),#10852,.T.);
#10841 = FACE_BOUND('',#10842,.T.);
#10842 = EDGE_LOOP('',(#10843,#10849,#10850,#10851));
#10843 = ORIENTED_EDGE('',*,*,#10844,.T.);
#10844 = EDGE_CURVE('',#9037,#8973,#10845,.T.);
#10845 = LINE('',#10846,#10847);
#10846 = CARTESIAN_POINT('',(-0.1,-7.47,-3.1));
#10847 = VECTOR('',#10848,1.);
#10848 = DIRECTION('',(1.,-1.110223024625E-16,0.));
#10849 = ORIENTED_EDGE('',*,*,#8980,.T.);
#10850 = ORIENTED_EDGE('',*,*,#10827,.F.);
#10851 = ORIENTED_EDGE('',*,*,#9044,.T.);
#10852 = PLANE('',#10853);
#10853 = AXIS2_PLACEMENT_3D('',#10854,#10855,#10856);
#10854 = CARTESIAN_POINT('',(-0.1,-7.47,-3.1));
#10855 = DIRECTION('',(0.,-0.,-1.));
#10856 = DIRECTION('',(-1.110223024625E-16,-1.,0.));
#10857 = ADVANCED_FACE('',(#10858),#10869,.T.);
#10858 = FACE_BOUND('',#10859,.T.);
#10859 = EDGE_LOOP('',(#10860,#10866,#10867,#10868));
#10860 = ORIENTED_EDGE('',*,*,#10861,.T.);
#10861 = EDGE_CURVE('',#9029,#8965,#10862,.T.);
#10862 = LINE('',#10863,#10864);
#10863 = CARTESIAN_POINT('',(-0.1,-7.32,-2.5));
#10864 = VECTOR('',#10865,1.);
#10865 = DIRECTION('',(1.,-1.110223024625E-16,0.));
#10866 = ORIENTED_EDGE('',*,*,#8972,.T.);
#10867 = ORIENTED_EDGE('',*,*,#10844,.F.);
#10868 = ORIENTED_EDGE('',*,*,#9036,.F.);
#10869 = PLANE('',#10870);
#10870 = AXIS2_PLACEMENT_3D('',#10871,#10872,#10873);
#10871 = CARTESIAN_POINT('',(-0.1,-7.32,-2.5));
#10872 = DIRECTION('',(1.077074540829E-16,0.970142500145,-0.242535625036
    ));
#10873 = DIRECTION('',(-2.692686352073E-17,-0.242535625036,
    -0.970142500145));
#10874 = ADVANCED_FACE('',(#10875),#10881,.T.);
#10875 = FACE_BOUND('',#10876,.T.);
#10876 = EDGE_LOOP('',(#10877,#10878,#10879,#10880));
#10877 = ORIENTED_EDGE('',*,*,#9002,.T.);
#10878 = ORIENTED_EDGE('',*,*,#8964,.T.);
#10879 = ORIENTED_EDGE('',*,*,#10861,.F.);
#10880 = ORIENTED_EDGE('',*,*,#9028,.F.);
#10881 = PLANE('',#10882);
#10882 = AXIS2_PLACEMENT_3D('',#10883,#10884,#10885);
#10883 = CARTESIAN_POINT('',(-0.1,-7.32,0.2));
#10884 = DIRECTION('',(1.110223024625E-16,1.,0.));
#10885 = DIRECTION('',(0.,0.,-1.));
#10886 = ADVANCED_FACE('',(#10887),#10898,.T.);
#10887 = FACE_BOUND('',#10888,.T.);
#10888 = EDGE_LOOP('',(#10889,#10895,#10896,#10897));
#10889 = ORIENTED_EDGE('',*,*,#10890,.T.);
#10890 = EDGE_CURVE('',#9148,#9084,#10891,.T.);
#10891 = LINE('',#10892,#10893);
#10892 = CARTESIAN_POINT('',(-0.1,-5.38,-2.5));
#10893 = VECTOR('',#10894,1.);
#10894 = DIRECTION('',(1.,-1.110223024625E-16,0.));
#10895 = ORIENTED_EDGE('',*,*,#9083,.T.);
#10896 = ORIENTED_EDGE('',*,*,#9068,.F.);
#10897 = ORIENTED_EDGE('',*,*,#9147,.F.);
#10898 = PLANE('',#10899);
#10899 = AXIS2_PLACEMENT_3D('',#10900,#10901,#10902);
#10900 = CARTESIAN_POINT('',(-0.1,-5.38,-2.5));
#10901 = DIRECTION('',(-1.110223024625E-16,-1.,0.));
#10902 = DIRECTION('',(0.,0.,1.));
#10903 = ADVANCED_FACE('',(#10904),#10915,.T.);
#10904 = FACE_BOUND('',#10905,.T.);
#10905 = EDGE_LOOP('',(#10906,#10912,#10913,#10914));
#10906 = ORIENTED_EDGE('',*,*,#10907,.T.);
#10907 = EDGE_CURVE('',#9173,#9109,#10908,.T.);
#10908 = LINE('',#10909,#10910);
#10909 = CARTESIAN_POINT('',(-0.1,-5.23,-3.1));
#10910 = VECTOR('',#10911,1.);
#10911 = DIRECTION('',(1.,-1.110223024625E-16,0.));
#10912 = ORIENTED_EDGE('',*,*,#9116,.T.);
#10913 = ORIENTED_EDGE('',*,*,#10890,.F.);
#10914 = ORIENTED_EDGE('',*,*,#9180,.F.);
#10915 = PLANE('',#10916);
#10916 = AXIS2_PLACEMENT_3D('',#10917,#10918,#10919);
#10917 = CARTESIAN_POINT('',(-0.1,-5.23,-3.1));
#10918 = DIRECTION('',(-1.077074540829E-16,-0.970142500145,
    -0.242535625036));
#10919 = DIRECTION('',(-2.692686352073E-17,-0.242535625036,
    0.970142500145));
#10920 = ADVANCED_FACE('',(#10921),#10932,.T.);
#10921 = FACE_BOUND('',#10922,.T.);
#10922 = EDGE_LOOP('',(#10923,#10929,#10930,#10931));
#10923 = ORIENTED_EDGE('',*,*,#10924,.T.);
#10924 = EDGE_CURVE('',#9165,#9101,#10925,.T.);
#10925 = LINE('',#10926,#10927);
#10926 = CARTESIAN_POINT('',(-0.1,-4.93,-3.1));
#10927 = VECTOR('',#10928,1.);
#10928 = DIRECTION('',(1.,-1.110223024625E-16,0.));
#10929 = ORIENTED_EDGE('',*,*,#9108,.T.);
#10930 = ORIENTED_EDGE('',*,*,#10907,.F.);
#10931 = ORIENTED_EDGE('',*,*,#9172,.T.);
#10932 = PLANE('',#10933);
#10933 = AXIS2_PLACEMENT_3D('',#10934,#10935,#10936);
#10934 = CARTESIAN_POINT('',(-0.1,-4.93,-3.1));
#10935 = DIRECTION('',(0.,-0.,-1.));
#10936 = DIRECTION('',(-1.110223024625E-16,-1.,0.));
#10937 = ADVANCED_FACE('',(#10938),#10949,.T.);
#10938 = FACE_BOUND('',#10939,.T.);
#10939 = EDGE_LOOP('',(#10940,#10946,#10947,#10948));
#10940 = ORIENTED_EDGE('',*,*,#10941,.T.);
#10941 = EDGE_CURVE('',#9157,#9093,#10942,.T.);
#10942 = LINE('',#10943,#10944);
#10943 = CARTESIAN_POINT('',(-0.1,-4.78,-2.5));
#10944 = VECTOR('',#10945,1.);
#10945 = DIRECTION('',(1.,-1.110223024625E-16,0.));
#10946 = ORIENTED_EDGE('',*,*,#9100,.T.);
#10947 = ORIENTED_EDGE('',*,*,#10924,.F.);
#10948 = ORIENTED_EDGE('',*,*,#9164,.F.);
#10949 = PLANE('',#10950);
#10950 = AXIS2_PLACEMENT_3D('',#10951,#10952,#10953);
#10951 = CARTESIAN_POINT('',(-0.1,-4.78,-2.5));
#10952 = DIRECTION('',(1.077074540829E-16,0.970142500145,-0.242535625036
    ));
#10953 = DIRECTION('',(-2.692686352073E-17,-0.242535625036,
    -0.970142500145));
#10954 = ADVANCED_FACE('',(#10955),#10961,.T.);
#10955 = FACE_BOUND('',#10956,.T.);
#10956 = EDGE_LOOP('',(#10957,#10958,#10959,#10960));
#10957 = ORIENTED_EDGE('',*,*,#9130,.T.);
#10958 = ORIENTED_EDGE('',*,*,#9092,.T.);
#10959 = ORIENTED_EDGE('',*,*,#10941,.F.);
#10960 = ORIENTED_EDGE('',*,*,#9156,.F.);
#10961 = PLANE('',#10962);
#10962 = AXIS2_PLACEMENT_3D('',#10963,#10964,#10965);
#10963 = CARTESIAN_POINT('',(-0.1,-4.78,0.2));
#10964 = DIRECTION('',(1.110223024625E-16,1.,0.));
#10965 = DIRECTION('',(0.,0.,-1.));
#10966 = ADVANCED_FACE('',(#10967),#10978,.T.);
#10967 = FACE_BOUND('',#10968,.T.);
#10968 = EDGE_LOOP('',(#10969,#10975,#10976,#10977));
#10969 = ORIENTED_EDGE('',*,*,#10970,.T.);
#10970 = EDGE_CURVE('',#9276,#9212,#10971,.T.);
#10971 = LINE('',#10972,#10973);
#10972 = CARTESIAN_POINT('',(-0.1,-2.84,-2.5));
#10973 = VECTOR('',#10974,1.);
#10974 = DIRECTION('',(1.,-1.110223024625E-16,0.));
#10975 = ORIENTED_EDGE('',*,*,#9211,.T.);
#10976 = ORIENTED_EDGE('',*,*,#9196,.F.);
#10977 = ORIENTED_EDGE('',*,*,#9275,.F.);
#10978 = PLANE('',#10979);
#10979 = AXIS2_PLACEMENT_3D('',#10980,#10981,#10982);
#10980 = CARTESIAN_POINT('',(-0.1,-2.84,-2.5));
#10981 = DIRECTION('',(-1.110223024625E-16,-1.,0.));
#10982 = DIRECTION('',(0.,0.,1.));
#10983 = ADVANCED_FACE('',(#10984),#10995,.T.);
#10984 = FACE_BOUND('',#10985,.T.);
#10985 = EDGE_LOOP('',(#10986,#10992,#10993,#10994));
#10986 = ORIENTED_EDGE('',*,*,#10987,.T.);
#10987 = EDGE_CURVE('',#9301,#9237,#10988,.T.);
#10988 = LINE('',#10989,#10990);
#10989 = CARTESIAN_POINT('',(-0.1,-2.69,-3.1));
#10990 = VECTOR('',#10991,1.);
#10991 = DIRECTION('',(1.,-1.110223024625E-16,0.));
#10992 = ORIENTED_EDGE('',*,*,#9244,.T.);
#10993 = ORIENTED_EDGE('',*,*,#10970,.F.);
#10994 = ORIENTED_EDGE('',*,*,#9308,.F.);
#10995 = PLANE('',#10996);
#10996 = AXIS2_PLACEMENT_3D('',#10997,#10998,#10999);
#10997 = CARTESIAN_POINT('',(-0.1,-2.69,-3.1));
#10998 = DIRECTION('',(-1.077074540829E-16,-0.970142500145,
    -0.242535625036));
#10999 = DIRECTION('',(-2.692686352073E-17,-0.242535625036,
    0.970142500145));
#11000 = ADVANCED_FACE('',(#11001),#11012,.T.);
#11001 = FACE_BOUND('',#11002,.T.);
#11002 = EDGE_LOOP('',(#11003,#11009,#11010,#11011));
#11003 = ORIENTED_EDGE('',*,*,#11004,.T.);
#11004 = EDGE_CURVE('',#9293,#9229,#11005,.T.);
#11005 = LINE('',#11006,#11007);
#11006 = CARTESIAN_POINT('',(-0.1,-2.39,-3.1));
#11007 = VECTOR('',#11008,1.);
#11008 = DIRECTION('',(1.,-1.110223024625E-16,0.));
#11009 = ORIENTED_EDGE('',*,*,#9236,.T.);
#11010 = ORIENTED_EDGE('',*,*,#10987,.F.);
#11011 = ORIENTED_EDGE('',*,*,#9300,.T.);
#11012 = PLANE('',#11013);
#11013 = AXIS2_PLACEMENT_3D('',#11014,#11015,#11016);
#11014 = CARTESIAN_POINT('',(-0.1,-2.39,-3.1));
#11015 = DIRECTION('',(0.,-0.,-1.));
#11016 = DIRECTION('',(-1.110223024625E-16,-1.,0.));
#11017 = ADVANCED_FACE('',(#11018),#11029,.T.);
#11018 = FACE_BOUND('',#11019,.T.);
#11019 = EDGE_LOOP('',(#11020,#11026,#11027,#11028));
#11020 = ORIENTED_EDGE('',*,*,#11021,.T.);
#11021 = EDGE_CURVE('',#9285,#9221,#11022,.T.);
#11022 = LINE('',#11023,#11024);
#11023 = CARTESIAN_POINT('',(-0.1,-2.24,-2.5));
#11024 = VECTOR('',#11025,1.);
#11025 = DIRECTION('',(1.,-1.110223024625E-16,0.));
#11026 = ORIENTED_EDGE('',*,*,#9228,.T.);
#11027 = ORIENTED_EDGE('',*,*,#11004,.F.);
#11028 = ORIENTED_EDGE('',*,*,#9292,.F.);
#11029 = PLANE('',#11030);
#11030 = AXIS2_PLACEMENT_3D('',#11031,#11032,#11033);
#11031 = CARTESIAN_POINT('',(-0.1,-2.24,-2.5));
#11032 = DIRECTION('',(1.077074540829E-16,0.970142500145,-0.242535625036
    ));
#11033 = DIRECTION('',(-2.692686352073E-17,-0.242535625036,
    -0.970142500145));
#11034 = ADVANCED_FACE('',(#11035),#11041,.T.);
#11035 = FACE_BOUND('',#11036,.T.);
#11036 = EDGE_LOOP('',(#11037,#11038,#11039,#11040));
#11037 = ORIENTED_EDGE('',*,*,#9258,.T.);
#11038 = ORIENTED_EDGE('',*,*,#9220,.T.);
#11039 = ORIENTED_EDGE('',*,*,#11021,.F.);
#11040 = ORIENTED_EDGE('',*,*,#9284,.F.);
#11041 = PLANE('',#11042);
#11042 = AXIS2_PLACEMENT_3D('',#11043,#11044,#11045);
#11043 = CARTESIAN_POINT('',(-0.1,-2.24,0.2));
#11044 = DIRECTION('',(1.110223024625E-16,1.,0.));
#11045 = DIRECTION('',(0.,0.,-1.));
#11046 = ADVANCED_FACE('',(#11047),#11058,.T.);
#11047 = FACE_BOUND('',#11048,.T.);
#11048 = EDGE_LOOP('',(#11049,#11055,#11056,#11057));
#11049 = ORIENTED_EDGE('',*,*,#11050,.T.);
#11050 = EDGE_CURVE('',#9404,#9340,#11051,.T.);
#11051 = LINE('',#11052,#11053);
#11052 = CARTESIAN_POINT('',(-0.1,-0.3,-2.5));
#11053 = VECTOR('',#11054,1.);
#11054 = DIRECTION('',(1.,-1.110223024625E-16,0.));
#11055 = ORIENTED_EDGE('',*,*,#9339,.T.);
#11056 = ORIENTED_EDGE('',*,*,#9324,.F.);
#11057 = ORIENTED_EDGE('',*,*,#9403,.F.);
#11058 = PLANE('',#11059);
#11059 = AXIS2_PLACEMENT_3D('',#11060,#11061,#11062);
#11060 = CARTESIAN_POINT('',(-0.1,-0.3,-2.5));
#11061 = DIRECTION('',(-1.110223024625E-16,-1.,0.));
#11062 = DIRECTION('',(0.,0.,1.));
#11063 = ADVANCED_FACE('',(#11064),#11075,.T.);
#11064 = FACE_BOUND('',#11065,.T.);
#11065 = EDGE_LOOP('',(#11066,#11072,#11073,#11074));
#11066 = ORIENTED_EDGE('',*,*,#11067,.T.);
#11067 = EDGE_CURVE('',#9429,#9365,#11068,.T.);
#11068 = LINE('',#11069,#11070);
#11069 = CARTESIAN_POINT('',(-0.1,-0.15,-3.1));
#11070 = VECTOR('',#11071,1.);
#11071 = DIRECTION('',(1.,-1.110223024625E-16,0.));
#11072 = ORIENTED_EDGE('',*,*,#9372,.T.);
#11073 = ORIENTED_EDGE('',*,*,#11050,.F.);
#11074 = ORIENTED_EDGE('',*,*,#9436,.F.);
#11075 = PLANE('',#11076);
#11076 = AXIS2_PLACEMENT_3D('',#11077,#11078,#11079);
#11077 = CARTESIAN_POINT('',(-0.1,-0.15,-3.1));
#11078 = DIRECTION('',(-1.077074540829E-16,-0.970142500145,
    -0.242535625036));
#11079 = DIRECTION('',(-2.692686352073E-17,-0.242535625036,
    0.970142500145));
#11080 = ADVANCED_FACE('',(#11081),#11092,.T.);
#11081 = FACE_BOUND('',#11082,.T.);
#11082 = EDGE_LOOP('',(#11083,#11089,#11090,#11091));
#11083 = ORIENTED_EDGE('',*,*,#11084,.T.);
#11084 = EDGE_CURVE('',#9421,#9357,#11085,.T.);
#11085 = LINE('',#11086,#11087);
#11086 = CARTESIAN_POINT('',(-0.1,0.15,-3.1));
#11087 = VECTOR('',#11088,1.);
#11088 = DIRECTION('',(1.,-1.110223024625E-16,0.));
#11089 = ORIENTED_EDGE('',*,*,#9364,.T.);
#11090 = ORIENTED_EDGE('',*,*,#11067,.F.);
#11091 = ORIENTED_EDGE('',*,*,#9428,.T.);
#11092 = PLANE('',#11093);
#11093 = AXIS2_PLACEMENT_3D('',#11094,#11095,#11096);
#11094 = CARTESIAN_POINT('',(-0.1,0.15,-3.1));
#11095 = DIRECTION('',(0.,-0.,-1.));
#11096 = DIRECTION('',(-1.110223024625E-16,-1.,0.));
#11097 = ADVANCED_FACE('',(#11098),#11109,.T.);
#11098 = FACE_BOUND('',#11099,.T.);
#11099 = EDGE_LOOP('',(#11100,#11106,#11107,#11108));
#11100 = ORIENTED_EDGE('',*,*,#11101,.T.);
#11101 = EDGE_CURVE('',#9413,#9349,#11102,.T.);
#11102 = LINE('',#11103,#11104);
#11103 = CARTESIAN_POINT('',(-0.1,0.3,-2.5));
#11104 = VECTOR('',#11105,1.);
#11105 = DIRECTION('',(1.,-1.110223024625E-16,0.));
#11106 = ORIENTED_EDGE('',*,*,#9356,.T.);
#11107 = ORIENTED_EDGE('',*,*,#11084,.F.);
#11108 = ORIENTED_EDGE('',*,*,#9420,.F.);
#11109 = PLANE('',#11110);
#11110 = AXIS2_PLACEMENT_3D('',#11111,#11112,#11113);
#11111 = CARTESIAN_POINT('',(-0.1,0.3,-2.5));
#11112 = DIRECTION('',(1.077074540829E-16,0.970142500145,-0.242535625036
    ));
#11113 = DIRECTION('',(-2.692686352073E-17,-0.242535625036,
    -0.970142500145));
#11114 = ADVANCED_FACE('',(#11115),#11121,.T.);
#11115 = FACE_BOUND('',#11116,.T.);
#11116 = EDGE_LOOP('',(#11117,#11118,#11119,#11120));
#11117 = ORIENTED_EDGE('',*,*,#9386,.T.);
#11118 = ORIENTED_EDGE('',*,*,#9348,.T.);
#11119 = ORIENTED_EDGE('',*,*,#11101,.F.);
#11120 = ORIENTED_EDGE('',*,*,#9412,.F.);
#11121 = PLANE('',#11122);
#11122 = AXIS2_PLACEMENT_3D('',#11123,#11124,#11125);
#11123 = CARTESIAN_POINT('',(-0.1,0.3,0.2));
#11124 = DIRECTION('',(1.110223024625E-16,1.,0.));
#11125 = DIRECTION('',(0.,0.,-1.));
#11126 = ADVANCED_FACE('',(#11127),#11138,.T.);
#11127 = FACE_BOUND('',#11128,.T.);
#11128 = EDGE_LOOP('',(#11129,#11130,#11131,#11132));
#11129 = ORIENTED_EDGE('',*,*,#9595,.T.);
#11130 = ORIENTED_EDGE('',*,*,#9458,.T.);
#11131 = ORIENTED_EDGE('',*,*,#9483,.T.);
#11132 = ORIENTED_EDGE('',*,*,#11133,.T.);
#11133 = EDGE_CURVE('',#9484,#9588,#11134,.T.);
#11134 = LINE('',#11135,#11136);
#11135 = CARTESIAN_POINT('',(0.1,-15.24,0.9));
#11136 = VECTOR('',#11137,1.);
#11137 = DIRECTION('',(-1.110223024625E-16,-1.,0.));
#11138 = PLANE('',#11139);
#11139 = AXIS2_PLACEMENT_3D('',#11140,#11141,#11142);
#11140 = CARTESIAN_POINT('',(-1.65265949074E-15,-15.24,0.9));
#11141 = DIRECTION('',(0.,0.,1.));
#11142 = DIRECTION('',(1.110223024625E-16,1.,-0.));
#11143 = ADVANCED_FACE('',(#11144),#11155,.T.);
#11144 = FACE_BOUND('',#11145,.T.);
#11145 = EDGE_LOOP('',(#11146,#11147,#11153,#11154));
#11146 = ORIENTED_EDGE('',*,*,#9563,.T.);
#11147 = ORIENTED_EDGE('',*,*,#11148,.F.);
#11148 = EDGE_CURVE('',#9508,#9564,#11149,.T.);
#11149 = LINE('',#11150,#11151);
#11150 = CARTESIAN_POINT('',(-0.1,-15.24,0.9));
#11151 = VECTOR('',#11152,1.);
#11152 = DIRECTION('',(-1.110223024625E-16,-1.,0.));
#11153 = ORIENTED_EDGE('',*,*,#9515,.T.);
#11154 = ORIENTED_EDGE('',*,*,#9538,.T.);
#11155 = PLANE('',#11156);
#11156 = AXIS2_PLACEMENT_3D('',#11157,#11158,#11159);
#11157 = CARTESIAN_POINT('',(-1.65265949074E-15,-15.24,0.9));
#11158 = DIRECTION('',(0.,0.,1.));
#11159 = DIRECTION('',(1.110223024625E-16,1.,-0.));
#11160 = ADVANCED_FACE('',(#11161),#11204,.T.);
#11161 = FACE_BOUND('',#11162,.T.);
#11162 = EDGE_LOOP('',(#11163,#11164,#11172,#11180,#11188,#11196,#11202,
    #11203));
#11163 = ORIENTED_EDGE('',*,*,#9571,.F.);
#11164 = ORIENTED_EDGE('',*,*,#11165,.T.);
#11165 = EDGE_CURVE('',#9572,#11166,#11168,.T.);
#11166 = VERTEX_POINT('',#11167);
#11167 = CARTESIAN_POINT('',(-0.1,-15.49,7.35));
#11168 = LINE('',#11169,#11170);
#11169 = CARTESIAN_POINT('',(-0.1,-15.54,7.4));
#11170 = VECTOR('',#11171,1.);
#11171 = DIRECTION('',(7.850462293414E-17,0.707106781187,-0.707106781187
    ));
#11172 = ORIENTED_EDGE('',*,*,#11173,.T.);
#11173 = EDGE_CURVE('',#11166,#11174,#11176,.T.);
#11174 = VERTEX_POINT('',#11175);
#11175 = CARTESIAN_POINT('',(-0.1,-15.49,1.25));
#11176 = LINE('',#11177,#11178);
#11177 = CARTESIAN_POINT('',(-0.1,-15.49,7.35));
#11178 = VECTOR('',#11179,1.);
#11179 = DIRECTION('',(0.,0.,-1.));
#11180 = ORIENTED_EDGE('',*,*,#11181,.T.);
#11181 = EDGE_CURVE('',#11174,#11182,#11184,.T.);
#11182 = VERTEX_POINT('',#11183);
#11183 = CARTESIAN_POINT('',(-0.1,-14.99,1.25));
#11184 = LINE('',#11185,#11186);
#11185 = CARTESIAN_POINT('',(-0.1,-15.49,1.25));
#11186 = VECTOR('',#11187,1.);
#11187 = DIRECTION('',(1.110223024625E-16,1.,0.));
#11188 = ORIENTED_EDGE('',*,*,#11189,.T.);
#11189 = EDGE_CURVE('',#11182,#11190,#11192,.T.);
#11190 = VERTEX_POINT('',#11191);
#11191 = CARTESIAN_POINT('',(-0.1,-14.99,7.35));
#11192 = LINE('',#11193,#11194);
#11193 = CARTESIAN_POINT('',(-0.1,-14.99,1.25));
#11194 = VECTOR('',#11195,1.);
#11195 = DIRECTION('',(0.,0.,1.));
#11196 = ORIENTED_EDGE('',*,*,#11197,.T.);
#11197 = EDGE_CURVE('',#11190,#9500,#11198,.T.);
#11198 = LINE('',#11199,#11200);
#11199 = CARTESIAN_POINT('',(-0.1,-14.99,7.35));
#11200 = VECTOR('',#11201,1.);
#11201 = DIRECTION('',(7.850462293414E-17,0.707106781187,0.707106781187)
  );
#11202 = ORIENTED_EDGE('',*,*,#9507,.F.);
#11203 = ORIENTED_EDGE('',*,*,#11148,.T.);
#11204 = PLANE('',#11205);
#11205 = AXIS2_PLACEMENT_3D('',#11206,#11207,#11208);
#11206 = CARTESIAN_POINT('',(-0.1,-15.24,3.911477598424));
#11207 = DIRECTION('',(-1.,1.110223024625E-16,0.));
#11208 = DIRECTION('',(0.,0.,1.));
#11209 = ADVANCED_FACE('',(#11210),#11228,.T.);
#11210 = FACE_BOUND('',#11211,.T.);
#11211 = EDGE_LOOP('',(#11212,#11220,#11226,#11227));
#11212 = ORIENTED_EDGE('',*,*,#11213,.T.);
#11213 = EDGE_CURVE('',#11190,#11214,#11216,.T.);
#11214 = VERTEX_POINT('',#11215);
#11215 = CARTESIAN_POINT('',(0.1,-14.99,7.35));
#11216 = LINE('',#11217,#11218);
#11217 = CARTESIAN_POINT('',(-0.1,-14.99,7.35));
#11218 = VECTOR('',#11219,1.);
#11219 = DIRECTION('',(1.,-1.110223024625E-16,0.));
#11220 = ORIENTED_EDGE('',*,*,#11221,.T.);
#11221 = EDGE_CURVE('',#11214,#9492,#11222,.T.);
#11222 = LINE('',#11223,#11224);
#11223 = CARTESIAN_POINT('',(0.1,-14.99,7.35));
#11224 = VECTOR('',#11225,1.);
#11225 = DIRECTION('',(7.850462293414E-17,0.707106781187,0.707106781187)
  );
#11226 = ORIENTED_EDGE('',*,*,#9499,.F.);
#11227 = ORIENTED_EDGE('',*,*,#11197,.F.);
#11228 = PLANE('',#11229);
#11229 = AXIS2_PLACEMENT_3D('',#11230,#11231,#11232);
#11230 = CARTESIAN_POINT('',(-0.1,-14.99,7.35));
#11231 = DIRECTION('',(-7.850462293414E-17,-0.707106781187,
    0.707106781187));
#11232 = DIRECTION('',(7.850462293414E-17,0.707106781187,0.707106781187)
  );
#11233 = ADVANCED_FACE('',(#11234),#11270,.F.);
#11234 = FACE_BOUND('',#11235,.F.);
#11235 = EDGE_LOOP('',(#11236,#11237,#11245,#11253,#11261,#11267,#11268,
    #11269));
#11236 = ORIENTED_EDGE('',*,*,#9587,.F.);
#11237 = ORIENTED_EDGE('',*,*,#11238,.T.);
#11238 = EDGE_CURVE('',#9580,#11239,#11241,.T.);
#11239 = VERTEX_POINT('',#11240);
#11240 = CARTESIAN_POINT('',(0.1,-15.49,7.35));
#11241 = LINE('',#11242,#11243);
#11242 = CARTESIAN_POINT('',(0.1,-15.54,7.4));
#11243 = VECTOR('',#11244,1.);
#11244 = DIRECTION('',(7.850462293414E-17,0.707106781187,-0.707106781187
    ));
#11245 = ORIENTED_EDGE('',*,*,#11246,.T.);
#11246 = EDGE_CURVE('',#11239,#11247,#11249,.T.);
#11247 = VERTEX_POINT('',#11248);
#11248 = CARTESIAN_POINT('',(0.1,-15.49,1.25));
#11249 = LINE('',#11250,#11251);
#11250 = CARTESIAN_POINT('',(0.1,-15.49,7.35));
#11251 = VECTOR('',#11252,1.);
#11252 = DIRECTION('',(0.,0.,-1.));
#11253 = ORIENTED_EDGE('',*,*,#11254,.T.);
#11254 = EDGE_CURVE('',#11247,#11255,#11257,.T.);
#11255 = VERTEX_POINT('',#11256);
#11256 = CARTESIAN_POINT('',(0.1,-14.99,1.25));
#11257 = LINE('',#11258,#11259);
#11258 = CARTESIAN_POINT('',(0.1,-15.49,1.25));
#11259 = VECTOR('',#11260,1.);
#11260 = DIRECTION('',(1.110223024625E-16,1.,0.));
#11261 = ORIENTED_EDGE('',*,*,#11262,.T.);
#11262 = EDGE_CURVE('',#11255,#11214,#11263,.T.);
#11263 = LINE('',#11264,#11265);
#11264 = CARTESIAN_POINT('',(0.1,-14.99,1.25));
#11265 = VECTOR('',#11266,1.);
#11266 = DIRECTION('',(0.,0.,1.));
#11267 = ORIENTED_EDGE('',*,*,#11221,.T.);
#11268 = ORIENTED_EDGE('',*,*,#9491,.F.);
#11269 = ORIENTED_EDGE('',*,*,#11133,.T.);
#11270 = PLANE('',#11271);
#11271 = AXIS2_PLACEMENT_3D('',#11272,#11273,#11274);
#11272 = CARTESIAN_POINT('',(0.1,-15.24,3.911477598424));
#11273 = DIRECTION('',(-1.,1.110223024625E-16,0.));
#11274 = DIRECTION('',(0.,0.,1.));
#11275 = ADVANCED_FACE('',(#11276),#11287,.T.);
#11276 = FACE_BOUND('',#11277,.T.);
#11277 = EDGE_LOOP('',(#11278,#11279,#11280,#11286));
#11278 = ORIENTED_EDGE('',*,*,#9579,.T.);
#11279 = ORIENTED_EDGE('',*,*,#11238,.T.);
#11280 = ORIENTED_EDGE('',*,*,#11281,.F.);
#11281 = EDGE_CURVE('',#11166,#11239,#11282,.T.);
#11282 = LINE('',#11283,#11284);
#11283 = CARTESIAN_POINT('',(-0.1,-15.49,7.35));
#11284 = VECTOR('',#11285,1.);
#11285 = DIRECTION('',(1.,-1.110223024625E-16,0.));
#11286 = ORIENTED_EDGE('',*,*,#11165,.F.);
#11287 = PLANE('',#11288);
#11288 = AXIS2_PLACEMENT_3D('',#11289,#11290,#11291);
#11289 = CARTESIAN_POINT('',(-0.1,-15.54,7.4));
#11290 = DIRECTION('',(7.850462293414E-17,0.707106781187,0.707106781187)
  );
#11291 = DIRECTION('',(7.850462293414E-17,0.707106781187,-0.707106781187
    ));
#11292 = ADVANCED_FACE('',(#11293),#11304,.T.);
#11293 = FACE_BOUND('',#11294,.T.);
#11294 = EDGE_LOOP('',(#11295,#11296,#11297,#11298));
#11295 = ORIENTED_EDGE('',*,*,#9755,.T.);
#11296 = ORIENTED_EDGE('',*,*,#9618,.T.);
#11297 = ORIENTED_EDGE('',*,*,#9643,.T.);
#11298 = ORIENTED_EDGE('',*,*,#11299,.T.);
#11299 = EDGE_CURVE('',#9644,#9748,#11300,.T.);
#11300 = LINE('',#11301,#11302);
#11301 = CARTESIAN_POINT('',(0.1,-12.7,0.9));
#11302 = VECTOR('',#11303,1.);
#11303 = DIRECTION('',(-1.110223024625E-16,-1.,0.));
#11304 = PLANE('',#11305);
#11305 = AXIS2_PLACEMENT_3D('',#11306,#11307,#11308);
#11306 = CARTESIAN_POINT('',(-1.370662842485E-15,-12.7,0.9));
#11307 = DIRECTION('',(0.,0.,1.));
#11308 = DIRECTION('',(1.110223024625E-16,1.,-0.));
#11309 = ADVANCED_FACE('',(#11310),#11321,.T.);
#11310 = FACE_BOUND('',#11311,.T.);
#11311 = EDGE_LOOP('',(#11312,#11313,#11319,#11320));
#11312 = ORIENTED_EDGE('',*,*,#9723,.T.);
#11313 = ORIENTED_EDGE('',*,*,#11314,.F.);
#11314 = EDGE_CURVE('',#9668,#9724,#11315,.T.);
#11315 = LINE('',#11316,#11317);
#11316 = CARTESIAN_POINT('',(-0.1,-12.7,0.9));
#11317 = VECTOR('',#11318,1.);
#11318 = DIRECTION('',(-1.110223024625E-16,-1.,0.));
#11319 = ORIENTED_EDGE('',*,*,#9675,.T.);
#11320 = ORIENTED_EDGE('',*,*,#9698,.T.);
#11321 = PLANE('',#11322);
#11322 = AXIS2_PLACEMENT_3D('',#11323,#11324,#11325);
#11323 = CARTESIAN_POINT('',(-1.370662842485E-15,-12.7,0.9));
#11324 = DIRECTION('',(0.,0.,1.));
#11325 = DIRECTION('',(1.110223024625E-16,1.,-0.));
#11326 = ADVANCED_FACE('',(#11327),#11370,.T.);
#11327 = FACE_BOUND('',#11328,.T.);
#11328 = EDGE_LOOP('',(#11329,#11330,#11338,#11346,#11354,#11362,#11368,
    #11369));
#11329 = ORIENTED_EDGE('',*,*,#9731,.F.);
#11330 = ORIENTED_EDGE('',*,*,#11331,.T.);
#11331 = EDGE_CURVE('',#9732,#11332,#11334,.T.);
#11332 = VERTEX_POINT('',#11333);
#11333 = CARTESIAN_POINT('',(-0.1,-12.95,7.35));
#11334 = LINE('',#11335,#11336);
#11335 = CARTESIAN_POINT('',(-0.1,-13.,7.4));
#11336 = VECTOR('',#11337,1.);
#11337 = DIRECTION('',(7.850462293414E-17,0.707106781187,-0.707106781187
    ));
#11338 = ORIENTED_EDGE('',*,*,#11339,.T.);
#11339 = EDGE_CURVE('',#11332,#11340,#11342,.T.);
#11340 = VERTEX_POINT('',#11341);
#11341 = CARTESIAN_POINT('',(-0.1,-12.95,1.25));
#11342 = LINE('',#11343,#11344);
#11343 = CARTESIAN_POINT('',(-0.1,-12.95,7.35));
#11344 = VECTOR('',#11345,1.);
#11345 = DIRECTION('',(0.,0.,-1.));
#11346 = ORIENTED_EDGE('',*,*,#11347,.T.);
#11347 = EDGE_CURVE('',#11340,#11348,#11350,.T.);
#11348 = VERTEX_POINT('',#11349);
#11349 = CARTESIAN_POINT('',(-0.1,-12.45,1.25));
#11350 = LINE('',#11351,#11352);
#11351 = CARTESIAN_POINT('',(-0.1,-12.95,1.25));
#11352 = VECTOR('',#11353,1.);
#11353 = DIRECTION('',(1.110223024625E-16,1.,0.));
#11354 = ORIENTED_EDGE('',*,*,#11355,.T.);
#11355 = EDGE_CURVE('',#11348,#11356,#11358,.T.);
#11356 = VERTEX_POINT('',#11357);
#11357 = CARTESIAN_POINT('',(-0.1,-12.45,7.35));
#11358 = LINE('',#11359,#11360);
#11359 = CARTESIAN_POINT('',(-0.1,-12.45,1.25));
#11360 = VECTOR('',#11361,1.);
#11361 = DIRECTION('',(0.,0.,1.));
#11362 = ORIENTED_EDGE('',*,*,#11363,.T.);
#11363 = EDGE_CURVE('',#11356,#9660,#11364,.T.);
#11364 = LINE('',#11365,#11366);
#11365 = CARTESIAN_POINT('',(-0.1,-12.45,7.35));
#11366 = VECTOR('',#11367,1.);
#11367 = DIRECTION('',(7.850462293414E-17,0.707106781187,0.707106781187)
  );
#11368 = ORIENTED_EDGE('',*,*,#9667,.F.);
#11369 = ORIENTED_EDGE('',*,*,#11314,.T.);
#11370 = PLANE('',#11371);
#11371 = AXIS2_PLACEMENT_3D('',#11372,#11373,#11374);
#11372 = CARTESIAN_POINT('',(-0.1,-12.7,3.911477598424));
#11373 = DIRECTION('',(-1.,1.110223024625E-16,0.));
#11374 = DIRECTION('',(0.,0.,1.));
#11375 = ADVANCED_FACE('',(#11376),#11394,.T.);
#11376 = FACE_BOUND('',#11377,.T.);
#11377 = EDGE_LOOP('',(#11378,#11386,#11392,#11393));
#11378 = ORIENTED_EDGE('',*,*,#11379,.T.);
#11379 = EDGE_CURVE('',#11356,#11380,#11382,.T.);
#11380 = VERTEX_POINT('',#11381);
#11381 = CARTESIAN_POINT('',(0.1,-12.45,7.35));
#11382 = LINE('',#11383,#11384);
#11383 = CARTESIAN_POINT('',(-0.1,-12.45,7.35));
#11384 = VECTOR('',#11385,1.);
#11385 = DIRECTION('',(1.,-1.110223024625E-16,0.));
#11386 = ORIENTED_EDGE('',*,*,#11387,.T.);
#11387 = EDGE_CURVE('',#11380,#9652,#11388,.T.);
#11388 = LINE('',#11389,#11390);
#11389 = CARTESIAN_POINT('',(0.1,-12.45,7.35));
#11390 = VECTOR('',#11391,1.);
#11391 = DIRECTION('',(7.850462293414E-17,0.707106781187,0.707106781187)
  );
#11392 = ORIENTED_EDGE('',*,*,#9659,.F.);
#11393 = ORIENTED_EDGE('',*,*,#11363,.F.);
#11394 = PLANE('',#11395);
#11395 = AXIS2_PLACEMENT_3D('',#11396,#11397,#11398);
#11396 = CARTESIAN_POINT('',(-0.1,-12.45,7.35));
#11397 = DIRECTION('',(-7.850462293414E-17,-0.707106781187,
    0.707106781187));
#11398 = DIRECTION('',(7.850462293414E-17,0.707106781187,0.707106781187)
  );
#11399 = ADVANCED_FACE('',(#11400),#11436,.F.);
#11400 = FACE_BOUND('',#11401,.F.);
#11401 = EDGE_LOOP('',(#11402,#11403,#11411,#11419,#11427,#11433,#11434,
    #11435));
#11402 = ORIENTED_EDGE('',*,*,#9747,.F.);
#11403 = ORIENTED_EDGE('',*,*,#11404,.T.);
#11404 = EDGE_CURVE('',#9740,#11405,#11407,.T.);
#11405 = VERTEX_POINT('',#11406);
#11406 = CARTESIAN_POINT('',(0.1,-12.95,7.35));
#11407 = LINE('',#11408,#11409);
#11408 = CARTESIAN_POINT('',(0.1,-13.,7.4));
#11409 = VECTOR('',#11410,1.);
#11410 = DIRECTION('',(7.850462293414E-17,0.707106781187,-0.707106781187
    ));
#11411 = ORIENTED_EDGE('',*,*,#11412,.T.);
#11412 = EDGE_CURVE('',#11405,#11413,#11415,.T.);
#11413 = VERTEX_POINT('',#11414);
#11414 = CARTESIAN_POINT('',(0.1,-12.95,1.25));
#11415 = LINE('',#11416,#11417);
#11416 = CARTESIAN_POINT('',(0.1,-12.95,7.35));
#11417 = VECTOR('',#11418,1.);
#11418 = DIRECTION('',(0.,0.,-1.));
#11419 = ORIENTED_EDGE('',*,*,#11420,.T.);
#11420 = EDGE_CURVE('',#11413,#11421,#11423,.T.);
#11421 = VERTEX_POINT('',#11422);
#11422 = CARTESIAN_POINT('',(0.1,-12.45,1.25));
#11423 = LINE('',#11424,#11425);
#11424 = CARTESIAN_POINT('',(0.1,-12.95,1.25));
#11425 = VECTOR('',#11426,1.);
#11426 = DIRECTION('',(1.110223024625E-16,1.,0.));
#11427 = ORIENTED_EDGE('',*,*,#11428,.T.);
#11428 = EDGE_CURVE('',#11421,#11380,#11429,.T.);
#11429 = LINE('',#11430,#11431);
#11430 = CARTESIAN_POINT('',(0.1,-12.45,1.25));
#11431 = VECTOR('',#11432,1.);
#11432 = DIRECTION('',(0.,0.,1.));
#11433 = ORIENTED_EDGE('',*,*,#11387,.T.);
#11434 = ORIENTED_EDGE('',*,*,#9651,.F.);
#11435 = ORIENTED_EDGE('',*,*,#11299,.T.);
#11436 = PLANE('',#11437);
#11437 = AXIS2_PLACEMENT_3D('',#11438,#11439,#11440);
#11438 = CARTESIAN_POINT('',(0.1,-12.7,3.911477598424));
#11439 = DIRECTION('',(-1.,1.110223024625E-16,0.));
#11440 = DIRECTION('',(0.,0.,1.));
#11441 = ADVANCED_FACE('',(#11442),#11453,.T.);
#11442 = FACE_BOUND('',#11443,.T.);
#11443 = EDGE_LOOP('',(#11444,#11445,#11446,#11452));
#11444 = ORIENTED_EDGE('',*,*,#9739,.T.);
#11445 = ORIENTED_EDGE('',*,*,#11404,.T.);
#11446 = ORIENTED_EDGE('',*,*,#11447,.F.);
#11447 = EDGE_CURVE('',#11332,#11405,#11448,.T.);
#11448 = LINE('',#11449,#11450);
#11449 = CARTESIAN_POINT('',(-0.1,-12.95,7.35));
#11450 = VECTOR('',#11451,1.);
#11451 = DIRECTION('',(1.,-1.110223024625E-16,0.));
#11452 = ORIENTED_EDGE('',*,*,#11331,.F.);
#11453 = PLANE('',#11454);
#11454 = AXIS2_PLACEMENT_3D('',#11455,#11456,#11457);
#11455 = CARTESIAN_POINT('',(-0.1,-13.,7.4));
#11456 = DIRECTION('',(7.850462293414E-17,0.707106781187,0.707106781187)
  );
#11457 = DIRECTION('',(7.850462293414E-17,0.707106781187,-0.707106781187
    ));
#11458 = ADVANCED_FACE('',(#11459),#11470,.T.);
#11459 = FACE_BOUND('',#11460,.T.);
#11460 = EDGE_LOOP('',(#11461,#11462,#11463,#11464));
#11461 = ORIENTED_EDGE('',*,*,#9915,.T.);
#11462 = ORIENTED_EDGE('',*,*,#9778,.T.);
#11463 = ORIENTED_EDGE('',*,*,#9803,.T.);
#11464 = ORIENTED_EDGE('',*,*,#11465,.T.);
#11465 = EDGE_CURVE('',#9804,#9908,#11466,.T.);
#11466 = LINE('',#11467,#11468);
#11467 = CARTESIAN_POINT('',(0.1,-10.16,0.9));
#11468 = VECTOR('',#11469,1.);
#11469 = DIRECTION('',(-1.110223024625E-16,-1.,0.));
#11470 = PLANE('',#11471);
#11471 = AXIS2_PLACEMENT_3D('',#11472,#11473,#11474);
#11472 = CARTESIAN_POINT('',(-1.08866619423E-15,-10.16,0.9));
#11473 = DIRECTION('',(0.,0.,1.));
#11474 = DIRECTION('',(1.110223024625E-16,1.,-0.));
#11475 = ADVANCED_FACE('',(#11476),#11487,.T.);
#11476 = FACE_BOUND('',#11477,.T.);
#11477 = EDGE_LOOP('',(#11478,#11479,#11485,#11486));
#11478 = ORIENTED_EDGE('',*,*,#9883,.T.);
#11479 = ORIENTED_EDGE('',*,*,#11480,.F.);
#11480 = EDGE_CURVE('',#9828,#9884,#11481,.T.);
#11481 = LINE('',#11482,#11483);
#11482 = CARTESIAN_POINT('',(-0.1,-10.16,0.9));
#11483 = VECTOR('',#11484,1.);
#11484 = DIRECTION('',(-1.110223024625E-16,-1.,0.));
#11485 = ORIENTED_EDGE('',*,*,#9835,.T.);
#11486 = ORIENTED_EDGE('',*,*,#9858,.T.);
#11487 = PLANE('',#11488);
#11488 = AXIS2_PLACEMENT_3D('',#11489,#11490,#11491);
#11489 = CARTESIAN_POINT('',(-1.08866619423E-15,-10.16,0.9));
#11490 = DIRECTION('',(0.,0.,1.));
#11491 = DIRECTION('',(1.110223024625E-16,1.,-0.));
#11492 = ADVANCED_FACE('',(#11493),#11536,.T.);
#11493 = FACE_BOUND('',#11494,.T.);
#11494 = EDGE_LOOP('',(#11495,#11496,#11504,#11512,#11520,#11528,#11534,
    #11535));
#11495 = ORIENTED_EDGE('',*,*,#9891,.F.);
#11496 = ORIENTED_EDGE('',*,*,#11497,.T.);
#11497 = EDGE_CURVE('',#9892,#11498,#11500,.T.);
#11498 = VERTEX_POINT('',#11499);
#11499 = CARTESIAN_POINT('',(-0.1,-10.41,7.35));
#11500 = LINE('',#11501,#11502);
#11501 = CARTESIAN_POINT('',(-0.1,-10.46,7.4));
#11502 = VECTOR('',#11503,1.);
#11503 = DIRECTION('',(7.850462293414E-17,0.707106781187,-0.707106781187
    ));
#11504 = ORIENTED_EDGE('',*,*,#11505,.T.);
#11505 = EDGE_CURVE('',#11498,#11506,#11508,.T.);
#11506 = VERTEX_POINT('',#11507);
#11507 = CARTESIAN_POINT('',(-0.1,-10.41,1.25));
#11508 = LINE('',#11509,#11510);
#11509 = CARTESIAN_POINT('',(-0.1,-10.41,7.35));
#11510 = VECTOR('',#11511,1.);
#11511 = DIRECTION('',(0.,0.,-1.));
#11512 = ORIENTED_EDGE('',*,*,#11513,.T.);
#11513 = EDGE_CURVE('',#11506,#11514,#11516,.T.);
#11514 = VERTEX_POINT('',#11515);
#11515 = CARTESIAN_POINT('',(-0.1,-9.91,1.25));
#11516 = LINE('',#11517,#11518);
#11517 = CARTESIAN_POINT('',(-0.1,-10.41,1.25));
#11518 = VECTOR('',#11519,1.);
#11519 = DIRECTION('',(1.110223024625E-16,1.,0.));
#11520 = ORIENTED_EDGE('',*,*,#11521,.T.);
#11521 = EDGE_CURVE('',#11514,#11522,#11524,.T.);
#11522 = VERTEX_POINT('',#11523);
#11523 = CARTESIAN_POINT('',(-0.1,-9.91,7.35));
#11524 = LINE('',#11525,#11526);
#11525 = CARTESIAN_POINT('',(-0.1,-9.91,1.25));
#11526 = VECTOR('',#11527,1.);
#11527 = DIRECTION('',(0.,0.,1.));
#11528 = ORIENTED_EDGE('',*,*,#11529,.T.);
#11529 = EDGE_CURVE('',#11522,#9820,#11530,.T.);
#11530 = LINE('',#11531,#11532);
#11531 = CARTESIAN_POINT('',(-0.1,-9.91,7.35));
#11532 = VECTOR('',#11533,1.);
#11533 = DIRECTION('',(7.850462293414E-17,0.707106781187,0.707106781187)
  );
#11534 = ORIENTED_EDGE('',*,*,#9827,.F.);
#11535 = ORIENTED_EDGE('',*,*,#11480,.T.);
#11536 = PLANE('',#11537);
#11537 = AXIS2_PLACEMENT_3D('',#11538,#11539,#11540);
#11538 = CARTESIAN_POINT('',(-0.1,-10.16,3.911477598424));
#11539 = DIRECTION('',(-1.,1.110223024625E-16,0.));
#11540 = DIRECTION('',(0.,0.,1.));
#11541 = ADVANCED_FACE('',(#11542),#11560,.T.);
#11542 = FACE_BOUND('',#11543,.T.);
#11543 = EDGE_LOOP('',(#11544,#11552,#11558,#11559));
#11544 = ORIENTED_EDGE('',*,*,#11545,.T.);
#11545 = EDGE_CURVE('',#11522,#11546,#11548,.T.);
#11546 = VERTEX_POINT('',#11547);
#11547 = CARTESIAN_POINT('',(0.1,-9.91,7.35));
#11548 = LINE('',#11549,#11550);
#11549 = CARTESIAN_POINT('',(-0.1,-9.91,7.35));
#11550 = VECTOR('',#11551,1.);
#11551 = DIRECTION('',(1.,-1.110223024625E-16,0.));
#11552 = ORIENTED_EDGE('',*,*,#11553,.T.);
#11553 = EDGE_CURVE('',#11546,#9812,#11554,.T.);
#11554 = LINE('',#11555,#11556);
#11555 = CARTESIAN_POINT('',(0.1,-9.91,7.35));
#11556 = VECTOR('',#11557,1.);
#11557 = DIRECTION('',(7.850462293414E-17,0.707106781187,0.707106781187)
  );
#11558 = ORIENTED_EDGE('',*,*,#9819,.F.);
#11559 = ORIENTED_EDGE('',*,*,#11529,.F.);
#11560 = PLANE('',#11561);
#11561 = AXIS2_PLACEMENT_3D('',#11562,#11563,#11564);
#11562 = CARTESIAN_POINT('',(-0.1,-9.91,7.35));
#11563 = DIRECTION('',(-7.850462293414E-17,-0.707106781187,
    0.707106781187));
#11564 = DIRECTION('',(7.850462293414E-17,0.707106781187,0.707106781187)
  );
#11565 = ADVANCED_FACE('',(#11566),#11602,.F.);
#11566 = FACE_BOUND('',#11567,.F.);
#11567 = EDGE_LOOP('',(#11568,#11569,#11577,#11585,#11593,#11599,#11600,
    #11601));
#11568 = ORIENTED_EDGE('',*,*,#9907,.F.);
#11569 = ORIENTED_EDGE('',*,*,#11570,.T.);
#11570 = EDGE_CURVE('',#9900,#11571,#11573,.T.);
#11571 = VERTEX_POINT('',#11572);
#11572 = CARTESIAN_POINT('',(0.1,-10.41,7.35));
#11573 = LINE('',#11574,#11575);
#11574 = CARTESIAN_POINT('',(0.1,-10.46,7.4));
#11575 = VECTOR('',#11576,1.);
#11576 = DIRECTION('',(7.850462293414E-17,0.707106781187,-0.707106781187
    ));
#11577 = ORIENTED_EDGE('',*,*,#11578,.T.);
#11578 = EDGE_CURVE('',#11571,#11579,#11581,.T.);
#11579 = VERTEX_POINT('',#11580);
#11580 = CARTESIAN_POINT('',(0.1,-10.41,1.25));
#11581 = LINE('',#11582,#11583);
#11582 = CARTESIAN_POINT('',(0.1,-10.41,7.35));
#11583 = VECTOR('',#11584,1.);
#11584 = DIRECTION('',(0.,0.,-1.));
#11585 = ORIENTED_EDGE('',*,*,#11586,.T.);
#11586 = EDGE_CURVE('',#11579,#11587,#11589,.T.);
#11587 = VERTEX_POINT('',#11588);
#11588 = CARTESIAN_POINT('',(0.1,-9.91,1.25));
#11589 = LINE('',#11590,#11591);
#11590 = CARTESIAN_POINT('',(0.1,-10.41,1.25));
#11591 = VECTOR('',#11592,1.);
#11592 = DIRECTION('',(1.110223024625E-16,1.,0.));
#11593 = ORIENTED_EDGE('',*,*,#11594,.T.);
#11594 = EDGE_CURVE('',#11587,#11546,#11595,.T.);
#11595 = LINE('',#11596,#11597);
#11596 = CARTESIAN_POINT('',(0.1,-9.91,1.25));
#11597 = VECTOR('',#11598,1.);
#11598 = DIRECTION('',(0.,0.,1.));
#11599 = ORIENTED_EDGE('',*,*,#11553,.T.);
#11600 = ORIENTED_EDGE('',*,*,#9811,.F.);
#11601 = ORIENTED_EDGE('',*,*,#11465,.T.);
#11602 = PLANE('',#11603);
#11603 = AXIS2_PLACEMENT_3D('',#11604,#11605,#11606);
#11604 = CARTESIAN_POINT('',(0.1,-10.16,3.911477598424));
#11605 = DIRECTION('',(-1.,1.110223024625E-16,0.));
#11606 = DIRECTION('',(0.,0.,1.));
#11607 = ADVANCED_FACE('',(#11608),#11619,.T.);
#11608 = FACE_BOUND('',#11609,.T.);
#11609 = EDGE_LOOP('',(#11610,#11611,#11612,#11618));
#11610 = ORIENTED_EDGE('',*,*,#9899,.T.);
#11611 = ORIENTED_EDGE('',*,*,#11570,.T.);
#11612 = ORIENTED_EDGE('',*,*,#11613,.F.);
#11613 = EDGE_CURVE('',#11498,#11571,#11614,.T.);
#11614 = LINE('',#11615,#11616);
#11615 = CARTESIAN_POINT('',(-0.1,-10.41,7.35));
#11616 = VECTOR('',#11617,1.);
#11617 = DIRECTION('',(1.,-1.110223024625E-16,0.));
#11618 = ORIENTED_EDGE('',*,*,#11497,.F.);
#11619 = PLANE('',#11620);
#11620 = AXIS2_PLACEMENT_3D('',#11621,#11622,#11623);
#11621 = CARTESIAN_POINT('',(-0.1,-10.46,7.4));
#11622 = DIRECTION('',(7.850462293414E-17,0.707106781187,0.707106781187)
  );
#11623 = DIRECTION('',(7.850462293414E-17,0.707106781187,-0.707106781187
    ));
#11624 = ADVANCED_FACE('',(#11625),#11636,.T.);
#11625 = FACE_BOUND('',#11626,.T.);
#11626 = EDGE_LOOP('',(#11627,#11628,#11629,#11630));
#11627 = ORIENTED_EDGE('',*,*,#10075,.T.);
#11628 = ORIENTED_EDGE('',*,*,#9938,.T.);
#11629 = ORIENTED_EDGE('',*,*,#9963,.T.);
#11630 = ORIENTED_EDGE('',*,*,#11631,.T.);
#11631 = EDGE_CURVE('',#9964,#10068,#11632,.T.);
#11632 = LINE('',#11633,#11634);
#11633 = CARTESIAN_POINT('',(0.1,-7.62,0.9));
#11634 = VECTOR('',#11635,1.);
#11635 = DIRECTION('',(-1.110223024625E-16,-1.,0.));
#11636 = PLANE('',#11637);
#11637 = AXIS2_PLACEMENT_3D('',#11638,#11639,#11640);
#11638 = CARTESIAN_POINT('',(-8.066695459756E-16,-7.62,0.9));
#11639 = DIRECTION('',(0.,0.,1.));
#11640 = DIRECTION('',(1.110223024625E-16,1.,-0.));
#11641 = ADVANCED_FACE('',(#11642),#11653,.T.);
#11642 = FACE_BOUND('',#11643,.T.);
#11643 = EDGE_LOOP('',(#11644,#11645,#11651,#11652));
#11644 = ORIENTED_EDGE('',*,*,#10043,.T.);
#11645 = ORIENTED_EDGE('',*,*,#11646,.F.);
#11646 = EDGE_CURVE('',#9988,#10044,#11647,.T.);
#11647 = LINE('',#11648,#11649);
#11648 = CARTESIAN_POINT('',(-0.1,-7.62,0.9));
#11649 = VECTOR('',#11650,1.);
#11650 = DIRECTION('',(-1.110223024625E-16,-1.,0.));
#11651 = ORIENTED_EDGE('',*,*,#9995,.T.);
#11652 = ORIENTED_EDGE('',*,*,#10018,.T.);
#11653 = PLANE('',#11654);
#11654 = AXIS2_PLACEMENT_3D('',#11655,#11656,#11657);
#11655 = CARTESIAN_POINT('',(-8.066695459756E-16,-7.62,0.9));
#11656 = DIRECTION('',(0.,0.,1.));
#11657 = DIRECTION('',(1.110223024625E-16,1.,-0.));
#11658 = ADVANCED_FACE('',(#11659),#11702,.T.);
#11659 = FACE_BOUND('',#11660,.T.);
#11660 = EDGE_LOOP('',(#11661,#11662,#11670,#11678,#11686,#11694,#11700,
    #11701));
#11661 = ORIENTED_EDGE('',*,*,#10051,.F.);
#11662 = ORIENTED_EDGE('',*,*,#11663,.T.);
#11663 = EDGE_CURVE('',#10052,#11664,#11666,.T.);
#11664 = VERTEX_POINT('',#11665);
#11665 = CARTESIAN_POINT('',(-0.1,-7.87,7.35));
#11666 = LINE('',#11667,#11668);
#11667 = CARTESIAN_POINT('',(-0.1,-7.92,7.4));
#11668 = VECTOR('',#11669,1.);
#11669 = DIRECTION('',(7.850462293414E-17,0.707106781187,-0.707106781187
    ));
#11670 = ORIENTED_EDGE('',*,*,#11671,.T.);
#11671 = EDGE_CURVE('',#11664,#11672,#11674,.T.);
#11672 = VERTEX_POINT('',#11673);
#11673 = CARTESIAN_POINT('',(-0.1,-7.87,1.25));
#11674 = LINE('',#11675,#11676);
#11675 = CARTESIAN_POINT('',(-0.1,-7.87,7.35));
#11676 = VECTOR('',#11677,1.);
#11677 = DIRECTION('',(0.,0.,-1.));
#11678 = ORIENTED_EDGE('',*,*,#11679,.T.);
#11679 = EDGE_CURVE('',#11672,#11680,#11682,.T.);
#11680 = VERTEX_POINT('',#11681);
#11681 = CARTESIAN_POINT('',(-0.1,-7.37,1.25));
#11682 = LINE('',#11683,#11684);
#11683 = CARTESIAN_POINT('',(-0.1,-7.87,1.25));
#11684 = VECTOR('',#11685,1.);
#11685 = DIRECTION('',(1.110223024625E-16,1.,0.));
#11686 = ORIENTED_EDGE('',*,*,#11687,.T.);
#11687 = EDGE_CURVE('',#11680,#11688,#11690,.T.);
#11688 = VERTEX_POINT('',#11689);
#11689 = CARTESIAN_POINT('',(-0.1,-7.37,7.35));
#11690 = LINE('',#11691,#11692);
#11691 = CARTESIAN_POINT('',(-0.1,-7.37,1.25));
#11692 = VECTOR('',#11693,1.);
#11693 = DIRECTION('',(0.,0.,1.));
#11694 = ORIENTED_EDGE('',*,*,#11695,.T.);
#11695 = EDGE_CURVE('',#11688,#9980,#11696,.T.);
#11696 = LINE('',#11697,#11698);
#11697 = CARTESIAN_POINT('',(-0.1,-7.37,7.35));
#11698 = VECTOR('',#11699,1.);
#11699 = DIRECTION('',(7.850462293414E-17,0.707106781187,0.707106781187)
  );
#11700 = ORIENTED_EDGE('',*,*,#9987,.F.);
#11701 = ORIENTED_EDGE('',*,*,#11646,.T.);
#11702 = PLANE('',#11703);
#11703 = AXIS2_PLACEMENT_3D('',#11704,#11705,#11706);
#11704 = CARTESIAN_POINT('',(-0.1,-7.62,3.911477598424));
#11705 = DIRECTION('',(-1.,1.110223024625E-16,0.));
#11706 = DIRECTION('',(0.,0.,1.));
#11707 = ADVANCED_FACE('',(#11708),#11726,.T.);
#11708 = FACE_BOUND('',#11709,.T.);
#11709 = EDGE_LOOP('',(#11710,#11718,#11724,#11725));
#11710 = ORIENTED_EDGE('',*,*,#11711,.T.);
#11711 = EDGE_CURVE('',#11688,#11712,#11714,.T.);
#11712 = VERTEX_POINT('',#11713);
#11713 = CARTESIAN_POINT('',(0.1,-7.37,7.35));
#11714 = LINE('',#11715,#11716);
#11715 = CARTESIAN_POINT('',(-0.1,-7.37,7.35));
#11716 = VECTOR('',#11717,1.);
#11717 = DIRECTION('',(1.,-1.110223024625E-16,0.));
#11718 = ORIENTED_EDGE('',*,*,#11719,.T.);
#11719 = EDGE_CURVE('',#11712,#9972,#11720,.T.);
#11720 = LINE('',#11721,#11722);
#11721 = CARTESIAN_POINT('',(0.1,-7.37,7.35));
#11722 = VECTOR('',#11723,1.);
#11723 = DIRECTION('',(7.850462293414E-17,0.707106781187,0.707106781187)
  );
#11724 = ORIENTED_EDGE('',*,*,#9979,.F.);
#11725 = ORIENTED_EDGE('',*,*,#11695,.F.);
#11726 = PLANE('',#11727);
#11727 = AXIS2_PLACEMENT_3D('',#11728,#11729,#11730);
#11728 = CARTESIAN_POINT('',(-0.1,-7.37,7.35));
#11729 = DIRECTION('',(-7.850462293414E-17,-0.707106781187,
    0.707106781187));
#11730 = DIRECTION('',(7.850462293414E-17,0.707106781187,0.707106781187)
  );
#11731 = ADVANCED_FACE('',(#11732),#11768,.F.);
#11732 = FACE_BOUND('',#11733,.F.);
#11733 = EDGE_LOOP('',(#11734,#11735,#11743,#11751,#11759,#11765,#11766,
    #11767));
#11734 = ORIENTED_EDGE('',*,*,#10067,.F.);
#11735 = ORIENTED_EDGE('',*,*,#11736,.T.);
#11736 = EDGE_CURVE('',#10060,#11737,#11739,.T.);
#11737 = VERTEX_POINT('',#11738);
#11738 = CARTESIAN_POINT('',(0.1,-7.87,7.35));
#11739 = LINE('',#11740,#11741);
#11740 = CARTESIAN_POINT('',(0.1,-7.92,7.4));
#11741 = VECTOR('',#11742,1.);
#11742 = DIRECTION('',(7.850462293414E-17,0.707106781187,-0.707106781187
    ));
#11743 = ORIENTED_EDGE('',*,*,#11744,.T.);
#11744 = EDGE_CURVE('',#11737,#11745,#11747,.T.);
#11745 = VERTEX_POINT('',#11746);
#11746 = CARTESIAN_POINT('',(0.1,-7.87,1.25));
#11747 = LINE('',#11748,#11749);
#11748 = CARTESIAN_POINT('',(0.1,-7.87,7.35));
#11749 = VECTOR('',#11750,1.);
#11750 = DIRECTION('',(0.,0.,-1.));
#11751 = ORIENTED_EDGE('',*,*,#11752,.T.);
#11752 = EDGE_CURVE('',#11745,#11753,#11755,.T.);
#11753 = VERTEX_POINT('',#11754);
#11754 = CARTESIAN_POINT('',(0.1,-7.37,1.25));
#11755 = LINE('',#11756,#11757);
#11756 = CARTESIAN_POINT('',(0.1,-7.87,1.25));
#11757 = VECTOR('',#11758,1.);
#11758 = DIRECTION('',(1.110223024625E-16,1.,0.));
#11759 = ORIENTED_EDGE('',*,*,#11760,.T.);
#11760 = EDGE_CURVE('',#11753,#11712,#11761,.T.);
#11761 = LINE('',#11762,#11763);
#11762 = CARTESIAN_POINT('',(0.1,-7.37,1.25));
#11763 = VECTOR('',#11764,1.);
#11764 = DIRECTION('',(0.,0.,1.));
#11765 = ORIENTED_EDGE('',*,*,#11719,.T.);
#11766 = ORIENTED_EDGE('',*,*,#9971,.F.);
#11767 = ORIENTED_EDGE('',*,*,#11631,.T.);
#11768 = PLANE('',#11769);
#11769 = AXIS2_PLACEMENT_3D('',#11770,#11771,#11772);
#11770 = CARTESIAN_POINT('',(0.1,-7.62,3.911477598424));
#11771 = DIRECTION('',(-1.,1.110223024625E-16,0.));
#11772 = DIRECTION('',(0.,0.,1.));
#11773 = ADVANCED_FACE('',(#11774),#11785,.T.);
#11774 = FACE_BOUND('',#11775,.T.);
#11775 = EDGE_LOOP('',(#11776,#11777,#11778,#11784));
#11776 = ORIENTED_EDGE('',*,*,#10059,.T.);
#11777 = ORIENTED_EDGE('',*,*,#11736,.T.);
#11778 = ORIENTED_EDGE('',*,*,#11779,.F.);
#11779 = EDGE_CURVE('',#11664,#11737,#11780,.T.);
#11780 = LINE('',#11781,#11782);
#11781 = CARTESIAN_POINT('',(-0.1,-7.87,7.35));
#11782 = VECTOR('',#11783,1.);
#11783 = DIRECTION('',(1.,-1.110223024625E-16,0.));
#11784 = ORIENTED_EDGE('',*,*,#11663,.F.);
#11785 = PLANE('',#11786);
#11786 = AXIS2_PLACEMENT_3D('',#11787,#11788,#11789);
#11787 = CARTESIAN_POINT('',(-0.1,-7.92,7.4));
#11788 = DIRECTION('',(7.850462293414E-17,0.707106781187,0.707106781187)
  );
#11789 = DIRECTION('',(7.850462293414E-17,0.707106781187,-0.707106781187
    ));
#11790 = ADVANCED_FACE('',(#11791),#11802,.T.);
#11791 = FACE_BOUND('',#11792,.T.);
#11792 = EDGE_LOOP('',(#11793,#11794,#11795,#11796));
#11793 = ORIENTED_EDGE('',*,*,#10235,.T.);
#11794 = ORIENTED_EDGE('',*,*,#10098,.T.);
#11795 = ORIENTED_EDGE('',*,*,#10123,.T.);
#11796 = ORIENTED_EDGE('',*,*,#11797,.T.);
#11797 = EDGE_CURVE('',#10124,#10228,#11798,.T.);
#11798 = LINE('',#11799,#11800);
#11799 = CARTESIAN_POINT('',(0.1,-5.08,0.9));
#11800 = VECTOR('',#11801,1.);
#11801 = DIRECTION('',(-1.110223024625E-16,-1.,0.));
#11802 = PLANE('',#11803);
#11803 = AXIS2_PLACEMENT_3D('',#11804,#11805,#11806);
#11804 = CARTESIAN_POINT('',(-5.246728977208E-16,-5.08,0.9));
#11805 = DIRECTION('',(0.,0.,1.));
#11806 = DIRECTION('',(1.110223024625E-16,1.,-0.));
#11807 = ADVANCED_FACE('',(#11808),#11819,.T.);
#11808 = FACE_BOUND('',#11809,.T.);
#11809 = EDGE_LOOP('',(#11810,#11811,#11817,#11818));
#11810 = ORIENTED_EDGE('',*,*,#10203,.T.);
#11811 = ORIENTED_EDGE('',*,*,#11812,.F.);
#11812 = EDGE_CURVE('',#10148,#10204,#11813,.T.);
#11813 = LINE('',#11814,#11815);
#11814 = CARTESIAN_POINT('',(-0.1,-5.08,0.9));
#11815 = VECTOR('',#11816,1.);
#11816 = DIRECTION('',(-1.110223024625E-16,-1.,0.));
#11817 = ORIENTED_EDGE('',*,*,#10155,.T.);
#11818 = ORIENTED_EDGE('',*,*,#10178,.T.);
#11819 = PLANE('',#11820);
#11820 = AXIS2_PLACEMENT_3D('',#11821,#11822,#11823);
#11821 = CARTESIAN_POINT('',(-5.246728977208E-16,-5.08,0.9));
#11822 = DIRECTION('',(0.,0.,1.));
#11823 = DIRECTION('',(1.110223024625E-16,1.,-0.));
#11824 = ADVANCED_FACE('',(#11825),#11868,.T.);
#11825 = FACE_BOUND('',#11826,.T.);
#11826 = EDGE_LOOP('',(#11827,#11828,#11836,#11844,#11852,#11860,#11866,
    #11867));
#11827 = ORIENTED_EDGE('',*,*,#10211,.F.);
#11828 = ORIENTED_EDGE('',*,*,#11829,.T.);
#11829 = EDGE_CURVE('',#10212,#11830,#11832,.T.);
#11830 = VERTEX_POINT('',#11831);
#11831 = CARTESIAN_POINT('',(-0.1,-5.33,7.35));
#11832 = LINE('',#11833,#11834);
#11833 = CARTESIAN_POINT('',(-0.1,-5.38,7.4));
#11834 = VECTOR('',#11835,1.);
#11835 = DIRECTION('',(7.850462293414E-17,0.707106781187,-0.707106781187
    ));
#11836 = ORIENTED_EDGE('',*,*,#11837,.T.);
#11837 = EDGE_CURVE('',#11830,#11838,#11840,.T.);
#11838 = VERTEX_POINT('',#11839);
#11839 = CARTESIAN_POINT('',(-0.1,-5.33,1.25));
#11840 = LINE('',#11841,#11842);
#11841 = CARTESIAN_POINT('',(-0.1,-5.33,7.35));
#11842 = VECTOR('',#11843,1.);
#11843 = DIRECTION('',(0.,0.,-1.));
#11844 = ORIENTED_EDGE('',*,*,#11845,.T.);
#11845 = EDGE_CURVE('',#11838,#11846,#11848,.T.);
#11846 = VERTEX_POINT('',#11847);
#11847 = CARTESIAN_POINT('',(-0.1,-4.83,1.25));
#11848 = LINE('',#11849,#11850);
#11849 = CARTESIAN_POINT('',(-0.1,-5.33,1.25));
#11850 = VECTOR('',#11851,1.);
#11851 = DIRECTION('',(1.110223024625E-16,1.,0.));
#11852 = ORIENTED_EDGE('',*,*,#11853,.T.);
#11853 = EDGE_CURVE('',#11846,#11854,#11856,.T.);
#11854 = VERTEX_POINT('',#11855);
#11855 = CARTESIAN_POINT('',(-0.1,-4.83,7.35));
#11856 = LINE('',#11857,#11858);
#11857 = CARTESIAN_POINT('',(-0.1,-4.83,1.25));
#11858 = VECTOR('',#11859,1.);
#11859 = DIRECTION('',(0.,0.,1.));
#11860 = ORIENTED_EDGE('',*,*,#11861,.T.);
#11861 = EDGE_CURVE('',#11854,#10140,#11862,.T.);
#11862 = LINE('',#11863,#11864);
#11863 = CARTESIAN_POINT('',(-0.1,-4.83,7.35));
#11864 = VECTOR('',#11865,1.);
#11865 = DIRECTION('',(7.850462293414E-17,0.707106781187,0.707106781187)
  );
#11866 = ORIENTED_EDGE('',*,*,#10147,.F.);
#11867 = ORIENTED_EDGE('',*,*,#11812,.T.);
#11868 = PLANE('',#11869);
#11869 = AXIS2_PLACEMENT_3D('',#11870,#11871,#11872);
#11870 = CARTESIAN_POINT('',(-0.1,-5.08,3.911477598424));
#11871 = DIRECTION('',(-1.,1.110223024625E-16,0.));
#11872 = DIRECTION('',(0.,0.,1.));
#11873 = ADVANCED_FACE('',(#11874),#11892,.T.);
#11874 = FACE_BOUND('',#11875,.T.);
#11875 = EDGE_LOOP('',(#11876,#11884,#11890,#11891));
#11876 = ORIENTED_EDGE('',*,*,#11877,.T.);
#11877 = EDGE_CURVE('',#11854,#11878,#11880,.T.);
#11878 = VERTEX_POINT('',#11879);
#11879 = CARTESIAN_POINT('',(0.1,-4.83,7.35));
#11880 = LINE('',#11881,#11882);
#11881 = CARTESIAN_POINT('',(-0.1,-4.83,7.35));
#11882 = VECTOR('',#11883,1.);
#11883 = DIRECTION('',(1.,-1.110223024625E-16,0.));
#11884 = ORIENTED_EDGE('',*,*,#11885,.T.);
#11885 = EDGE_CURVE('',#11878,#10132,#11886,.T.);
#11886 = LINE('',#11887,#11888);
#11887 = CARTESIAN_POINT('',(0.1,-4.83,7.35));
#11888 = VECTOR('',#11889,1.);
#11889 = DIRECTION('',(7.850462293414E-17,0.707106781187,0.707106781187)
  );
#11890 = ORIENTED_EDGE('',*,*,#10139,.F.);
#11891 = ORIENTED_EDGE('',*,*,#11861,.F.);
#11892 = PLANE('',#11893);
#11893 = AXIS2_PLACEMENT_3D('',#11894,#11895,#11896);
#11894 = CARTESIAN_POINT('',(-0.1,-4.83,7.35));
#11895 = DIRECTION('',(-7.850462293414E-17,-0.707106781187,
    0.707106781187));
#11896 = DIRECTION('',(7.850462293414E-17,0.707106781187,0.707106781187)
  );
#11897 = ADVANCED_FACE('',(#11898),#11934,.F.);
#11898 = FACE_BOUND('',#11899,.F.);
#11899 = EDGE_LOOP('',(#11900,#11901,#11909,#11917,#11925,#11931,#11932,
    #11933));
#11900 = ORIENTED_EDGE('',*,*,#10227,.F.);
#11901 = ORIENTED_EDGE('',*,*,#11902,.T.);
#11902 = EDGE_CURVE('',#10220,#11903,#11905,.T.);
#11903 = VERTEX_POINT('',#11904);
#11904 = CARTESIAN_POINT('',(0.1,-5.33,7.35));
#11905 = LINE('',#11906,#11907);
#11906 = CARTESIAN_POINT('',(0.1,-5.38,7.4));
#11907 = VECTOR('',#11908,1.);
#11908 = DIRECTION('',(7.850462293414E-17,0.707106781187,-0.707106781187
    ));
#11909 = ORIENTED_EDGE('',*,*,#11910,.T.);
#11910 = EDGE_CURVE('',#11903,#11911,#11913,.T.);
#11911 = VERTEX_POINT('',#11912);
#11912 = CARTESIAN_POINT('',(0.1,-5.33,1.25));
#11913 = LINE('',#11914,#11915);
#11914 = CARTESIAN_POINT('',(0.1,-5.33,7.35));
#11915 = VECTOR('',#11916,1.);
#11916 = DIRECTION('',(0.,0.,-1.));
#11917 = ORIENTED_EDGE('',*,*,#11918,.T.);
#11918 = EDGE_CURVE('',#11911,#11919,#11921,.T.);
#11919 = VERTEX_POINT('',#11920);
#11920 = CARTESIAN_POINT('',(0.1,-4.83,1.25));
#11921 = LINE('',#11922,#11923);
#11922 = CARTESIAN_POINT('',(0.1,-5.33,1.25));
#11923 = VECTOR('',#11924,1.);
#11924 = DIRECTION('',(1.110223024625E-16,1.,0.));
#11925 = ORIENTED_EDGE('',*,*,#11926,.T.);
#11926 = EDGE_CURVE('',#11919,#11878,#11927,.T.);
#11927 = LINE('',#11928,#11929);
#11928 = CARTESIAN_POINT('',(0.1,-4.83,1.25));
#11929 = VECTOR('',#11930,1.);
#11930 = DIRECTION('',(0.,0.,1.));
#11931 = ORIENTED_EDGE('',*,*,#11885,.T.);
#11932 = ORIENTED_EDGE('',*,*,#10131,.F.);
#11933 = ORIENTED_EDGE('',*,*,#11797,.T.);
#11934 = PLANE('',#11935);
#11935 = AXIS2_PLACEMENT_3D('',#11936,#11937,#11938);
#11936 = CARTESIAN_POINT('',(0.1,-5.08,3.911477598424));
#11937 = DIRECTION('',(-1.,1.110223024625E-16,0.));
#11938 = DIRECTION('',(0.,0.,1.));
#11939 = ADVANCED_FACE('',(#11940),#11951,.T.);
#11940 = FACE_BOUND('',#11941,.T.);
#11941 = EDGE_LOOP('',(#11942,#11943,#11944,#11950));
#11942 = ORIENTED_EDGE('',*,*,#10219,.T.);
#11943 = ORIENTED_EDGE('',*,*,#11902,.T.);
#11944 = ORIENTED_EDGE('',*,*,#11945,.F.);
#11945 = EDGE_CURVE('',#11830,#11903,#11946,.T.);
#11946 = LINE('',#11947,#11948);
#11947 = CARTESIAN_POINT('',(-0.1,-5.33,7.35));
#11948 = VECTOR('',#11949,1.);
#11949 = DIRECTION('',(1.,-1.110223024625E-16,0.));
#11950 = ORIENTED_EDGE('',*,*,#11829,.F.);
#11951 = PLANE('',#11952);
#11952 = AXIS2_PLACEMENT_3D('',#11953,#11954,#11955);
#11953 = CARTESIAN_POINT('',(-0.1,-5.38,7.4));
#11954 = DIRECTION('',(7.850462293414E-17,0.707106781187,0.707106781187)
  );
#11955 = DIRECTION('',(7.850462293414E-17,0.707106781187,-0.707106781187
    ));
#11956 = ADVANCED_FACE('',(#11957),#11968,.T.);
#11957 = FACE_BOUND('',#11958,.T.);
#11958 = EDGE_LOOP('',(#11959,#11960,#11961,#11962));
#11959 = ORIENTED_EDGE('',*,*,#10395,.T.);
#11960 = ORIENTED_EDGE('',*,*,#10258,.T.);
#11961 = ORIENTED_EDGE('',*,*,#10283,.T.);
#11962 = ORIENTED_EDGE('',*,*,#11963,.T.);
#11963 = EDGE_CURVE('',#10284,#10388,#11964,.T.);
#11964 = LINE('',#11965,#11966);
#11965 = CARTESIAN_POINT('',(0.1,-2.54,0.9));
#11966 = VECTOR('',#11967,1.);
#11967 = DIRECTION('',(-1.110223024625E-16,-1.,0.));
#11968 = PLANE('',#11969);
#11969 = AXIS2_PLACEMENT_3D('',#11970,#11971,#11972);
#11970 = CARTESIAN_POINT('',(-2.42676249466E-16,-2.54,0.9));
#11971 = DIRECTION('',(0.,0.,1.));
#11972 = DIRECTION('',(1.110223024625E-16,1.,-0.));
#11973 = ADVANCED_FACE('',(#11974),#11985,.T.);
#11974 = FACE_BOUND('',#11975,.T.);
#11975 = EDGE_LOOP('',(#11976,#11977,#11983,#11984));
#11976 = ORIENTED_EDGE('',*,*,#10363,.T.);
#11977 = ORIENTED_EDGE('',*,*,#11978,.F.);
#11978 = EDGE_CURVE('',#10308,#10364,#11979,.T.);
#11979 = LINE('',#11980,#11981);
#11980 = CARTESIAN_POINT('',(-0.1,-2.54,0.9));
#11981 = VECTOR('',#11982,1.);
#11982 = DIRECTION('',(-1.110223024625E-16,-1.,0.));
#11983 = ORIENTED_EDGE('',*,*,#10315,.T.);
#11984 = ORIENTED_EDGE('',*,*,#10338,.T.);
#11985 = PLANE('',#11986);
#11986 = AXIS2_PLACEMENT_3D('',#11987,#11988,#11989);
#11987 = CARTESIAN_POINT('',(-2.42676249466E-16,-2.54,0.9));
#11988 = DIRECTION('',(0.,0.,1.));
#11989 = DIRECTION('',(1.110223024625E-16,1.,-0.));
#11990 = ADVANCED_FACE('',(#11991),#12034,.T.);
#11991 = FACE_BOUND('',#11992,.T.);
#11992 = EDGE_LOOP('',(#11993,#11994,#12002,#12010,#12018,#12026,#12032,
    #12033));
#11993 = ORIENTED_EDGE('',*,*,#10371,.F.);
#11994 = ORIENTED_EDGE('',*,*,#11995,.T.);
#11995 = EDGE_CURVE('',#10372,#11996,#11998,.T.);
#11996 = VERTEX_POINT('',#11997);
#11997 = CARTESIAN_POINT('',(-0.1,-2.79,7.35));
#11998 = LINE('',#11999,#12000);
#11999 = CARTESIAN_POINT('',(-0.1,-2.84,7.4));
#12000 = VECTOR('',#12001,1.);
#12001 = DIRECTION('',(7.850462293414E-17,0.707106781187,-0.707106781187
    ));
#12002 = ORIENTED_EDGE('',*,*,#12003,.T.);
#12003 = EDGE_CURVE('',#11996,#12004,#12006,.T.);
#12004 = VERTEX_POINT('',#12005);
#12005 = CARTESIAN_POINT('',(-0.1,-2.79,1.25));
#12006 = LINE('',#12007,#12008);
#12007 = CARTESIAN_POINT('',(-0.1,-2.79,7.35));
#12008 = VECTOR('',#12009,1.);
#12009 = DIRECTION('',(0.,0.,-1.));
#12010 = ORIENTED_EDGE('',*,*,#12011,.T.);
#12011 = EDGE_CURVE('',#12004,#12012,#12014,.T.);
#12012 = VERTEX_POINT('',#12013);
#12013 = CARTESIAN_POINT('',(-0.1,-2.29,1.25));
#12014 = LINE('',#12015,#12016);
#12015 = CARTESIAN_POINT('',(-0.1,-2.79,1.25));
#12016 = VECTOR('',#12017,1.);
#12017 = DIRECTION('',(1.110223024625E-16,1.,0.));
#12018 = ORIENTED_EDGE('',*,*,#12019,.T.);
#12019 = EDGE_CURVE('',#12012,#12020,#12022,.T.);
#12020 = VERTEX_POINT('',#12021);
#12021 = CARTESIAN_POINT('',(-0.1,-2.29,7.35));
#12022 = LINE('',#12023,#12024);
#12023 = CARTESIAN_POINT('',(-0.1,-2.29,1.25));
#12024 = VECTOR('',#12025,1.);
#12025 = DIRECTION('',(0.,0.,1.));
#12026 = ORIENTED_EDGE('',*,*,#12027,.T.);
#12027 = EDGE_CURVE('',#12020,#10300,#12028,.T.);
#12028 = LINE('',#12029,#12030);
#12029 = CARTESIAN_POINT('',(-0.1,-2.29,7.35));
#12030 = VECTOR('',#12031,1.);
#12031 = DIRECTION('',(7.850462293414E-17,0.707106781187,0.707106781187)
  );
#12032 = ORIENTED_EDGE('',*,*,#10307,.F.);
#12033 = ORIENTED_EDGE('',*,*,#11978,.T.);
#12034 = PLANE('',#12035);
#12035 = AXIS2_PLACEMENT_3D('',#12036,#12037,#12038);
#12036 = CARTESIAN_POINT('',(-0.1,-2.54,3.911477598424));
#12037 = DIRECTION('',(-1.,1.110223024625E-16,0.));
#12038 = DIRECTION('',(0.,0.,1.));
#12039 = ADVANCED_FACE('',(#12040),#12058,.T.);
#12040 = FACE_BOUND('',#12041,.T.);
#12041 = EDGE_LOOP('',(#12042,#12050,#12056,#12057));
#12042 = ORIENTED_EDGE('',*,*,#12043,.T.);
#12043 = EDGE_CURVE('',#12020,#12044,#12046,.T.);
#12044 = VERTEX_POINT('',#12045);
#12045 = CARTESIAN_POINT('',(0.1,-2.29,7.35));
#12046 = LINE('',#12047,#12048);
#12047 = CARTESIAN_POINT('',(-0.1,-2.29,7.35));
#12048 = VECTOR('',#12049,1.);
#12049 = DIRECTION('',(1.,-1.110223024625E-16,0.));
#12050 = ORIENTED_EDGE('',*,*,#12051,.T.);
#12051 = EDGE_CURVE('',#12044,#10292,#12052,.T.);
#12052 = LINE('',#12053,#12054);
#12053 = CARTESIAN_POINT('',(0.1,-2.29,7.35));
#12054 = VECTOR('',#12055,1.);
#12055 = DIRECTION('',(7.850462293414E-17,0.707106781187,0.707106781187)
  );
#12056 = ORIENTED_EDGE('',*,*,#10299,.F.);
#12057 = ORIENTED_EDGE('',*,*,#12027,.F.);
#12058 = PLANE('',#12059);
#12059 = AXIS2_PLACEMENT_3D('',#12060,#12061,#12062);
#12060 = CARTESIAN_POINT('',(-0.1,-2.29,7.35));
#12061 = DIRECTION('',(-7.850462293414E-17,-0.707106781187,
    0.707106781187));
#12062 = DIRECTION('',(7.850462293414E-17,0.707106781187,0.707106781187)
  );
#12063 = ADVANCED_FACE('',(#12064),#12100,.F.);
#12064 = FACE_BOUND('',#12065,.F.);
#12065 = EDGE_LOOP('',(#12066,#12067,#12075,#12083,#12091,#12097,#12098,
    #12099));
#12066 = ORIENTED_EDGE('',*,*,#10387,.F.);
#12067 = ORIENTED_EDGE('',*,*,#12068,.T.);
#12068 = EDGE_CURVE('',#10380,#12069,#12071,.T.);
#12069 = VERTEX_POINT('',#12070);
#12070 = CARTESIAN_POINT('',(0.1,-2.79,7.35));
#12071 = LINE('',#12072,#12073);
#12072 = CARTESIAN_POINT('',(0.1,-2.84,7.4));
#12073 = VECTOR('',#12074,1.);
#12074 = DIRECTION('',(7.850462293414E-17,0.707106781187,-0.707106781187
    ));
#12075 = ORIENTED_EDGE('',*,*,#12076,.T.);
#12076 = EDGE_CURVE('',#12069,#12077,#12079,.T.);
#12077 = VERTEX_POINT('',#12078);
#12078 = CARTESIAN_POINT('',(0.1,-2.79,1.25));
#12079 = LINE('',#12080,#12081);
#12080 = CARTESIAN_POINT('',(0.1,-2.79,7.35));
#12081 = VECTOR('',#12082,1.);
#12082 = DIRECTION('',(0.,0.,-1.));
#12083 = ORIENTED_EDGE('',*,*,#12084,.T.);
#12084 = EDGE_CURVE('',#12077,#12085,#12087,.T.);
#12085 = VERTEX_POINT('',#12086);
#12086 = CARTESIAN_POINT('',(0.1,-2.29,1.25));
#12087 = LINE('',#12088,#12089);
#12088 = CARTESIAN_POINT('',(0.1,-2.79,1.25));
#12089 = VECTOR('',#12090,1.);
#12090 = DIRECTION('',(1.110223024625E-16,1.,0.));
#12091 = ORIENTED_EDGE('',*,*,#12092,.T.);
#12092 = EDGE_CURVE('',#12085,#12044,#12093,.T.);
#12093 = LINE('',#12094,#12095);
#12094 = CARTESIAN_POINT('',(0.1,-2.29,1.25));
#12095 = VECTOR('',#12096,1.);
#12096 = DIRECTION('',(0.,0.,1.));
#12097 = ORIENTED_EDGE('',*,*,#12051,.T.);
#12098 = ORIENTED_EDGE('',*,*,#10291,.F.);
#12099 = ORIENTED_EDGE('',*,*,#11963,.T.);
#12100 = PLANE('',#12101);
#12101 = AXIS2_PLACEMENT_3D('',#12102,#12103,#12104);
#12102 = CARTESIAN_POINT('',(0.1,-2.54,3.911477598424));
#12103 = DIRECTION('',(-1.,1.110223024625E-16,0.));
#12104 = DIRECTION('',(0.,0.,1.));
#12105 = ADVANCED_FACE('',(#12106),#12117,.T.);
#12106 = FACE_BOUND('',#12107,.T.);
#12107 = EDGE_LOOP('',(#12108,#12109,#12110,#12116));
#12108 = ORIENTED_EDGE('',*,*,#10379,.T.);
#12109 = ORIENTED_EDGE('',*,*,#12068,.T.);
#12110 = ORIENTED_EDGE('',*,*,#12111,.F.);
#12111 = EDGE_CURVE('',#11996,#12069,#12112,.T.);
#12112 = LINE('',#12113,#12114);
#12113 = CARTESIAN_POINT('',(-0.1,-2.79,7.35));
#12114 = VECTOR('',#12115,1.);
#12115 = DIRECTION('',(1.,-1.110223024625E-16,0.));
#12116 = ORIENTED_EDGE('',*,*,#11995,.F.);
#12117 = PLANE('',#12118);
#12118 = AXIS2_PLACEMENT_3D('',#12119,#12120,#12121);
#12119 = CARTESIAN_POINT('',(-0.1,-2.84,7.4));
#12120 = DIRECTION('',(7.850462293414E-17,0.707106781187,0.707106781187)
  );
#12121 = DIRECTION('',(7.850462293414E-17,0.707106781187,-0.707106781187
    ));
#12122 = ADVANCED_FACE('',(#12123),#12134,.T.);
#12123 = FACE_BOUND('',#12124,.T.);
#12124 = EDGE_LOOP('',(#12125,#12126,#12127,#12128));
#12125 = ORIENTED_EDGE('',*,*,#10555,.T.);
#12126 = ORIENTED_EDGE('',*,*,#10418,.T.);
#12127 = ORIENTED_EDGE('',*,*,#10443,.T.);
#12128 = ORIENTED_EDGE('',*,*,#12129,.T.);
#12129 = EDGE_CURVE('',#10444,#10548,#12130,.T.);
#12130 = LINE('',#12131,#12132);
#12131 = CARTESIAN_POINT('',(0.1,8.770761894539E-16,0.9));
#12132 = VECTOR('',#12133,1.);
#12133 = DIRECTION('',(-1.110223024625E-16,-1.,0.));
#12134 = PLANE('',#12135);
#12135 = AXIS2_PLACEMENT_3D('',#12136,#12137,#12138);
#12136 = CARTESIAN_POINT('',(3.932039878881E-17,1.7763568394E-15,0.9));
#12137 = DIRECTION('',(0.,0.,1.));
#12138 = DIRECTION('',(1.110223024625E-16,1.,-0.));
#12139 = ADVANCED_FACE('',(#12140),#12151,.T.);
#12140 = FACE_BOUND('',#12141,.T.);
#12141 = EDGE_LOOP('',(#12142,#12143,#12149,#12150));
#12142 = ORIENTED_EDGE('',*,*,#10523,.T.);
#12143 = ORIENTED_EDGE('',*,*,#12144,.F.);
#12144 = EDGE_CURVE('',#10468,#10524,#12145,.T.);
#12145 = LINE('',#12146,#12147);
#12146 = CARTESIAN_POINT('',(-0.1,8.992806499464E-16,0.9));
#12147 = VECTOR('',#12148,1.);
#12148 = DIRECTION('',(-1.110223024625E-16,-1.,0.));
#12149 = ORIENTED_EDGE('',*,*,#10475,.T.);
#12150 = ORIENTED_EDGE('',*,*,#10498,.T.);
#12151 = PLANE('',#12152);
#12152 = AXIS2_PLACEMENT_3D('',#12153,#12154,#12155);
#12153 = CARTESIAN_POINT('',(3.932039878881E-17,1.7763568394E-15,0.9));
#12154 = DIRECTION('',(0.,0.,1.));
#12155 = DIRECTION('',(1.110223024625E-16,1.,-0.));
#12156 = ADVANCED_FACE('',(#12157),#12200,.T.);
#12157 = FACE_BOUND('',#12158,.T.);
#12158 = EDGE_LOOP('',(#12159,#12160,#12168,#12176,#12184,#12192,#12198,
    #12199));
#12159 = ORIENTED_EDGE('',*,*,#10531,.F.);
#12160 = ORIENTED_EDGE('',*,*,#12161,.T.);
#12161 = EDGE_CURVE('',#10532,#12162,#12164,.T.);
#12162 = VERTEX_POINT('',#12163);
#12163 = CARTESIAN_POINT('',(-0.1,-0.25,7.35));
#12164 = LINE('',#12165,#12166);
#12165 = CARTESIAN_POINT('',(-0.1,-0.3,7.4));
#12166 = VECTOR('',#12167,1.);
#12167 = DIRECTION('',(7.850462293414E-17,0.707106781187,-0.707106781187
    ));
#12168 = ORIENTED_EDGE('',*,*,#12169,.T.);
#12169 = EDGE_CURVE('',#12162,#12170,#12172,.T.);
#12170 = VERTEX_POINT('',#12171);
#12171 = CARTESIAN_POINT('',(-0.1,-0.25,1.25));
#12172 = LINE('',#12173,#12174);
#12173 = CARTESIAN_POINT('',(-0.1,-0.25,7.35));
#12174 = VECTOR('',#12175,1.);
#12175 = DIRECTION('',(0.,0.,-1.));
#12176 = ORIENTED_EDGE('',*,*,#12177,.T.);
#12177 = EDGE_CURVE('',#12170,#12178,#12180,.T.);
#12178 = VERTEX_POINT('',#12179);
#12179 = CARTESIAN_POINT('',(-0.1,0.25,1.25));
#12180 = LINE('',#12181,#12182);
#12181 = CARTESIAN_POINT('',(-0.1,-0.25,1.25));
#12182 = VECTOR('',#12183,1.);
#12183 = DIRECTION('',(1.110223024625E-16,1.,0.));
#12184 = ORIENTED_EDGE('',*,*,#12185,.T.);
#12185 = EDGE_CURVE('',#12178,#12186,#12188,.T.);
#12186 = VERTEX_POINT('',#12187);
#12187 = CARTESIAN_POINT('',(-0.1,0.25,7.35));
#12188 = LINE('',#12189,#12190);
#12189 = CARTESIAN_POINT('',(-0.1,0.25,1.25));
#12190 = VECTOR('',#12191,1.);
#12191 = DIRECTION('',(0.,0.,1.));
#12192 = ORIENTED_EDGE('',*,*,#12193,.T.);
#12193 = EDGE_CURVE('',#12186,#10460,#12194,.T.);
#12194 = LINE('',#12195,#12196);
#12195 = CARTESIAN_POINT('',(-0.1,0.25,7.35));
#12196 = VECTOR('',#12197,1.);
#12197 = DIRECTION('',(7.850462293414E-17,0.707106781187,0.707106781187)
  );
#12198 = ORIENTED_EDGE('',*,*,#10467,.F.);
#12199 = ORIENTED_EDGE('',*,*,#12144,.T.);
#12200 = PLANE('',#12201);
#12201 = AXIS2_PLACEMENT_3D('',#12202,#12203,#12204);
#12202 = CARTESIAN_POINT('',(-0.1,1.110223024625E-17,3.911477598424));
#12203 = DIRECTION('',(-1.,1.110223024625E-16,0.));
#12204 = DIRECTION('',(0.,0.,1.));
#12205 = ADVANCED_FACE('',(#12206),#12224,.T.);
#12206 = FACE_BOUND('',#12207,.T.);
#12207 = EDGE_LOOP('',(#12208,#12216,#12222,#12223));
#12208 = ORIENTED_EDGE('',*,*,#12209,.T.);
#12209 = EDGE_CURVE('',#12186,#12210,#12212,.T.);
#12210 = VERTEX_POINT('',#12211);
#12211 = CARTESIAN_POINT('',(0.1,0.25,7.35));
#12212 = LINE('',#12213,#12214);
#12213 = CARTESIAN_POINT('',(-0.1,0.25,7.35));
#12214 = VECTOR('',#12215,1.);
#12215 = DIRECTION('',(1.,-1.110223024625E-16,0.));
#12216 = ORIENTED_EDGE('',*,*,#12217,.T.);
#12217 = EDGE_CURVE('',#12210,#10452,#12218,.T.);
#12218 = LINE('',#12219,#12220);
#12219 = CARTESIAN_POINT('',(0.1,0.25,7.35));
#12220 = VECTOR('',#12221,1.);
#12221 = DIRECTION('',(7.850462293414E-17,0.707106781187,0.707106781187)
  );
#12222 = ORIENTED_EDGE('',*,*,#10459,.F.);
#12223 = ORIENTED_EDGE('',*,*,#12193,.F.);
#12224 = PLANE('',#12225);
#12225 = AXIS2_PLACEMENT_3D('',#12226,#12227,#12228);
#12226 = CARTESIAN_POINT('',(-0.1,0.25,7.35));
#12227 = DIRECTION('',(-7.850462293414E-17,-0.707106781187,
    0.707106781187));
#12228 = DIRECTION('',(7.850462293414E-17,0.707106781187,0.707106781187)
  );
#12229 = ADVANCED_FACE('',(#12230),#12266,.F.);
#12230 = FACE_BOUND('',#12231,.F.);
#12231 = EDGE_LOOP('',(#12232,#12233,#12241,#12249,#12257,#12263,#12264,
    #12265));
#12232 = ORIENTED_EDGE('',*,*,#10547,.F.);
#12233 = ORIENTED_EDGE('',*,*,#12234,.T.);
#12234 = EDGE_CURVE('',#10540,#12235,#12237,.T.);
#12235 = VERTEX_POINT('',#12236);
#12236 = CARTESIAN_POINT('',(0.1,-0.25,7.35));
#12237 = LINE('',#12238,#12239);
#12238 = CARTESIAN_POINT('',(0.1,-0.3,7.4));
#12239 = VECTOR('',#12240,1.);
#12240 = DIRECTION('',(7.850462293414E-17,0.707106781187,-0.707106781187
    ));
#12241 = ORIENTED_EDGE('',*,*,#12242,.T.);
#12242 = EDGE_CURVE('',#12235,#12243,#12245,.T.);
#12243 = VERTEX_POINT('',#12244);
#12244 = CARTESIAN_POINT('',(0.1,-0.25,1.25));
#12245 = LINE('',#12246,#12247);
#12246 = CARTESIAN_POINT('',(0.1,-0.25,7.35));
#12247 = VECTOR('',#12248,1.);
#12248 = DIRECTION('',(0.,0.,-1.));
#12249 = ORIENTED_EDGE('',*,*,#12250,.T.);
#12250 = EDGE_CURVE('',#12243,#12251,#12253,.T.);
#12251 = VERTEX_POINT('',#12252);
#12252 = CARTESIAN_POINT('',(0.1,0.25,1.25));
#12253 = LINE('',#12254,#12255);
#12254 = CARTESIAN_POINT('',(0.1,-0.25,1.25));
#12255 = VECTOR('',#12256,1.);
#12256 = DIRECTION('',(1.110223024625E-16,1.,0.));
#12257 = ORIENTED_EDGE('',*,*,#12258,.T.);
#12258 = EDGE_CURVE('',#12251,#12210,#12259,.T.);
#12259 = LINE('',#12260,#12261);
#12260 = CARTESIAN_POINT('',(0.1,0.25,1.25));
#12261 = VECTOR('',#12262,1.);
#12262 = DIRECTION('',(0.,0.,1.));
#12263 = ORIENTED_EDGE('',*,*,#12217,.T.);
#12264 = ORIENTED_EDGE('',*,*,#10451,.F.);
#12265 = ORIENTED_EDGE('',*,*,#12129,.T.);
#12266 = PLANE('',#12267);
#12267 = AXIS2_PLACEMENT_3D('',#12268,#12269,#12270);
#12268 = CARTESIAN_POINT('',(0.1,-1.110223024625E-17,3.911477598424));
#12269 = DIRECTION('',(-1.,1.110223024625E-16,0.));
#12270 = DIRECTION('',(0.,0.,1.));
#12271 = ADVANCED_FACE('',(#12272),#12283,.T.);
#12272 = FACE_BOUND('',#12273,.T.);
#12273 = EDGE_LOOP('',(#12274,#12275,#12276,#12282));
#12274 = ORIENTED_EDGE('',*,*,#10539,.T.);
#12275 = ORIENTED_EDGE('',*,*,#12234,.T.);
#12276 = ORIENTED_EDGE('',*,*,#12277,.F.);
#12277 = EDGE_CURVE('',#12162,#12235,#12278,.T.);
#12278 = LINE('',#12279,#12280);
#12279 = CARTESIAN_POINT('',(-0.1,-0.25,7.35));
#12280 = VECTOR('',#12281,1.);
#12281 = DIRECTION('',(1.,-1.110223024625E-16,0.));
#12282 = ORIENTED_EDGE('',*,*,#12161,.F.);
#12283 = PLANE('',#12284);
#12284 = AXIS2_PLACEMENT_3D('',#12285,#12286,#12287);
#12285 = CARTESIAN_POINT('',(-0.1,-0.3,7.4));
#12286 = DIRECTION('',(7.850462293414E-17,0.707106781187,0.707106781187)
  );
#12287 = DIRECTION('',(7.850462293414E-17,0.707106781187,-0.707106781187
    ));
#12288 = ADVANCED_FACE('',(#12289),#12300,.T.);
#12289 = FACE_BOUND('',#12290,.T.);
#12290 = EDGE_LOOP('',(#12291,#12297,#12298,#12299));
#12291 = ORIENTED_EDGE('',*,*,#12292,.T.);
#12292 = EDGE_CURVE('',#11182,#11255,#12293,.T.);
#12293 = LINE('',#12294,#12295);
#12294 = CARTESIAN_POINT('',(-0.1,-14.99,1.25));
#12295 = VECTOR('',#12296,1.);
#12296 = DIRECTION('',(1.,-1.110223024625E-16,0.));
#12297 = ORIENTED_EDGE('',*,*,#11262,.T.);
#12298 = ORIENTED_EDGE('',*,*,#11213,.F.);
#12299 = ORIENTED_EDGE('',*,*,#11189,.F.);
#12300 = PLANE('',#12301);
#12301 = AXIS2_PLACEMENT_3D('',#12302,#12303,#12304);
#12302 = CARTESIAN_POINT('',(-0.1,-14.99,1.25));
#12303 = DIRECTION('',(-1.110223024625E-16,-1.,0.));
#12304 = DIRECTION('',(0.,0.,1.));
#12305 = ADVANCED_FACE('',(#12306),#12317,.T.);
#12306 = FACE_BOUND('',#12307,.T.);
#12307 = EDGE_LOOP('',(#12308,#12314,#12315,#12316));
#12308 = ORIENTED_EDGE('',*,*,#12309,.T.);
#12309 = EDGE_CURVE('',#11174,#11247,#12310,.T.);
#12310 = LINE('',#12311,#12312);
#12311 = CARTESIAN_POINT('',(-0.1,-15.49,1.25));
#12312 = VECTOR('',#12313,1.);
#12313 = DIRECTION('',(1.,-1.110223024625E-16,0.));
#12314 = ORIENTED_EDGE('',*,*,#11254,.T.);
#12315 = ORIENTED_EDGE('',*,*,#12292,.F.);
#12316 = ORIENTED_EDGE('',*,*,#11181,.F.);
#12317 = PLANE('',#12318);
#12318 = AXIS2_PLACEMENT_3D('',#12319,#12320,#12321);
#12319 = CARTESIAN_POINT('',(-0.1,-15.49,1.25));
#12320 = DIRECTION('',(0.,0.,1.));
#12321 = DIRECTION('',(1.110223024625E-16,1.,-0.));
#12322 = ADVANCED_FACE('',(#12323),#12329,.T.);
#12323 = FACE_BOUND('',#12324,.T.);
#12324 = EDGE_LOOP('',(#12325,#12326,#12327,#12328));
#12325 = ORIENTED_EDGE('',*,*,#11281,.T.);
#12326 = ORIENTED_EDGE('',*,*,#11246,.T.);
#12327 = ORIENTED_EDGE('',*,*,#12309,.F.);
#12328 = ORIENTED_EDGE('',*,*,#11173,.F.);
#12329 = PLANE('',#12330);
#12330 = AXIS2_PLACEMENT_3D('',#12331,#12332,#12333);
#12331 = CARTESIAN_POINT('',(-0.1,-15.49,7.35));
#12332 = DIRECTION('',(1.110223024625E-16,1.,0.));
#12333 = DIRECTION('',(0.,0.,-1.));
#12334 = ADVANCED_FACE('',(#12335),#12346,.T.);
#12335 = FACE_BOUND('',#12336,.T.);
#12336 = EDGE_LOOP('',(#12337,#12343,#12344,#12345));
#12337 = ORIENTED_EDGE('',*,*,#12338,.T.);
#12338 = EDGE_CURVE('',#11348,#11421,#12339,.T.);
#12339 = LINE('',#12340,#12341);
#12340 = CARTESIAN_POINT('',(-0.1,-12.45,1.25));
#12341 = VECTOR('',#12342,1.);
#12342 = DIRECTION('',(1.,-1.110223024625E-16,0.));
#12343 = ORIENTED_EDGE('',*,*,#11428,.T.);
#12344 = ORIENTED_EDGE('',*,*,#11379,.F.);
#12345 = ORIENTED_EDGE('',*,*,#11355,.F.);
#12346 = PLANE('',#12347);
#12347 = AXIS2_PLACEMENT_3D('',#12348,#12349,#12350);
#12348 = CARTESIAN_POINT('',(-0.1,-12.45,1.25));
#12349 = DIRECTION('',(-1.110223024625E-16,-1.,0.));
#12350 = DIRECTION('',(0.,0.,1.));
#12351 = ADVANCED_FACE('',(#12352),#12363,.T.);
#12352 = FACE_BOUND('',#12353,.T.);
#12353 = EDGE_LOOP('',(#12354,#12360,#12361,#12362));
#12354 = ORIENTED_EDGE('',*,*,#12355,.T.);
#12355 = EDGE_CURVE('',#11340,#11413,#12356,.T.);
#12356 = LINE('',#12357,#12358);
#12357 = CARTESIAN_POINT('',(-0.1,-12.95,1.25));
#12358 = VECTOR('',#12359,1.);
#12359 = DIRECTION('',(1.,-1.110223024625E-16,0.));
#12360 = ORIENTED_EDGE('',*,*,#11420,.T.);
#12361 = ORIENTED_EDGE('',*,*,#12338,.F.);
#12362 = ORIENTED_EDGE('',*,*,#11347,.F.);
#12363 = PLANE('',#12364);
#12364 = AXIS2_PLACEMENT_3D('',#12365,#12366,#12367);
#12365 = CARTESIAN_POINT('',(-0.1,-12.95,1.25));
#12366 = DIRECTION('',(0.,0.,1.));
#12367 = DIRECTION('',(1.110223024625E-16,1.,-0.));
#12368 = ADVANCED_FACE('',(#12369),#12375,.T.);
#12369 = FACE_BOUND('',#12370,.T.);
#12370 = EDGE_LOOP('',(#12371,#12372,#12373,#12374));
#12371 = ORIENTED_EDGE('',*,*,#11447,.T.);
#12372 = ORIENTED_EDGE('',*,*,#11412,.T.);
#12373 = ORIENTED_EDGE('',*,*,#12355,.F.);
#12374 = ORIENTED_EDGE('',*,*,#11339,.F.);
#12375 = PLANE('',#12376);
#12376 = AXIS2_PLACEMENT_3D('',#12377,#12378,#12379);
#12377 = CARTESIAN_POINT('',(-0.1,-12.95,7.35));
#12378 = DIRECTION('',(1.110223024625E-16,1.,0.));
#12379 = DIRECTION('',(0.,0.,-1.));
#12380 = ADVANCED_FACE('',(#12381),#12392,.T.);
#12381 = FACE_BOUND('',#12382,.T.);
#12382 = EDGE_LOOP('',(#12383,#12389,#12390,#12391));
#12383 = ORIENTED_EDGE('',*,*,#12384,.T.);
#12384 = EDGE_CURVE('',#11514,#11587,#12385,.T.);
#12385 = LINE('',#12386,#12387);
#12386 = CARTESIAN_POINT('',(-0.1,-9.91,1.25));
#12387 = VECTOR('',#12388,1.);
#12388 = DIRECTION('',(1.,-1.110223024625E-16,0.));
#12389 = ORIENTED_EDGE('',*,*,#11594,.T.);
#12390 = ORIENTED_EDGE('',*,*,#11545,.F.);
#12391 = ORIENTED_EDGE('',*,*,#11521,.F.);
#12392 = PLANE('',#12393);
#12393 = AXIS2_PLACEMENT_3D('',#12394,#12395,#12396);
#12394 = CARTESIAN_POINT('',(-0.1,-9.91,1.25));
#12395 = DIRECTION('',(-1.110223024625E-16,-1.,0.));
#12396 = DIRECTION('',(0.,0.,1.));
#12397 = ADVANCED_FACE('',(#12398),#12409,.T.);
#12398 = FACE_BOUND('',#12399,.T.);
#12399 = EDGE_LOOP('',(#12400,#12406,#12407,#12408));
#12400 = ORIENTED_EDGE('',*,*,#12401,.T.);
#12401 = EDGE_CURVE('',#11506,#11579,#12402,.T.);
#12402 = LINE('',#12403,#12404);
#12403 = CARTESIAN_POINT('',(-0.1,-10.41,1.25));
#12404 = VECTOR('',#12405,1.);
#12405 = DIRECTION('',(1.,-1.110223024625E-16,0.));
#12406 = ORIENTED_EDGE('',*,*,#11586,.T.);
#12407 = ORIENTED_EDGE('',*,*,#12384,.F.);
#12408 = ORIENTED_EDGE('',*,*,#11513,.F.);
#12409 = PLANE('',#12410);
#12410 = AXIS2_PLACEMENT_3D('',#12411,#12412,#12413);
#12411 = CARTESIAN_POINT('',(-0.1,-10.41,1.25));
#12412 = DIRECTION('',(0.,0.,1.));
#12413 = DIRECTION('',(1.110223024625E-16,1.,-0.));
#12414 = ADVANCED_FACE('',(#12415),#12421,.T.);
#12415 = FACE_BOUND('',#12416,.T.);
#12416 = EDGE_LOOP('',(#12417,#12418,#12419,#12420));
#12417 = ORIENTED_EDGE('',*,*,#11613,.T.);
#12418 = ORIENTED_EDGE('',*,*,#11578,.T.);
#12419 = ORIENTED_EDGE('',*,*,#12401,.F.);
#12420 = ORIENTED_EDGE('',*,*,#11505,.F.);
#12421 = PLANE('',#12422);
#12422 = AXIS2_PLACEMENT_3D('',#12423,#12424,#12425);
#12423 = CARTESIAN_POINT('',(-0.1,-10.41,7.35));
#12424 = DIRECTION('',(1.110223024625E-16,1.,0.));
#12425 = DIRECTION('',(0.,0.,-1.));
#12426 = ADVANCED_FACE('',(#12427),#12438,.T.);
#12427 = FACE_BOUND('',#12428,.T.);
#12428 = EDGE_LOOP('',(#12429,#12435,#12436,#12437));
#12429 = ORIENTED_EDGE('',*,*,#12430,.T.);
#12430 = EDGE_CURVE('',#11680,#11753,#12431,.T.);
#12431 = LINE('',#12432,#12433);
#12432 = CARTESIAN_POINT('',(-0.1,-7.37,1.25));
#12433 = VECTOR('',#12434,1.);
#12434 = DIRECTION('',(1.,-1.110223024625E-16,0.));
#12435 = ORIENTED_EDGE('',*,*,#11760,.T.);
#12436 = ORIENTED_EDGE('',*,*,#11711,.F.);
#12437 = ORIENTED_EDGE('',*,*,#11687,.F.);
#12438 = PLANE('',#12439);
#12439 = AXIS2_PLACEMENT_3D('',#12440,#12441,#12442);
#12440 = CARTESIAN_POINT('',(-0.1,-7.37,1.25));
#12441 = DIRECTION('',(-1.110223024625E-16,-1.,0.));
#12442 = DIRECTION('',(0.,0.,1.));
#12443 = ADVANCED_FACE('',(#12444),#12455,.T.);
#12444 = FACE_BOUND('',#12445,.T.);
#12445 = EDGE_LOOP('',(#12446,#12452,#12453,#12454));
#12446 = ORIENTED_EDGE('',*,*,#12447,.T.);
#12447 = EDGE_CURVE('',#11672,#11745,#12448,.T.);
#12448 = LINE('',#12449,#12450);
#12449 = CARTESIAN_POINT('',(-0.1,-7.87,1.25));
#12450 = VECTOR('',#12451,1.);
#12451 = DIRECTION('',(1.,-1.110223024625E-16,0.));
#12452 = ORIENTED_EDGE('',*,*,#11752,.T.);
#12453 = ORIENTED_EDGE('',*,*,#12430,.F.);
#12454 = ORIENTED_EDGE('',*,*,#11679,.F.);
#12455 = PLANE('',#12456);
#12456 = AXIS2_PLACEMENT_3D('',#12457,#12458,#12459);
#12457 = CARTESIAN_POINT('',(-0.1,-7.87,1.25));
#12458 = DIRECTION('',(0.,0.,1.));
#12459 = DIRECTION('',(1.110223024625E-16,1.,-0.));
#12460 = ADVANCED_FACE('',(#12461),#12467,.T.);
#12461 = FACE_BOUND('',#12462,.T.);
#12462 = EDGE_LOOP('',(#12463,#12464,#12465,#12466));
#12463 = ORIENTED_EDGE('',*,*,#11779,.T.);
#12464 = ORIENTED_EDGE('',*,*,#11744,.T.);
#12465 = ORIENTED_EDGE('',*,*,#12447,.F.);
#12466 = ORIENTED_EDGE('',*,*,#11671,.F.);
#12467 = PLANE('',#12468);
#12468 = AXIS2_PLACEMENT_3D('',#12469,#12470,#12471);
#12469 = CARTESIAN_POINT('',(-0.1,-7.87,7.35));
#12470 = DIRECTION('',(1.110223024625E-16,1.,0.));
#12471 = DIRECTION('',(0.,0.,-1.));
#12472 = ADVANCED_FACE('',(#12473),#12484,.T.);
#12473 = FACE_BOUND('',#12474,.T.);
#12474 = EDGE_LOOP('',(#12475,#12481,#12482,#12483));
#12475 = ORIENTED_EDGE('',*,*,#12476,.T.);
#12476 = EDGE_CURVE('',#11846,#11919,#12477,.T.);
#12477 = LINE('',#12478,#12479);
#12478 = CARTESIAN_POINT('',(-0.1,-4.83,1.25));
#12479 = VECTOR('',#12480,1.);
#12480 = DIRECTION('',(1.,-1.110223024625E-16,0.));
#12481 = ORIENTED_EDGE('',*,*,#11926,.T.);
#12482 = ORIENTED_EDGE('',*,*,#11877,.F.);
#12483 = ORIENTED_EDGE('',*,*,#11853,.F.);
#12484 = PLANE('',#12485);
#12485 = AXIS2_PLACEMENT_3D('',#12486,#12487,#12488);
#12486 = CARTESIAN_POINT('',(-0.1,-4.83,1.25));
#12487 = DIRECTION('',(-1.110223024625E-16,-1.,0.));
#12488 = DIRECTION('',(0.,0.,1.));
#12489 = ADVANCED_FACE('',(#12490),#12501,.T.);
#12490 = FACE_BOUND('',#12491,.T.);
#12491 = EDGE_LOOP('',(#12492,#12498,#12499,#12500));
#12492 = ORIENTED_EDGE('',*,*,#12493,.T.);
#12493 = EDGE_CURVE('',#11838,#11911,#12494,.T.);
#12494 = LINE('',#12495,#12496);
#12495 = CARTESIAN_POINT('',(-0.1,-5.33,1.25));
#12496 = VECTOR('',#12497,1.);
#12497 = DIRECTION('',(1.,-1.110223024625E-16,0.));
#12498 = ORIENTED_EDGE('',*,*,#11918,.T.);
#12499 = ORIENTED_EDGE('',*,*,#12476,.F.);
#12500 = ORIENTED_EDGE('',*,*,#11845,.F.);
#12501 = PLANE('',#12502);
#12502 = AXIS2_PLACEMENT_3D('',#12503,#12504,#12505);
#12503 = CARTESIAN_POINT('',(-0.1,-5.33,1.25));
#12504 = DIRECTION('',(0.,0.,1.));
#12505 = DIRECTION('',(1.110223024625E-16,1.,-0.));
#12506 = ADVANCED_FACE('',(#12507),#12513,.T.);
#12507 = FACE_BOUND('',#12508,.T.);
#12508 = EDGE_LOOP('',(#12509,#12510,#12511,#12512));
#12509 = ORIENTED_EDGE('',*,*,#11945,.T.);
#12510 = ORIENTED_EDGE('',*,*,#11910,.T.);
#12511 = ORIENTED_EDGE('',*,*,#12493,.F.);
#12512 = ORIENTED_EDGE('',*,*,#11837,.F.);
#12513 = PLANE('',#12514);
#12514 = AXIS2_PLACEMENT_3D('',#12515,#12516,#12517);
#12515 = CARTESIAN_POINT('',(-0.1,-5.33,7.35));
#12516 = DIRECTION('',(1.110223024625E-16,1.,0.));
#12517 = DIRECTION('',(0.,0.,-1.));
#12518 = ADVANCED_FACE('',(#12519),#12530,.T.);
#12519 = FACE_BOUND('',#12520,.T.);
#12520 = EDGE_LOOP('',(#12521,#12527,#12528,#12529));
#12521 = ORIENTED_EDGE('',*,*,#12522,.T.);
#12522 = EDGE_CURVE('',#12012,#12085,#12523,.T.);
#12523 = LINE('',#12524,#12525);
#12524 = CARTESIAN_POINT('',(-0.1,-2.29,1.25));
#12525 = VECTOR('',#12526,1.);
#12526 = DIRECTION('',(1.,-1.110223024625E-16,0.));
#12527 = ORIENTED_EDGE('',*,*,#12092,.T.);
#12528 = ORIENTED_EDGE('',*,*,#12043,.F.);
#12529 = ORIENTED_EDGE('',*,*,#12019,.F.);
#12530 = PLANE('',#12531);
#12531 = AXIS2_PLACEMENT_3D('',#12532,#12533,#12534);
#12532 = CARTESIAN_POINT('',(-0.1,-2.29,1.25));
#12533 = DIRECTION('',(-1.110223024625E-16,-1.,0.));
#12534 = DIRECTION('',(0.,0.,1.));
#12535 = ADVANCED_FACE('',(#12536),#12547,.T.);
#12536 = FACE_BOUND('',#12537,.T.);
#12537 = EDGE_LOOP('',(#12538,#12544,#12545,#12546));
#12538 = ORIENTED_EDGE('',*,*,#12539,.T.);
#12539 = EDGE_CURVE('',#12004,#12077,#12540,.T.);
#12540 = LINE('',#12541,#12542);
#12541 = CARTESIAN_POINT('',(-0.1,-2.79,1.25));
#12542 = VECTOR('',#12543,1.);
#12543 = DIRECTION('',(1.,-1.110223024625E-16,0.));
#12544 = ORIENTED_EDGE('',*,*,#12084,.T.);
#12545 = ORIENTED_EDGE('',*,*,#12522,.F.);
#12546 = ORIENTED_EDGE('',*,*,#12011,.F.);
#12547 = PLANE('',#12548);
#12548 = AXIS2_PLACEMENT_3D('',#12549,#12550,#12551);
#12549 = CARTESIAN_POINT('',(-0.1,-2.79,1.25));
#12550 = DIRECTION('',(0.,0.,1.));
#12551 = DIRECTION('',(1.110223024625E-16,1.,-0.));
#12552 = ADVANCED_FACE('',(#12553),#12559,.T.);
#12553 = FACE_BOUND('',#12554,.T.);
#12554 = EDGE_LOOP('',(#12555,#12556,#12557,#12558));
#12555 = ORIENTED_EDGE('',*,*,#12111,.T.);
#12556 = ORIENTED_EDGE('',*,*,#12076,.T.);
#12557 = ORIENTED_EDGE('',*,*,#12539,.F.);
#12558 = ORIENTED_EDGE('',*,*,#12003,.F.);
#12559 = PLANE('',#12560);
#12560 = AXIS2_PLACEMENT_3D('',#12561,#12562,#12563);
#12561 = CARTESIAN_POINT('',(-0.1,-2.79,7.35));
#12562 = DIRECTION('',(1.110223024625E-16,1.,0.));
#12563 = DIRECTION('',(0.,0.,-1.));
#12564 = ADVANCED_FACE('',(#12565),#12576,.T.);
#12565 = FACE_BOUND('',#12566,.T.);
#12566 = EDGE_LOOP('',(#12567,#12573,#12574,#12575));
#12567 = ORIENTED_EDGE('',*,*,#12568,.T.);
#12568 = EDGE_CURVE('',#12178,#12251,#12569,.T.);
#12569 = LINE('',#12570,#12571);
#12570 = CARTESIAN_POINT('',(-0.1,0.25,1.25));
#12571 = VECTOR('',#12572,1.);
#12572 = DIRECTION('',(1.,-1.110223024625E-16,0.));
#12573 = ORIENTED_EDGE('',*,*,#12258,.T.);
#12574 = ORIENTED_EDGE('',*,*,#12209,.F.);
#12575 = ORIENTED_EDGE('',*,*,#12185,.F.);
#12576 = PLANE('',#12577);
#12577 = AXIS2_PLACEMENT_3D('',#12578,#12579,#12580);
#12578 = CARTESIAN_POINT('',(-0.1,0.25,1.25));
#12579 = DIRECTION('',(-1.110223024625E-16,-1.,0.));
#12580 = DIRECTION('',(0.,0.,1.));
#12581 = ADVANCED_FACE('',(#12582),#12593,.T.);
#12582 = FACE_BOUND('',#12583,.T.);
#12583 = EDGE_LOOP('',(#12584,#12590,#12591,#12592));
#12584 = ORIENTED_EDGE('',*,*,#12585,.T.);
#12585 = EDGE_CURVE('',#12170,#12243,#12586,.T.);
#12586 = LINE('',#12587,#12588);
#12587 = CARTESIAN_POINT('',(-0.1,-0.25,1.25));
#12588 = VECTOR('',#12589,1.);
#12589 = DIRECTION('',(1.,-1.110223024625E-16,0.));
#12590 = ORIENTED_EDGE('',*,*,#12250,.T.);
#12591 = ORIENTED_EDGE('',*,*,#12568,.F.);
#12592 = ORIENTED_EDGE('',*,*,#12177,.F.);
#12593 = PLANE('',#12594);
#12594 = AXIS2_PLACEMENT_3D('',#12595,#12596,#12597);
#12595 = CARTESIAN_POINT('',(-0.1,-0.25,1.25));
#12596 = DIRECTION('',(0.,0.,1.));
#12597 = DIRECTION('',(1.110223024625E-16,1.,-0.));
#12598 = ADVANCED_FACE('',(#12599),#12605,.T.);
#12599 = FACE_BOUND('',#12600,.T.);
#12600 = EDGE_LOOP('',(#12601,#12602,#12603,#12604));
#12601 = ORIENTED_EDGE('',*,*,#12277,.T.);
#12602 = ORIENTED_EDGE('',*,*,#12242,.T.);
#12603 = ORIENTED_EDGE('',*,*,#12585,.F.);
#12604 = ORIENTED_EDGE('',*,*,#12169,.F.);
#12605 = PLANE('',#12606);
#12606 = AXIS2_PLACEMENT_3D('',#12607,#12608,#12609);
#12607 = CARTESIAN_POINT('',(-0.1,-0.25,7.35));
#12608 = DIRECTION('',(1.110223024625E-16,1.,0.));
#12609 = DIRECTION('',(0.,0.,-1.));
#12610 = ( GEOMETRIC_REPRESENTATION_CONTEXT(3) 
GLOBAL_UNCERTAINTY_ASSIGNED_CONTEXT((#12614)) 
GLOBAL_UNIT_ASSIGNED_CONTEXT((#12611,#12612,#12613)) 
REPRESENTATION_CONTEXT('Context #1',
  '3D Context with UNIT and UNCERTAINTY') );
#12611 = ( LENGTH_UNIT() NAMED_UNIT(*) SI_UNIT(.MILLI.,.METRE.) );
#12612 = ( NAMED_UNIT(*) PLANE_ANGLE_UNIT() SI_UNIT($,.RADIAN.) );
#12613 = ( NAMED_UNIT(*) SI_UNIT($,.STERADIAN.) SOLID_ANGLE_UNIT() );
#12614 = UNCERTAINTY_MEASURE_WITH_UNIT(LENGTH_MEASURE(1.E-07),#12611,
  'distance_accuracy_value','confusion accuracy');
#12615 = CONTEXT_DEPENDENT_SHAPE_REPRESENTATION(#12616,#12618);
#12616 = ( REPRESENTATION_RELATIONSHIP('','',#6895,#10) 
REPRESENTATION_RELATIONSHIP_WITH_TRANSFORMATION(#12617) 
SHAPE_REPRESENTATION_RELATIONSHIP() );
#12617 = ITEM_DEFINED_TRANSFORMATION('','',#11,#19);
#12618 = PRODUCT_DEFINITION_SHAPE('Placement','Placement of an item',
  #12619);
#12619 = NEXT_ASSEMBLY_USAGE_OCCURRENCE('2','J13','',#5,#6890,$);
#12620 = PRODUCT_RELATED_PRODUCT_CATEGORY('part',$,(#6892));
#12621 = SHAPE_DEFINITION_REPRESENTATION(#12622,#12628);
#12622 = PRODUCT_DEFINITION_SHAPE('','',#12623);
#12623 = PRODUCT_DEFINITION('design','',#12624,#12627);
#12624 = PRODUCT_DEFINITION_FORMATION('','',#12625);
#12625 = PRODUCT('C_Disc_D5.0mm_W2.5mm_P5.00mm',
  'C_Disc_D5.0mm_W2.5mm_P5.00mm','',(#12626));
#12626 = PRODUCT_CONTEXT('',#2,'mechanical');
#12627 = PRODUCT_DEFINITION_CONTEXT('part definition',#2,'design');
#12628 = ADVANCED_BREP_SHAPE_REPRESENTATION('',(#11,#12629),#13111);
#12629 = MANIFOLD_SOLID_BREP('',#12630);
#12630 = CLOSED_SHELL('',(#12631,#12648,#12673,#12703,#12837,#12938,
    #13020,#13047,#13077,#13102));
#12631 = ADVANCED_FACE('',(#12632),#12643,.T.);
#12632 = FACE_BOUND('',#12633,.F.);
#12633 = EDGE_LOOP('',(#12634));
#12634 = ORIENTED_EDGE('',*,*,#12635,.T.);
#12635 = EDGE_CURVE('',#12636,#12636,#12638,.T.);
#12636 = VERTEX_POINT('',#12637);
#12637 = CARTESIAN_POINT('',(5.,0.25,-2.));
#12638 = CIRCLE('',#12639,0.25);
#12639 = AXIS2_PLACEMENT_3D('',#12640,#12641,#12642);
#12640 = CARTESIAN_POINT('',(5.,0.,-2.));
#12641 = DIRECTION('',(0.,-0.,1.));
#12642 = DIRECTION('',(1.144237745222E-17,1.,0.));
#12643 = PLANE('',#12644);
#12644 = AXIS2_PLACEMENT_3D('',#12645,#12646,#12647);
#12645 = CARTESIAN_POINT('',(5.,0.25,-2.));
#12646 = DIRECTION('',(-0.,0.,-1.));
#12647 = DIRECTION('',(-1.144237745222E-17,-1.,0.));
#12648 = ADVANCED_FACE('',(#12649),#12668,.T.);
#12649 = FACE_BOUND('',#12650,.T.);
#12650 = EDGE_LOOP('',(#12651,#12659,#12666,#12667));
#12651 = ORIENTED_EDGE('',*,*,#12652,.T.);
#12652 = EDGE_CURVE('',#12636,#12653,#12655,.T.);
#12653 = VERTEX_POINT('',#12654);
#12654 = CARTESIAN_POINT('',(5.,0.25,0.85));
#12655 = LINE('',#12656,#12657);
#12656 = CARTESIAN_POINT('',(5.,0.25,-2.));
#12657 = VECTOR('',#12658,1.);
#12658 = DIRECTION('',(0.,0.,1.));
#12659 = ORIENTED_EDGE('',*,*,#12660,.F.);
#12660 = EDGE_CURVE('',#12653,#12653,#12661,.T.);
#12661 = CIRCLE('',#12662,0.25);
#12662 = AXIS2_PLACEMENT_3D('',#12663,#12664,#12665);
#12663 = CARTESIAN_POINT('',(5.,0.,0.85));
#12664 = DIRECTION('',(0.,-0.,1.));
#12665 = DIRECTION('',(1.144237745222E-17,1.,0.));
#12666 = ORIENTED_EDGE('',*,*,#12652,.F.);
#12667 = ORIENTED_EDGE('',*,*,#12635,.T.);
#12668 = CYLINDRICAL_SURFACE('',#12669,0.25);
#12669 = AXIS2_PLACEMENT_3D('',#12670,#12671,#12672);
#12670 = CARTESIAN_POINT('',(5.,0.,-2.));
#12671 = DIRECTION('',(0.,-0.,-1.));
#12672 = DIRECTION('',(1.144237745222E-17,1.,0.));
#12673 = ADVANCED_FACE('',(#12674),#12694,.F.);
#12674 = FACE_BOUND('',#12675,.F.);
#12675 = EDGE_LOOP('',(#12676,#12685,#12686,#12687));
#12676 = ORIENTED_EDGE('',*,*,#12677,.F.);
#12677 = EDGE_CURVE('',#12653,#12678,#12680,.T.);
#12678 = VERTEX_POINT('',#12679);
#12679 = CARTESIAN_POINT('',(4.933012701892,0.25,1.1));
#12680 = CIRCLE('',#12681,0.5);
#12681 = AXIS2_PLACEMENT_3D('',#12682,#12683,#12684);
#12682 = CARTESIAN_POINT('',(4.5,0.25,0.85));
#12683 = DIRECTION('',(-1.144237745222E-17,-1.,0.));
#12684 = DIRECTION('',(1.,-1.144237745222E-17,0.));
#12685 = ORIENTED_EDGE('',*,*,#12660,.F.);
#12686 = ORIENTED_EDGE('',*,*,#12677,.T.);
#12687 = ORIENTED_EDGE('',*,*,#12688,.T.);
#12688 = EDGE_CURVE('',#12678,#12678,#12689,.T.);
#12689 = CIRCLE('',#12690,0.25);
#12690 = AXIS2_PLACEMENT_3D('',#12691,#12692,#12693);
#12691 = CARTESIAN_POINT('',(4.933012701892,5.500816221034E-34,1.1));
#12692 = DIRECTION('',(-0.5,5.721188726112E-18,0.866025403784));
#12693 = DIRECTION('',(1.144237745222E-17,1.,1.130941160118E-33));
#12694 = SURFACE_OF_REVOLUTION('',#12695,#12700);
#12695 = CIRCLE('',#12696,0.25);
#12696 = AXIS2_PLACEMENT_3D('',#12697,#12698,#12699);
#12697 = CARTESIAN_POINT('',(5.,0.,0.85));
#12698 = DIRECTION('',(0.,-0.,1.));
#12699 = DIRECTION('',(1.144237745222E-17,1.,0.));
#12700 = AXIS1_PLACEMENT('',#12701,#12702);
#12701 = CARTESIAN_POINT('',(4.5,-4.,0.85));
#12702 = DIRECTION('',(-1.144237745222E-17,-1.,0.));
#12703 = ADVANCED_FACE('',(#12704),#12832,.T.);
#12704 = FACE_BOUND('',#12705,.T.);
#12705 = EDGE_LOOP('',(#12706,#12714,#12751,#12807,#12830,#12831));
#12706 = ORIENTED_EDGE('',*,*,#12707,.T.);
#12707 = EDGE_CURVE('',#12678,#12708,#12710,.T.);
#12708 = VERTEX_POINT('',#12709);
#12709 = CARTESIAN_POINT('',(4.598334876348,0.25,1.67967899801));
#12710 = LINE('',#12711,#12712);
#12711 = CARTESIAN_POINT('',(4.933012701892,0.25,1.1));
#12712 = VECTOR('',#12713,1.);
#12713 = DIRECTION('',(-0.5,5.721188726112E-18,0.866025403784));
#12714 = ORIENTED_EDGE('',*,*,#12715,.F.);
#12715 = EDGE_CURVE('',#12716,#12708,#12718,.T.);
#12716 = VERTEX_POINT('',#12717);
#12717 = CARTESIAN_POINT('',(4.849268064747,2.22044604925E-16,
    1.745049966396));
#12718 = B_SPLINE_CURVE_WITH_KNOTS('',7,(#12719,#12720,#12721,#12722,
    #12723,#12724,#12725,#12726,#12727,#12728,#12729,#12730,#12731,
    #12732,#12733,#12734,#12735,#12736,#12737,#12738,#12739,#12740,
    #12741,#12742,#12743,#12744,#12745,#12746,#12747,#12748,#12749,
    #12750),.UNSPECIFIED.,.F.,.F.,(8,6,6,6,6,8),(0.,0.241763709565,
    0.410219393977,0.53652090117,0.746819928834,1.),.UNSPECIFIED.);
#12719 = CARTESIAN_POINT('',(4.849268064747,2.22044604925E-16,
    1.745049966396));
#12720 = CARTESIAN_POINT('',(4.844364001498,1.001758874615E-02,
    1.753544053108));
#12721 = CARTESIAN_POINT('',(4.839050542048,2.032222277663E-02,
    1.761810882376));
#12722 = CARTESIAN_POINT('',(4.833282119644,3.09553234543E-02,
    1.769830860094));
#12723 = CARTESIAN_POINT('',(4.827007808277,4.19533636841E-02,
    1.777563706468));
#12724 = CARTESIAN_POINT('',(4.820156869887,5.335972239721E-02,
    1.784937757425));
#12725 = CARTESIAN_POINT('',(4.812654445026,6.521344490044E-02,
    1.791860790374));
#12726 = CARTESIAN_POINT('',(4.798541655418,8.626048624641E-02,
    1.802556496601));
#12727 = CARTESIAN_POINT('',(4.792502758244,9.494432076344E-02,
    1.80653384436));
#12728 = CARTESIAN_POINT('',(4.786214684815,0.103658414056,
    1.810054547962));
#12729 = CARTESIAN_POINT('',(4.779676548822,0.112384519975,
    1.813070715723));
#12730 = CARTESIAN_POINT('',(4.772892242487,0.121096801108,
    1.815528388152));
#12731 = CARTESIAN_POINT('',(4.765870436561,0.129761828785,
    1.817367537947));
#12732 = CARTESIAN_POINT('',(4.753191919698,0.144769099183,
    1.819387693132));
#12733 = CARTESIAN_POINT('',(4.747633142674,0.151151003548,
    1.819870466346));
#12734 = CARTESIAN_POINT('',(4.741957304551,0.157462287585,
    1.819940124931));
#12735 = CARTESIAN_POINT('',(4.736177207874,0.16367854908,1.819570425239
    ));
#12736 = CARTESIAN_POINT('',(4.730309402433,0.169772992177,
    1.818739144678));
#12737 = CARTESIAN_POINT('',(4.724374185264,0.175716427387,
    1.817428081711));
#12738 = CARTESIAN_POINT('',(4.708440925053,0.191069397272,
    1.812617587517));
#12739 = CARTESIAN_POINT('',(4.698342251762,0.200179567672,
    1.808239048518));
#12740 = CARTESIAN_POINT('',(4.688276068011,0.208600246808,
    1.802446960471));
#12741 = CARTESIAN_POINT('',(4.678382446843,0.216203663219,
    1.795293526394));
#12742 = CARTESIAN_POINT('',(4.668780572755,0.222911046087,
    1.786901062703));
#12743 = CARTESIAN_POINT('',(4.659576067045,0.228682208447,
    1.777454057665));
#12744 = CARTESIAN_POINT('',(4.640366931202,0.239356313732,
    1.754867994485));
#12745 = CARTESIAN_POINT('',(4.631423567489,0.24337539305,1.742360451828
    ));
#12746 = CARTESIAN_POINT('',(4.623444904041,0.246276217548,
    1.729806365285));
#12747 = CARTESIAN_POINT('',(4.616297148448,0.248221538981,
    1.717250157528));
#12748 = CARTESIAN_POINT('',(4.60978615485,0.249434404961,1.704718873159
    ));
#12749 = CARTESIAN_POINT('',(4.603828651289,0.249999998934,
    1.692204820721));
#12750 = CARTESIAN_POINT('',(4.598334876348,0.25,1.67967899801));
#12751 = ORIENTED_EDGE('',*,*,#12752,.F.);
#12752 = EDGE_CURVE('',#12753,#12716,#12755,.T.);
#12753 = VERTEX_POINT('',#12754);
#12754 = CARTESIAN_POINT('',(4.579497089263,2.22044604925E-16,
    1.212307002343));
#12755 = B_SPLINE_CURVE_WITH_KNOTS('',8,(#12756,#12757,#12758,#12759,
    #12760,#12761,#12762,#12763,#12764,#12765,#12766,#12767,#12768,
    #12769,#12770,#12771,#12772,#12773,#12774,#12775,#12776,#12777,
    #12778,#12779,#12780,#12781,#12782,#12783,#12784,#12785,#12786,
    #12787,#12788,#12789,#12790,#12791,#12792,#12793,#12794,#12795,
    #12796,#12797,#12798,#12799,#12800,#12801,#12802,#12803,#12804,
    #12805,#12806),.UNSPECIFIED.,.F.,.F.,(9,7,7,7,7,7,7,9),(0.,
    0.19078736286,0.369786424479,0.513703292981,0.651485740399,
    0.719841574329,0.850671073529,1.),.UNSPECIFIED.);
#12756 = CARTESIAN_POINT('',(4.579497089263,2.498001805407E-16,
    1.212307002343));
#12757 = CARTESIAN_POINT('',(4.573387972941,-1.460665884341E-02,
    1.222888302202));
#12758 = CARTESIAN_POINT('',(4.567872793808,-2.901585421323E-02,
    1.234391492263));
#12759 = CARTESIAN_POINT('',(4.562924967853,-4.321614467519E-02,
    1.246770598809));
#12760 = CARTESIAN_POINT('',(4.558529269717,-5.719266388664E-02,
    1.259994825522));
#12761 = CARTESIAN_POINT('',(4.554678380237,-7.092786565873E-02,
    1.274043557557));
#12762 = CARTESIAN_POINT('',(4.551371358063,-8.440178729829E-02,
    1.288904308098));
#12763 = CARTESIAN_POINT('',(4.54861403534,-9.75918312297E-02,
    1.304573607428));
#12764 = CARTESIAN_POINT('',(4.544364121213,-0.122556459299,
    1.336529354653));
#12765 = CARTESIAN_POINT('',(4.54280525738,-0.134360058047,
    1.352707443955));
#12766 = CARTESIAN_POINT('',(4.541755282839,-0.145866851387,
    1.369607709551));
#12767 = CARTESIAN_POINT('',(4.541233573854,-0.157050082566,
    1.387243425374));
#12768 = CARTESIAN_POINT('',(4.541269384929,-0.167871628778,
    1.405629460697));
#12769 = CARTESIAN_POINT('',(4.541900768006,-0.178282922567,
    1.424780748836));
#12770 = CARTESIAN_POINT('',(4.543178413136,-0.188223408141,
    1.444716731634));
#12771 = CARTESIAN_POINT('',(4.546791913086,-0.205161463833,
    1.482174244549));
#12772 = CARTESIAN_POINT('',(4.548867568358,-0.212336815491,
    1.499365112402));
#12773 = CARTESIAN_POINT('',(4.551449322994,-0.21911262951,
    1.517101248612));
#12774 = CARTESIAN_POINT('',(4.554588949033,-0.225434790367,
    1.535405455025));
#12775 = CARTESIAN_POINT('',(4.558351203287,-0.23121980149,
    1.554273840107));
#12776 = CARTESIAN_POINT('',(4.562809380792,-0.236360279408,
    1.57367194637));
#12777 = CARTESIAN_POINT('',(4.56804938678,-0.240723818141,
    1.593536348114));
#12778 = CARTESIAN_POINT('',(4.580083375897,-0.247394677691,
    1.633180338834));
#12779 = CARTESIAN_POINT('',(4.586845109335,-0.249805464857,
    1.65307009704));
#12780 = CARTESIAN_POINT('',(4.594548081019,-0.25114837322,
    1.673181590757));
#12781 = CARTESIAN_POINT('',(4.603234095602,-0.251199397317,
    1.693144207547));
#12782 = CARTESIAN_POINT('',(4.612904709005,-0.249766604459,
    1.712525487432));
#12783 = CARTESIAN_POINT('',(4.623510669589,-0.246703489644,
    1.730835828697));
#12784 = CARTESIAN_POINT('',(4.634913431764,-0.241958998128,
    1.747561890486));
#12785 = CARTESIAN_POINT('',(4.652674340329,-0.232636318869,
    1.769587500065));
#12786 = CARTESIAN_POINT('',(4.658793561142,-0.229121074946,
    1.776545002843));
#12787 = CARTESIAN_POINT('',(4.665132494898,-0.225165084099,
    1.78308873275));
#12788 = CARTESIAN_POINT('',(4.671673437455,-0.220762392381,
    1.789157782984));
#12789 = CARTESIAN_POINT('',(4.678390938392,-0.215918012519,
    1.794697882872));
#12790 = CARTESIAN_POINT('',(4.685251801011,-0.210647923916,
    1.79966139787));
#12791 = CARTESIAN_POINT('',(4.692215082337,-0.204979072648,
    1.80400732956));
#12792 = CARTESIAN_POINT('',(4.712662285579,-0.187408838047,
    1.814771412284));
#12793 = CARTESIAN_POINT('',(4.725089984166,-0.175584738619,
    1.818840798146));
#12794 = CARTESIAN_POINT('',(4.736706919844,-0.16366938184,
    1.820787771474));
#12795 = CARTESIAN_POINT('',(4.747577380936,-0.151759451498,
    1.821004004895));
#12796 = CARTESIAN_POINT('',(4.757786419455,-0.13992141729,
    1.819855513126));
#12797 = CARTESIAN_POINT('',(4.767404145421,-0.128164571922,
    1.817548969936));
#12798 = CARTESIAN_POINT('',(4.776513227192,-0.116465113698,
    1.814245747812));
#12799 = CARTESIAN_POINT('',(4.795110133981,-9.138315207225E-02,
    1.805184241801));
#12800 = CARTESIAN_POINT('',(4.804401047084,-7.808906169928E-02,
    1.79917878212));
#12801 = CARTESIAN_POINT('',(4.813131750415,-6.487082818957E-02,
    1.792169953268));
#12802 = CARTESIAN_POINT('',(4.821336999308,-5.173108947652E-02,
    1.784267640052));
#12803 = CARTESIAN_POINT('',(4.829040151353,-3.867252726795E-02,
    1.77555243203));
#12804 = CARTESIAN_POINT('',(4.836257613555,-2.569717297862E-02,
    1.766085410303));
#12805 = CARTESIAN_POINT('',(4.842998828532,-1.280624391766E-02,
    1.755908602047));
#12806 = CARTESIAN_POINT('',(4.849268064747,2.498001805407E-16,
    1.745049966396));
#12807 = ORIENTED_EDGE('',*,*,#12808,.F.);
#12808 = EDGE_CURVE('',#12708,#12753,#12809,.T.);
#12809 = B_SPLINE_CURVE_WITH_KNOTS('',7,(#12810,#12811,#12812,#12813,
    #12814,#12815,#12816,#12817,#12818,#12819,#12820,#12821,#12822,
    #12823,#12824,#12825,#12826,#12827,#12828,#12829),.UNSPECIFIED.,.F.,
  .F.,(8,6,6,8),(0.,0.281994812219,0.607907449028,1.),.UNSPECIFIED.);
#12810 = CARTESIAN_POINT('',(4.598334876348,0.25,1.67967899801));
#12811 = CARTESIAN_POINT('',(4.59140316225,0.249999998655,1.663874664792
    ));
#12812 = CARTESIAN_POINT('',(4.584779319419,0.249097702928,
    1.647066430358));
#12813 = CARTESIAN_POINT('',(4.57848797922,0.247237965056,1.629245900853
    ));
#12814 = CARTESIAN_POINT('',(4.572567416869,0.244351132052,
    1.610414633265));
#12815 = CARTESIAN_POINT('',(4.567069136716,0.240354966676,
    1.590588712837));
#12816 = CARTESIAN_POINT('',(4.562056059024,0.235162078935,
    1.569806567483));
#12817 = CARTESIAN_POINT('',(4.552465184222,0.221156737986,
    1.523036611148));
#12818 = CARTESIAN_POINT('',(4.548017978227,0.211820586954,
    1.496455272772));
#12819 = CARTESIAN_POINT('',(4.544499521247,0.2005382536,1.468779146536)
  );
#12820 = CARTESIAN_POINT('',(4.542122564392,0.187310533223,
    1.440582892474));
#12821 = CARTESIAN_POINT('',(4.541040445648,0.172323535548,1.41259935383
    ));
#12822 = CARTESIAN_POINT('',(4.541313919702,0.156017752716,
    1.385700124238));
#12823 = CARTESIAN_POINT('',(4.54438761915,0.119293483306,1.331066240948
    ));
#12824 = CARTESIAN_POINT('',(4.547692372034,9.868060220454E-02,
    1.304224275262));
#12825 = CARTESIAN_POINT('',(4.552320107241,7.804002353955E-02,
    1.280481999293));
#12826 = CARTESIAN_POINT('',(4.557990364705,5.773102402524E-02,
    1.259686288118));
#12827 = CARTESIAN_POINT('',(4.564484824922,3.794535222575E-02,
    1.241582242932));
#12828 = CARTESIAN_POINT('',(4.571664728431,1.872686925256E-02,
    1.225873049248));
#12829 = CARTESIAN_POINT('',(4.579497089263,2.22044604925E-16,
    1.212307002343));
#12830 = ORIENTED_EDGE('',*,*,#12707,.F.);
#12831 = ORIENTED_EDGE('',*,*,#12688,.T.);
#12832 = CYLINDRICAL_SURFACE('',#12833,0.25);
#12833 = AXIS2_PLACEMENT_3D('',#12834,#12835,#12836);
#12834 = CARTESIAN_POINT('',(4.933012701892,0.,1.1));
#12835 = DIRECTION('',(0.5,-5.721188726112E-18,-0.866025403784));
#12836 = DIRECTION('',(1.144237745222E-17,1.,1.130941160118E-33));
#12837 = ADVANCED_FACE('',(#12838),#12933,.T.);
#12838 = FACE_BOUND('',#12839,.T.);
#12839 = EDGE_LOOP('',(#12840,#12851,#12852,#12859,#12860,#12861,#12870,
    #12926));
#12840 = ORIENTED_EDGE('',*,*,#12841,.F.);
#12841 = EDGE_CURVE('',#12842,#12844,#12846,.T.);
#12842 = VERTEX_POINT('',#12843);
#12843 = CARTESIAN_POINT('',(2.5,1.25,2.6));
#12844 = VERTEX_POINT('',#12845);
#12845 = CARTESIAN_POINT('',(-8.881784197001E-16,2.22044604925E-16,2.6)
  );
#12846 = CIRCLE('',#12847,3.125);
#12847 = AXIS2_PLACEMENT_3D('',#12848,#12849,#12850);
#12848 = CARTESIAN_POINT('',(2.5,-1.875,2.6));
#12849 = DIRECTION('',(0.,0.,1.));
#12850 = DIRECTION('',(-7.105427357601E-16,1.,0.));
#12851 = ORIENTED_EDGE('',*,*,#12841,.T.);
#12852 = ORIENTED_EDGE('',*,*,#12853,.F.);
#12853 = EDGE_CURVE('',#12716,#12844,#12854,.T.);
#12854 = CIRCLE('',#12855,2.5);
#12855 = AXIS2_PLACEMENT_3D('',#12856,#12857,#12858);
#12856 = CARTESIAN_POINT('',(2.5,2.22044604925E-16,2.6));
#12857 = DIRECTION('',(0.,-1.,0.));
#12858 = DIRECTION('',(-1.,0.,0.));
#12859 = ORIENTED_EDGE('',*,*,#12715,.T.);
#12860 = ORIENTED_EDGE('',*,*,#12808,.T.);
#12861 = ORIENTED_EDGE('',*,*,#12862,.F.);
#12862 = EDGE_CURVE('',#12863,#12753,#12865,.T.);
#12863 = VERTEX_POINT('',#12864);
#12864 = CARTESIAN_POINT('',(0.420502910737,2.22044604925E-16,
    1.212307002343));
#12865 = CIRCLE('',#12866,2.5);
#12866 = AXIS2_PLACEMENT_3D('',#12867,#12868,#12869);
#12867 = CARTESIAN_POINT('',(2.5,2.22044604925E-16,2.6));
#12868 = DIRECTION('',(0.,-1.,0.));
#12869 = DIRECTION('',(-1.,0.,0.));
#12870 = ORIENTED_EDGE('',*,*,#12871,.T.);
#12871 = EDGE_CURVE('',#12863,#12872,#12874,.T.);
#12872 = VERTEX_POINT('',#12873);
#12873 = CARTESIAN_POINT('',(0.150731935253,2.22044604925E-16,
    1.745049966396));
#12874 = B_SPLINE_CURVE_WITH_KNOTS('',8,(#12875,#12876,#12877,#12878,
    #12879,#12880,#12881,#12882,#12883,#12884,#12885,#12886,#12887,
    #12888,#12889,#12890,#12891,#12892,#12893,#12894,#12895,#12896,
    #12897,#12898,#12899,#12900,#12901,#12902,#12903,#12904,#12905,
    #12906,#12907,#12908,#12909,#12910,#12911,#12912,#12913,#12914,
    #12915,#12916,#12917,#12918,#12919,#12920,#12921,#12922,#12923,
    #12924,#12925),.UNSPECIFIED.,.F.,.F.,(9,7,7,7,7,7,7,9),(0.,
    0.190787362857,0.369786424466,0.513703292965,0.651485740381,
    0.719841574311,0.85067107352,1.),.UNSPECIFIED.);
#12875 = CARTESIAN_POINT('',(0.420502910737,2.22044604925E-16,
    1.212307002343));
#12876 = CARTESIAN_POINT('',(0.426612027059,1.460665884349E-02,
    1.222888302202));
#12877 = CARTESIAN_POINT('',(0.432127206192,2.90158542134E-02,
    1.234391492264));
#12878 = CARTESIAN_POINT('',(0.437075032147,4.321614467543E-02,
    1.246770598809));
#12879 = CARTESIAN_POINT('',(0.441470730283,5.719266388696E-02,
    1.259994825523));
#12880 = CARTESIAN_POINT('',(0.445321619763,7.092786565911E-02,
    1.274043557557));
#12881 = CARTESIAN_POINT('',(0.448628641937,8.440178729875E-02,
    1.288904308099));
#12882 = CARTESIAN_POINT('',(0.45138596466,9.759183123022E-02,
    1.304573607429));
#12883 = CARTESIAN_POINT('',(0.455635878787,0.122556459299,
    1.336529354654));
#12884 = CARTESIAN_POINT('',(0.45719474262,0.134360058047,1.352707443955
    ));
#12885 = CARTESIAN_POINT('',(0.458244717161,0.145866851387,1.36960770955
    ));
#12886 = CARTESIAN_POINT('',(0.458766426146,0.157050082565,
    1.387243425373));
#12887 = CARTESIAN_POINT('',(0.458730615071,0.167871628776,
    1.405629460695));
#12888 = CARTESIAN_POINT('',(0.458099231994,0.178282922565,
    1.424780748833));
#12889 = CARTESIAN_POINT('',(0.456821586864,0.188223408139,
    1.444716731629));
#12890 = CARTESIAN_POINT('',(0.453208086915,0.205161463831,
    1.482174244543));
#12891 = CARTESIAN_POINT('',(0.451132431643,0.212336815489,
    1.499365112397));
#12892 = CARTESIAN_POINT('',(0.448550677007,0.219112629508,
    1.517101248607));
#12893 = CARTESIAN_POINT('',(0.445411050968,0.225434790365,
    1.535405455019));
#12894 = CARTESIAN_POINT('',(0.441648796714,0.231219801489,
    1.554273840102));
#12895 = CARTESIAN_POINT('',(0.437190619209,0.236360279407,
    1.573671946365));
#12896 = CARTESIAN_POINT('',(0.431950613221,0.24072381814,1.593536348108
    ));
#12897 = CARTESIAN_POINT('',(0.419916624105,0.24739467769,1.633180338828
    ));
#12898 = CARTESIAN_POINT('',(0.413154890668,0.249805464856,
    1.653070097035));
#12899 = CARTESIAN_POINT('',(0.405451918983,0.25114837322,1.673181590751
    ));
#12900 = CARTESIAN_POINT('',(0.396765904401,0.251199397317,
    1.693144207542));
#12901 = CARTESIAN_POINT('',(0.387095290998,0.249766604459,
    1.712525487427));
#12902 = CARTESIAN_POINT('',(0.376489330414,0.246703489645,
    1.730835828693));
#12903 = CARTESIAN_POINT('',(0.365086568239,0.24195899813,1.747561890482
    ));
#12904 = CARTESIAN_POINT('',(0.347325659674,0.232636318871,
    1.769587500061));
#12905 = CARTESIAN_POINT('',(0.341206438861,0.229121074948,
    1.776545002841));
#12906 = CARTESIAN_POINT('',(0.334867505104,0.225165084101,
    1.783088732748));
#12907 = CARTESIAN_POINT('',(0.328326562548,0.220762392383,
    1.789157782982));
#12908 = CARTESIAN_POINT('',(0.321609061611,0.215918012521,1.79469788287
    ));
#12909 = CARTESIAN_POINT('',(0.314748198992,0.210647923918,
    1.799661397867));
#12910 = CARTESIAN_POINT('',(0.307784917667,0.204979072651,
    1.804007329558));
#12911 = CARTESIAN_POINT('',(0.287337714424,0.187408838051,
    1.814771412283));
#12912 = CARTESIAN_POINT('',(0.274910015837,0.175584738623,
    1.818840798145));
#12913 = CARTESIAN_POINT('',(0.263293080159,0.163669381843,
    1.820787771474));
#12914 = CARTESIAN_POINT('',(0.252422619066,0.151759451501,
    1.821004004895));
#12915 = CARTESIAN_POINT('',(0.242213580548,0.139921417292,
    1.819855513126));
#12916 = CARTESIAN_POINT('',(0.23259585458,0.128164571924,1.817548969937
    ));
#12917 = CARTESIAN_POINT('',(0.223486772809,0.1164651137,1.814245747813)
  );
#12918 = CARTESIAN_POINT('',(0.20488986602,9.138315207386E-02,
    1.805184241801));
#12919 = CARTESIAN_POINT('',(0.195598952917,7.808906170067E-02,
    1.799178782121));
#12920 = CARTESIAN_POINT('',(0.186868249586,6.487082819071E-02,
    1.792169953268));
#12921 = CARTESIAN_POINT('',(0.178663000692,5.173108947742E-02,
    1.784267640052));
#12922 = CARTESIAN_POINT('',(0.170959848647,3.867252726864E-02,
    1.775552432031));
#12923 = CARTESIAN_POINT('',(0.163742386445,2.569717297907E-02,
    1.766085410303));
#12924 = CARTESIAN_POINT('',(0.157001171468,1.280624391788E-02,
    1.755908602047));
#12925 = CARTESIAN_POINT('',(0.150731935253,2.22044604925E-16,
    1.745049966396));
#12926 = ORIENTED_EDGE('',*,*,#12927,.F.);
#12927 = EDGE_CURVE('',#12844,#12872,#12928,.T.);
#12928 = CIRCLE('',#12929,2.5);
#12929 = AXIS2_PLACEMENT_3D('',#12930,#12931,#12932);
#12930 = CARTESIAN_POINT('',(2.5,2.22044604925E-16,2.6));
#12931 = DIRECTION('',(0.,-1.,0.));
#12932 = DIRECTION('',(-1.,0.,0.));
#12933 = SPHERICAL_SURFACE('',#12934,3.125);
#12934 = AXIS2_PLACEMENT_3D('',#12935,#12936,#12937);
#12935 = CARTESIAN_POINT('',(2.5,-1.875,2.6));
#12936 = DIRECTION('',(0.,-1.,0.));
#12937 = DIRECTION('',(-1.,0.,0.));
#12938 = ADVANCED_FACE('',(#12939),#13015,.T.);
#12939 = FACE_BOUND('',#12940,.T.);
#12940 = EDGE_LOOP('',(#12941,#12950,#12951,#12988,#13011,#13012,#13013,
    #13014));
#12941 = ORIENTED_EDGE('',*,*,#12942,.F.);
#12942 = EDGE_CURVE('',#12844,#12943,#12945,.T.);
#12943 = VERTEX_POINT('',#12944);
#12944 = CARTESIAN_POINT('',(2.5,-1.25,2.6));
#12945 = CIRCLE('',#12946,3.125);
#12946 = AXIS2_PLACEMENT_3D('',#12947,#12948,#12949);
#12947 = CARTESIAN_POINT('',(2.5,1.875,2.6));
#12948 = DIRECTION('',(0.,0.,1.));
#12949 = DIRECTION('',(-0.8,-0.6,0.));
#12950 = ORIENTED_EDGE('',*,*,#12927,.T.);
#12951 = ORIENTED_EDGE('',*,*,#12952,.T.);
#12952 = EDGE_CURVE('',#12872,#12953,#12955,.T.);
#12953 = VERTEX_POINT('',#12954);
#12954 = CARTESIAN_POINT('',(0.401665123652,-0.25,1.67967899801));
#12955 = B_SPLINE_CURVE_WITH_KNOTS('',7,(#12956,#12957,#12958,#12959,
    #12960,#12961,#12962,#12963,#12964,#12965,#12966,#12967,#12968,
    #12969,#12970,#12971,#12972,#12973,#12974,#12975,#12976,#12977,
    #12978,#12979,#12980,#12981,#12982,#12983,#12984,#12985,#12986,
    #12987),.UNSPECIFIED.,.F.,.F.,(8,6,6,6,6,8),(0.,0.241763709606,
    0.410219394067,0.536520901234,0.746819928873,1.),.UNSPECIFIED.);
#12956 = CARTESIAN_POINT('',(0.150731935253,1.942890293094E-16,
    1.745049966396));
#12957 = CARTESIAN_POINT('',(0.155635998502,-1.00175887458E-02,
    1.753544053108));
#12958 = CARTESIAN_POINT('',(0.160949457952,-2.032222277588E-02,
    1.761810882375));
#12959 = CARTESIAN_POINT('',(0.166717880356,-3.095532345321E-02,
    1.769830860093));
#12960 = CARTESIAN_POINT('',(0.172992191722,-4.195336368249E-02,
    1.777563706467));
#12961 = CARTESIAN_POINT('',(0.179843130112,-5.335972239521E-02,
    1.784937757424));
#12962 = CARTESIAN_POINT('',(0.187345554972,-6.52134448979E-02,
    1.791860790373));
#12963 = CARTESIAN_POINT('',(0.20145834458,-8.626048624403E-02,
    1.8025564966));
#12964 = CARTESIAN_POINT('',(0.207497241755,-9.494432076174E-02,
    1.806533844359));
#12965 = CARTESIAN_POINT('',(0.213785315184,-0.103658414054,
    1.810054547961));
#12966 = CARTESIAN_POINT('',(0.220323451176,-0.112384519971,
    1.813070715722));
#12967 = CARTESIAN_POINT('',(0.227107757509,-0.121096801103,
    1.815528388151));
#12968 = CARTESIAN_POINT('',(0.234129563435,-0.129761828779,
    1.817367537946));
#12969 = CARTESIAN_POINT('',(0.246808080298,-0.14476909918,
    1.819387693132));
#12970 = CARTESIAN_POINT('',(0.252366857324,-0.151151003546,
    1.819870466346));
#12971 = CARTESIAN_POINT('',(0.258042695449,-0.157462287585,
    1.819940124931));
#12972 = CARTESIAN_POINT('',(0.263822792127,-0.16367854908,
    1.819570425239));
#12973 = CARTESIAN_POINT('',(0.269690597568,-0.169772992178,
    1.818739144678));
#12974 = CARTESIAN_POINT('',(0.275625814735,-0.175716427386,
    1.817428081711));
#12975 = CARTESIAN_POINT('',(0.291559074948,-0.191069397273,
    1.812617587517));
#12976 = CARTESIAN_POINT('',(0.301657748239,-0.200179567672,
    1.808239048518));
#12977 = CARTESIAN_POINT('',(0.311723931989,-0.208600246808,
    1.802446960471));
#12978 = CARTESIAN_POINT('',(0.321617553155,-0.216203663218,
    1.795293526394));
#12979 = CARTESIAN_POINT('',(0.331219427242,-0.222911046085,
    1.786901062705));
#12980 = CARTESIAN_POINT('',(0.340423932952,-0.228682208446,
    1.777454057668));
#12981 = CARTESIAN_POINT('',(0.359633068796,-0.239356313731,
    1.754867994488));
#12982 = CARTESIAN_POINT('',(0.368576432509,-0.24337539305,1.74236045183
    ));
#12983 = CARTESIAN_POINT('',(0.376555095958,-0.246276217548,
    1.729806365287));
#12984 = CARTESIAN_POINT('',(0.383702851552,-0.248221538981,
    1.717250157529));
#12985 = CARTESIAN_POINT('',(0.39021384515,-0.249434404961,1.70471887316
    ));
#12986 = CARTESIAN_POINT('',(0.396171348711,-0.249999998934,
    1.692204820721));
#12987 = CARTESIAN_POINT('',(0.401665123652,-0.25,1.67967899801));
#12988 = ORIENTED_EDGE('',*,*,#12989,.T.);
#12989 = EDGE_CURVE('',#12953,#12863,#12990,.T.);
#12990 = B_SPLINE_CURVE_WITH_KNOTS('',7,(#12991,#12992,#12993,#12994,
    #12995,#12996,#12997,#12998,#12999,#13000,#13001,#13002,#13003,
    #13004,#13005,#13006,#13007,#13008,#13009,#13010),.UNSPECIFIED.,.F.,
  .F.,(8,6,6,8),(0.,0.281994812224,0.607907449014,1.),.UNSPECIFIED.);
#12991 = CARTESIAN_POINT('',(0.401665123652,-0.25,1.67967899801));
#12992 = CARTESIAN_POINT('',(0.40859683775,-0.249999998655,
    1.663874664792));
#12993 = CARTESIAN_POINT('',(0.415220680581,-0.249097702928,
    1.647066430357));
#12994 = CARTESIAN_POINT('',(0.42151202078,-0.247237965056,
    1.629245900852));
#12995 = CARTESIAN_POINT('',(0.427432583132,-0.244351132051,
    1.610414633263));
#12996 = CARTESIAN_POINT('',(0.432930863285,-0.240354966676,
    1.590588712835));
#12997 = CARTESIAN_POINT('',(0.437943940976,-0.235162078934,
    1.569806567481));
#12998 = CARTESIAN_POINT('',(0.447534815778,-0.221156737985,
    1.523036611146));
#12999 = CARTESIAN_POINT('',(0.451982021773,-0.211820586954,
    1.496455272772));
#13000 = CARTESIAN_POINT('',(0.455500478753,-0.200538253601,
    1.468779146538));
#13001 = CARTESIAN_POINT('',(0.457877435607,-0.187310533225,
    1.440582892477));
#13002 = CARTESIAN_POINT('',(0.458959554352,-0.172323535551,
    1.412599353835));
#13003 = CARTESIAN_POINT('',(0.458686080298,-0.15601775272,
    1.385700124245));
#13004 = CARTESIAN_POINT('',(0.45561238085,-0.119293483311,
    1.331066240954));
#13005 = CARTESIAN_POINT('',(0.452307627967,-9.868060220835E-02,
    1.304224275266));
#13006 = CARTESIAN_POINT('',(0.44767989276,-7.804002354262E-02,
    1.280481999297));
#13007 = CARTESIAN_POINT('',(0.442009635296,-5.773102402739E-02,
    1.25968628812));
#13008 = CARTESIAN_POINT('',(0.435515175078,-3.79453522272E-02,
    1.241582242933));
#13009 = CARTESIAN_POINT('',(0.42833527157,-1.872686925325E-02,
    1.225873049248));
#13010 = CARTESIAN_POINT('',(0.420502910737,1.942890293094E-16,
    1.212307002343));
#13011 = ORIENTED_EDGE('',*,*,#12862,.T.);
#13012 = ORIENTED_EDGE('',*,*,#12752,.T.);
#13013 = ORIENTED_EDGE('',*,*,#12853,.T.);
#13014 = ORIENTED_EDGE('',*,*,#12942,.T.);
#13015 = SPHERICAL_SURFACE('',#13016,3.125);
#13016 = AXIS2_PLACEMENT_3D('',#13017,#13018,#13019);
#13017 = CARTESIAN_POINT('',(2.5,1.875,2.6));
#13018 = DIRECTION('',(0.,-1.,0.));
#13019 = DIRECTION('',(-1.,0.,0.));
#13020 = ADVANCED_FACE('',(#13021),#13042,.T.);
#13021 = FACE_BOUND('',#13022,.T.);
#13022 = EDGE_LOOP('',(#13023,#13031,#13032,#13033,#13034,#13035));
#13023 = ORIENTED_EDGE('',*,*,#13024,.T.);
#13024 = EDGE_CURVE('',#13025,#12953,#13027,.T.);
#13025 = VERTEX_POINT('',#13026);
#13026 = CARTESIAN_POINT('',(6.698729810778E-02,-0.25,1.1));
#13027 = LINE('',#13028,#13029);
#13028 = CARTESIAN_POINT('',(6.698729810778E-02,-0.25,1.1));
#13029 = VECTOR('',#13030,1.);
#13030 = DIRECTION('',(0.5,5.551115123128E-17,0.866025403784));
#13031 = ORIENTED_EDGE('',*,*,#12952,.F.);
#13032 = ORIENTED_EDGE('',*,*,#12871,.F.);
#13033 = ORIENTED_EDGE('',*,*,#12989,.F.);
#13034 = ORIENTED_EDGE('',*,*,#13024,.F.);
#13035 = ORIENTED_EDGE('',*,*,#13036,.T.);
#13036 = EDGE_CURVE('',#13025,#13025,#13037,.T.);
#13037 = CIRCLE('',#13038,0.25);
#13038 = AXIS2_PLACEMENT_3D('',#13039,#13040,#13041);
#13039 = CARTESIAN_POINT('',(6.698729810778E-02,5.337293624795E-33,1.1)
  );
#13040 = DIRECTION('',(0.5,5.551115123128E-17,0.866025403784));
#13041 = DIRECTION('',(1.110223024625E-16,-1.,8.649496630801E-30));
#13042 = CYLINDRICAL_SURFACE('',#13043,0.25);
#13043 = AXIS2_PLACEMENT_3D('',#13044,#13045,#13046);
#13044 = CARTESIAN_POINT('',(6.698729810778E-02,0.,1.1));
#13045 = DIRECTION('',(-0.5,-5.551115123128E-17,-0.866025403784));
#13046 = DIRECTION('',(1.110223024625E-16,-1.,8.649496630801E-30));
#13047 = ADVANCED_FACE('',(#13048),#13068,.F.);
#13048 = FACE_BOUND('',#13049,.F.);
#13049 = EDGE_LOOP('',(#13050,#13059,#13066,#13067));
#13050 = ORIENTED_EDGE('',*,*,#13051,.F.);
#13051 = EDGE_CURVE('',#13052,#13025,#13054,.T.);
#13052 = VERTEX_POINT('',#13053);
#13053 = CARTESIAN_POINT('',(1.942890293094E-16,-0.25,0.85));
#13054 = CIRCLE('',#13055,0.5);
#13055 = AXIS2_PLACEMENT_3D('',#13056,#13057,#13058);
#13056 = CARTESIAN_POINT('',(0.5,-0.25,0.85));
#13057 = DIRECTION('',(-1.110223024625E-16,1.,0.));
#13058 = DIRECTION('',(-1.,-1.110223024625E-16,0.));
#13059 = ORIENTED_EDGE('',*,*,#13060,.F.);
#13060 = EDGE_CURVE('',#13052,#13052,#13061,.T.);
#13061 = CIRCLE('',#13062,0.25);
#13062 = AXIS2_PLACEMENT_3D('',#13063,#13064,#13065);
#13063 = CARTESIAN_POINT('',(1.665334536938E-16,0.,0.85));
#13064 = DIRECTION('',(-0.,0.,1.));
#13065 = DIRECTION('',(1.110223024625E-16,-1.,0.));
#13066 = ORIENTED_EDGE('',*,*,#13051,.T.);
#13067 = ORIENTED_EDGE('',*,*,#13036,.T.);
#13068 = SURFACE_OF_REVOLUTION('',#13069,#13074);
#13069 = CIRCLE('',#13070,0.25);
#13070 = AXIS2_PLACEMENT_3D('',#13071,#13072,#13073);
#13071 = CARTESIAN_POINT('',(1.665334536938E-16,0.,0.85));
#13072 = DIRECTION('',(-0.,0.,1.));
#13073 = DIRECTION('',(1.110223024625E-16,-1.,0.));
#13074 = AXIS1_PLACEMENT('',#13075,#13076);
#13075 = CARTESIAN_POINT('',(0.5,4.,0.85));
#13076 = DIRECTION('',(-1.110223024625E-16,1.,0.));
#13077 = ADVANCED_FACE('',(#13078),#13097,.T.);
#13078 = FACE_BOUND('',#13079,.T.);
#13079 = EDGE_LOOP('',(#13080,#13088,#13089,#13090));
#13080 = ORIENTED_EDGE('',*,*,#13081,.T.);
#13081 = EDGE_CURVE('',#13082,#13052,#13084,.T.);
#13082 = VERTEX_POINT('',#13083);
#13083 = CARTESIAN_POINT('',(1.942890293094E-16,-0.25,-2.));
#13084 = LINE('',#13085,#13086);
#13085 = CARTESIAN_POINT('',(1.942890293094E-16,-0.25,-2.));
#13086 = VECTOR('',#13087,1.);
#13087 = DIRECTION('',(0.,0.,1.));
#13088 = ORIENTED_EDGE('',*,*,#13060,.F.);
#13089 = ORIENTED_EDGE('',*,*,#13081,.F.);
#13090 = ORIENTED_EDGE('',*,*,#13091,.T.);
#13091 = EDGE_CURVE('',#13082,#13082,#13092,.T.);
#13092 = CIRCLE('',#13093,0.25);
#13093 = AXIS2_PLACEMENT_3D('',#13094,#13095,#13096);
#13094 = CARTESIAN_POINT('',(1.665334536938E-16,0.,-2.));
#13095 = DIRECTION('',(-0.,0.,1.));
#13096 = DIRECTION('',(1.110223024625E-16,-1.,0.));
#13097 = CYLINDRICAL_SURFACE('',#13098,0.25);
#13098 = AXIS2_PLACEMENT_3D('',#13099,#13100,#13101);
#13099 = CARTESIAN_POINT('',(1.665334536938E-16,0.,-2.));
#13100 = DIRECTION('',(-0.,0.,-1.));
#13101 = DIRECTION('',(1.110223024625E-16,-1.,-0.));
#13102 = ADVANCED_FACE('',(#13103),#13106,.T.);
#13103 = FACE_BOUND('',#13104,.F.);
#13104 = EDGE_LOOP('',(#13105));
#13105 = ORIENTED_EDGE('',*,*,#13091,.T.);
#13106 = PLANE('',#13107);
#13107 = AXIS2_PLACEMENT_3D('',#13108,#13109,#13110);
#13108 = CARTESIAN_POINT('',(1.942890293094E-16,-0.25,-2.));
#13109 = DIRECTION('',(0.,0.,-1.));
#13110 = DIRECTION('',(-1.110223024625E-16,1.,0.));
#13111 = ( GEOMETRIC_REPRESENTATION_CONTEXT(3) 
GLOBAL_UNCERTAINTY_ASSIGNED_CONTEXT((#13115)) 
GLOBAL_UNIT_ASSIGNED_CONTEXT((#13112,#13113,#13114)) 
REPRESENTATION_CONTEXT('Context #1',
  '3D Context with UNIT and UNCERTAINTY') );
#13112 = ( LENGTH_UNIT() NAMED_UNIT(*) SI_UNIT(.MILLI.,.METRE.) );
#13113 = ( NAMED_UNIT(*) PLANE_ANGLE_UNIT() SI_UNIT($,.RADIAN.) );
#13114 = ( NAMED_UNIT(*) SI_UNIT($,.STERADIAN.) SOLID_ANGLE_UNIT() );
#13115 = UNCERTAINTY_MEASURE_WITH_UNIT(LENGTH_MEASURE(2.E-07),#13112,
  'distance_accuracy_value','confusion accuracy');
#13116 = CONTEXT_DEPENDENT_SHAPE_REPRESENTATION(#13117,#13119);
#13117 = ( REPRESENTATION_RELATIONSHIP('','',#12628,#10) 
REPRESENTATION_RELATIONSHIP_WITH_TRANSFORMATION(#13118) 
SHAPE_REPRESENTATION_RELATIONSHIP() );
#13118 = ITEM_DEFINED_TRANSFORMATION('','',#11,#23);
#13119 = PRODUCT_DEFINITION_SHAPE('Placement','Placement of an item',
  #13120);
#13120 = NEXT_ASSEMBLY_USAGE_OCCURRENCE('3','C20','',#5,#12623,$);
#13121 = PRODUCT_RELATED_PRODUCT_CATEGORY('part',$,(#12625));
#13122 = CONTEXT_DEPENDENT_SHAPE_REPRESENTATION(#13123,#13125);
#13123 = ( REPRESENTATION_RELATIONSHIP('','',#6895,#10) 
REPRESENTATION_RELATIONSHIP_WITH_TRANSFORMATION(#13124) 
SHAPE_REPRESENTATION_RELATIONSHIP() );
#13124 = ITEM_DEFINED_TRANSFORMATION('','',#11,#27);
#13125 = PRODUCT_DEFINITION_SHAPE('Placement','Placement of an item',
  #13126);
#13126 = NEXT_ASSEMBLY_USAGE_OCCURRENCE('4','J12','',#5,#6890,$);
#13127 = CONTEXT_DEPENDENT_SHAPE_REPRESENTATION(#13128,#13130);
#13128 = ( REPRESENTATION_RELATIONSHIP('','',#12628,#10) 
REPRESENTATION_RELATIONSHIP_WITH_TRANSFORMATION(#13129) 
SHAPE_REPRESENTATION_RELATIONSHIP() );
#13129 = ITEM_DEFINED_TRANSFORMATION('','',#11,#31);
#13130 = PRODUCT_DEFINITION_SHAPE('Placement','Placement of an item',
  #13131);
#13131 = NEXT_ASSEMBLY_USAGE_OCCURRENCE('5','C21','',#5,#12623,$);
#13132 = SHAPE_DEFINITION_REPRESENTATION(#13133,#13139);
#13133 = PRODUCT_DEFINITION_SHAPE('','',#13134);
#13134 = PRODUCT_DEFINITION('design','',#13135,#13138);
#13135 = PRODUCT_DEFINITION_FORMATION('','',#13136);
#13136 = PRODUCT('eye-adapter_PCB','eye-adapter_PCB','',(#13137));
#13137 = PRODUCT_CONTEXT('',#2,'mechanical');
#13138 = PRODUCT_DEFINITION_CONTEXT('part definition',#2,'design');
#13139 = ADVANCED_BREP_SHAPE_REPRESENTATION('',(#11,#13140),#14460);
#13140 = MANIFOLD_SOLID_BREP('',#13141);
#13141 = CLOSED_SHELL('',(#13142,#13182,#13213,#13244,#13591,#13938,
    #13950,#13967,#13984,#14001,#14018,#14035,#14052,#14069,#14086,
    #14103,#14120,#14137,#14154,#14171,#14188,#14205,#14222,#14239,
    #14256,#14273,#14290,#14307,#14324,#14341,#14358,#14375,#14392,
    #14409,#14426,#14443));
#13142 = ADVANCED_FACE('',(#13143),#13177,.T.);
#13143 = FACE_BOUND('',#13144,.T.);
#13144 = EDGE_LOOP('',(#13145,#13155,#13163,#13171));
#13145 = ORIENTED_EDGE('',*,*,#13146,.T.);
#13146 = EDGE_CURVE('',#13147,#13149,#13151,.T.);
#13147 = VERTEX_POINT('',#13148);
#13148 = CARTESIAN_POINT('',(42.,-30.,0.));
#13149 = VERTEX_POINT('',#13150);
#13150 = CARTESIAN_POINT('',(42.,-30.,1.51));
#13151 = LINE('',#13152,#13153);
#13152 = CARTESIAN_POINT('',(42.,-30.,0.));
#13153 = VECTOR('',#13154,1.);
#13154 = DIRECTION('',(0.,0.,1.));
#13155 = ORIENTED_EDGE('',*,*,#13156,.T.);
#13156 = EDGE_CURVE('',#13149,#13157,#13159,.T.);
#13157 = VERTEX_POINT('',#13158);
#13158 = CARTESIAN_POINT('',(0.,-30.,1.51));
#13159 = LINE('',#13160,#13161);
#13160 = CARTESIAN_POINT('',(42.,-30.,1.51));
#13161 = VECTOR('',#13162,1.);
#13162 = DIRECTION('',(-1.,0.,0.));
#13163 = ORIENTED_EDGE('',*,*,#13164,.F.);
#13164 = EDGE_CURVE('',#13165,#13157,#13167,.T.);
#13165 = VERTEX_POINT('',#13166);
#13166 = CARTESIAN_POINT('',(0.,-30.,0.));
#13167 = LINE('',#13168,#13169);
#13168 = CARTESIAN_POINT('',(0.,-30.,0.));
#13169 = VECTOR('',#13170,1.);
#13170 = DIRECTION('',(0.,0.,1.));
#13171 = ORIENTED_EDGE('',*,*,#13172,.F.);
#13172 = EDGE_CURVE('',#13147,#13165,#13173,.T.);
#13173 = LINE('',#13174,#13175);
#13174 = CARTESIAN_POINT('',(42.,-30.,0.));
#13175 = VECTOR('',#13176,1.);
#13176 = DIRECTION('',(-1.,0.,0.));
#13177 = PLANE('',#13178);
#13178 = AXIS2_PLACEMENT_3D('',#13179,#13180,#13181);
#13179 = CARTESIAN_POINT('',(42.,-30.,0.));
#13180 = DIRECTION('',(0.,-1.,0.));
#13181 = DIRECTION('',(-1.,0.,0.));
#13182 = ADVANCED_FACE('',(#13183),#13208,.T.);
#13183 = FACE_BOUND('',#13184,.T.);
#13184 = EDGE_LOOP('',(#13185,#13195,#13201,#13202));
#13185 = ORIENTED_EDGE('',*,*,#13186,.T.);
#13186 = EDGE_CURVE('',#13187,#13189,#13191,.T.);
#13187 = VERTEX_POINT('',#13188);
#13188 = CARTESIAN_POINT('',(42.,-0.,0.));
#13189 = VERTEX_POINT('',#13190);
#13190 = CARTESIAN_POINT('',(42.,0.,1.51));
#13191 = LINE('',#13192,#13193);
#13192 = CARTESIAN_POINT('',(42.,-0.,0.));
#13193 = VECTOR('',#13194,1.);
#13194 = DIRECTION('',(0.,0.,1.));
#13195 = ORIENTED_EDGE('',*,*,#13196,.T.);
#13196 = EDGE_CURVE('',#13189,#13149,#13197,.T.);
#13197 = LINE('',#13198,#13199);
#13198 = CARTESIAN_POINT('',(42.,0.,1.51));
#13199 = VECTOR('',#13200,1.);
#13200 = DIRECTION('',(0.,-1.,0.));
#13201 = ORIENTED_EDGE('',*,*,#13146,.F.);
#13202 = ORIENTED_EDGE('',*,*,#13203,.F.);
#13203 = EDGE_CURVE('',#13187,#13147,#13204,.T.);
#13204 = LINE('',#13205,#13206);
#13205 = CARTESIAN_POINT('',(42.,-0.,0.));
#13206 = VECTOR('',#13207,1.);
#13207 = DIRECTION('',(0.,-1.,0.));
#13208 = PLANE('',#13209);
#13209 = AXIS2_PLACEMENT_3D('',#13210,#13211,#13212);
#13210 = CARTESIAN_POINT('',(42.,-0.,0.));
#13211 = DIRECTION('',(1.,0.,-0.));
#13212 = DIRECTION('',(0.,-1.,0.));
#13213 = ADVANCED_FACE('',(#13214),#13239,.T.);
#13214 = FACE_BOUND('',#13215,.T.);
#13215 = EDGE_LOOP('',(#13216,#13217,#13225,#13233));
#13216 = ORIENTED_EDGE('',*,*,#13164,.T.);
#13217 = ORIENTED_EDGE('',*,*,#13218,.T.);
#13218 = EDGE_CURVE('',#13157,#13219,#13221,.T.);
#13219 = VERTEX_POINT('',#13220);
#13220 = CARTESIAN_POINT('',(0.,0.,1.51));
#13221 = LINE('',#13222,#13223);
#13222 = CARTESIAN_POINT('',(0.,-30.,1.51));
#13223 = VECTOR('',#13224,1.);
#13224 = DIRECTION('',(0.,1.,0.));
#13225 = ORIENTED_EDGE('',*,*,#13226,.F.);
#13226 = EDGE_CURVE('',#13227,#13219,#13229,.T.);
#13227 = VERTEX_POINT('',#13228);
#13228 = CARTESIAN_POINT('',(0.,-0.,0.));
#13229 = LINE('',#13230,#13231);
#13230 = CARTESIAN_POINT('',(0.,-0.,0.));
#13231 = VECTOR('',#13232,1.);
#13232 = DIRECTION('',(0.,0.,1.));
#13233 = ORIENTED_EDGE('',*,*,#13234,.F.);
#13234 = EDGE_CURVE('',#13165,#13227,#13235,.T.);
#13235 = LINE('',#13236,#13237);
#13236 = CARTESIAN_POINT('',(0.,-30.,0.));
#13237 = VECTOR('',#13238,1.);
#13238 = DIRECTION('',(0.,1.,0.));
#13239 = PLANE('',#13240);
#13240 = AXIS2_PLACEMENT_3D('',#13241,#13242,#13243);
#13241 = CARTESIAN_POINT('',(0.,-30.,0.));
#13242 = DIRECTION('',(-1.,0.,0.));
#13243 = DIRECTION('',(0.,1.,0.));
#13244 = ADVANCED_FACE('',(#13245,#13256,#13267,#13278,#13289,#13300,
    #13311,#13322,#13333,#13344,#13355,#13366,#13377,#13388,#13399,
    #13410,#13421,#13432,#13443,#13454,#13465,#13476,#13487,#13498,
    #13509,#13520,#13531,#13542,#13553,#13564,#13575),#13586,.F.);
#13245 = FACE_BOUND('',#13246,.F.);
#13246 = EDGE_LOOP('',(#13247,#13248,#13249,#13255));
#13247 = ORIENTED_EDGE('',*,*,#13172,.F.);
#13248 = ORIENTED_EDGE('',*,*,#13203,.F.);
#13249 = ORIENTED_EDGE('',*,*,#13250,.F.);
#13250 = EDGE_CURVE('',#13227,#13187,#13251,.T.);
#13251 = LINE('',#13252,#13253);
#13252 = CARTESIAN_POINT('',(0.,-0.,0.));
#13253 = VECTOR('',#13254,1.);
#13254 = DIRECTION('',(1.,0.,0.));
#13255 = ORIENTED_EDGE('',*,*,#13234,.F.);
#13256 = FACE_BOUND('',#13257,.F.);
#13257 = EDGE_LOOP('',(#13258));
#13258 = ORIENTED_EDGE('',*,*,#13259,.T.);
#13259 = EDGE_CURVE('',#13260,#13260,#13262,.T.);
#13260 = VERTEX_POINT('',#13261);
#13261 = CARTESIAN_POINT('',(3.38,-24.5,0.));
#13262 = CIRCLE('',#13263,0.5);
#13263 = AXIS2_PLACEMENT_3D('',#13264,#13265,#13266);
#13264 = CARTESIAN_POINT('',(3.38,-24.,0.));
#13265 = DIRECTION('',(-0.,0.,-1.));
#13266 = DIRECTION('',(-0.,-1.,0.));
#13267 = FACE_BOUND('',#13268,.F.);
#13268 = EDGE_LOOP('',(#13269));
#13269 = ORIENTED_EDGE('',*,*,#13270,.T.);
#13270 = EDGE_CURVE('',#13271,#13271,#13273,.T.);
#13271 = VERTEX_POINT('',#13272);
#13272 = CARTESIAN_POINT('',(5.92,-24.5,0.));
#13273 = CIRCLE('',#13274,0.5);
#13274 = AXIS2_PLACEMENT_3D('',#13275,#13276,#13277);
#13275 = CARTESIAN_POINT('',(5.92,-24.,0.));
#13276 = DIRECTION('',(-0.,0.,-1.));
#13277 = DIRECTION('',(-0.,-1.,0.));
#13278 = FACE_BOUND('',#13279,.F.);
#13279 = EDGE_LOOP('',(#13280));
#13280 = ORIENTED_EDGE('',*,*,#13281,.T.);
#13281 = EDGE_CURVE('',#13282,#13282,#13284,.T.);
#13282 = VERTEX_POINT('',#13283);
#13283 = CARTESIAN_POINT('',(8.46,-24.5,0.));
#13284 = CIRCLE('',#13285,0.5);
#13285 = AXIS2_PLACEMENT_3D('',#13286,#13287,#13288);
#13286 = CARTESIAN_POINT('',(8.46,-24.,0.));
#13287 = DIRECTION('',(-0.,0.,-1.));
#13288 = DIRECTION('',(-0.,-1.,0.));
#13289 = FACE_BOUND('',#13290,.F.);
#13290 = EDGE_LOOP('',(#13291));
#13291 = ORIENTED_EDGE('',*,*,#13292,.T.);
#13292 = EDGE_CURVE('',#13293,#13293,#13295,.T.);
#13293 = VERTEX_POINT('',#13294);
#13294 = CARTESIAN_POINT('',(11.,-24.5,0.));
#13295 = CIRCLE('',#13296,0.5);
#13296 = AXIS2_PLACEMENT_3D('',#13297,#13298,#13299);
#13297 = CARTESIAN_POINT('',(11.,-24.,0.));
#13298 = DIRECTION('',(-0.,0.,-1.));
#13299 = DIRECTION('',(-0.,-1.,0.));
#13300 = FACE_BOUND('',#13301,.F.);
#13301 = EDGE_LOOP('',(#13302));
#13302 = ORIENTED_EDGE('',*,*,#13303,.T.);
#13303 = EDGE_CURVE('',#13304,#13304,#13306,.T.);
#13304 = VERTEX_POINT('',#13305);
#13305 = CARTESIAN_POINT('',(13.54,-24.5,0.));
#13306 = CIRCLE('',#13307,0.5);
#13307 = AXIS2_PLACEMENT_3D('',#13308,#13309,#13310);
#13308 = CARTESIAN_POINT('',(13.54,-24.,0.));
#13309 = DIRECTION('',(-0.,0.,-1.));
#13310 = DIRECTION('',(-0.,-1.,0.));
#13311 = FACE_BOUND('',#13312,.F.);
#13312 = EDGE_LOOP('',(#13313));
#13313 = ORIENTED_EDGE('',*,*,#13314,.T.);
#13314 = EDGE_CURVE('',#13315,#13315,#13317,.T.);
#13315 = VERTEX_POINT('',#13316);
#13316 = CARTESIAN_POINT('',(16.08,-24.5,0.));
#13317 = CIRCLE('',#13318,0.5);
#13318 = AXIS2_PLACEMENT_3D('',#13319,#13320,#13321);
#13319 = CARTESIAN_POINT('',(16.08,-24.,0.));
#13320 = DIRECTION('',(-0.,0.,-1.));
#13321 = DIRECTION('',(-0.,-1.,0.));
#13322 = FACE_BOUND('',#13323,.F.);
#13323 = EDGE_LOOP('',(#13324));
#13324 = ORIENTED_EDGE('',*,*,#13325,.T.);
#13325 = EDGE_CURVE('',#13326,#13326,#13328,.T.);
#13326 = VERTEX_POINT('',#13327);
#13327 = CARTESIAN_POINT('',(18.62,-24.5,0.));
#13328 = CIRCLE('',#13329,0.5);
#13329 = AXIS2_PLACEMENT_3D('',#13330,#13331,#13332);
#13330 = CARTESIAN_POINT('',(18.62,-24.,0.));
#13331 = DIRECTION('',(-0.,0.,-1.));
#13332 = DIRECTION('',(-0.,-1.,0.));
#13333 = FACE_BOUND('',#13334,.F.);
#13334 = EDGE_LOOP('',(#13335));
#13335 = ORIENTED_EDGE('',*,*,#13336,.T.);
#13336 = EDGE_CURVE('',#13337,#13337,#13339,.T.);
#13337 = VERTEX_POINT('',#13338);
#13338 = CARTESIAN_POINT('',(23.38,-24.5,0.));
#13339 = CIRCLE('',#13340,0.5);
#13340 = AXIS2_PLACEMENT_3D('',#13341,#13342,#13343);
#13341 = CARTESIAN_POINT('',(23.38,-24.,0.));
#13342 = DIRECTION('',(-0.,0.,-1.));
#13343 = DIRECTION('',(-0.,-1.,0.));
#13344 = FACE_BOUND('',#13345,.F.);
#13345 = EDGE_LOOP('',(#13346));
#13346 = ORIENTED_EDGE('',*,*,#13347,.T.);
#13347 = EDGE_CURVE('',#13348,#13348,#13350,.T.);
#13348 = VERTEX_POINT('',#13349);
#13349 = CARTESIAN_POINT('',(25.92,-24.5,0.));
#13350 = CIRCLE('',#13351,0.5);
#13351 = AXIS2_PLACEMENT_3D('',#13352,#13353,#13354);
#13352 = CARTESIAN_POINT('',(25.92,-24.,0.));
#13353 = DIRECTION('',(-0.,0.,-1.));
#13354 = DIRECTION('',(-0.,-1.,0.));
#13355 = FACE_BOUND('',#13356,.F.);
#13356 = EDGE_LOOP('',(#13357));
#13357 = ORIENTED_EDGE('',*,*,#13358,.T.);
#13358 = EDGE_CURVE('',#13359,#13359,#13361,.T.);
#13359 = VERTEX_POINT('',#13360);
#13360 = CARTESIAN_POINT('',(28.46,-24.5,0.));
#13361 = CIRCLE('',#13362,0.5);
#13362 = AXIS2_PLACEMENT_3D('',#13363,#13364,#13365);
#13363 = CARTESIAN_POINT('',(28.46,-24.,0.));
#13364 = DIRECTION('',(-0.,0.,-1.));
#13365 = DIRECTION('',(-0.,-1.,0.));
#13366 = FACE_BOUND('',#13367,.F.);
#13367 = EDGE_LOOP('',(#13368));
#13368 = ORIENTED_EDGE('',*,*,#13369,.T.);
#13369 = EDGE_CURVE('',#13370,#13370,#13372,.T.);
#13370 = VERTEX_POINT('',#13371);
#13371 = CARTESIAN_POINT('',(31.,-24.5,0.));
#13372 = CIRCLE('',#13373,0.5);
#13373 = AXIS2_PLACEMENT_3D('',#13374,#13375,#13376);
#13374 = CARTESIAN_POINT('',(31.,-24.,0.));
#13375 = DIRECTION('',(-0.,0.,-1.));
#13376 = DIRECTION('',(-0.,-1.,0.));
#13377 = FACE_BOUND('',#13378,.F.);
#13378 = EDGE_LOOP('',(#13379));
#13379 = ORIENTED_EDGE('',*,*,#13380,.T.);
#13380 = EDGE_CURVE('',#13381,#13381,#13383,.T.);
#13381 = VERTEX_POINT('',#13382);
#13382 = CARTESIAN_POINT('',(33.54,-24.5,0.));
#13383 = CIRCLE('',#13384,0.5);
#13384 = AXIS2_PLACEMENT_3D('',#13385,#13386,#13387);
#13385 = CARTESIAN_POINT('',(33.54,-24.,0.));
#13386 = DIRECTION('',(-0.,0.,-1.));
#13387 = DIRECTION('',(-0.,-1.,0.));
#13388 = FACE_BOUND('',#13389,.F.);
#13389 = EDGE_LOOP('',(#13390));
#13390 = ORIENTED_EDGE('',*,*,#13391,.T.);
#13391 = EDGE_CURVE('',#13392,#13392,#13394,.T.);
#13392 = VERTEX_POINT('',#13393);
#13393 = CARTESIAN_POINT('',(36.08,-24.5,0.));
#13394 = CIRCLE('',#13395,0.5);
#13395 = AXIS2_PLACEMENT_3D('',#13396,#13397,#13398);
#13396 = CARTESIAN_POINT('',(36.08,-24.,0.));
#13397 = DIRECTION('',(-0.,0.,-1.));
#13398 = DIRECTION('',(-0.,-1.,0.));
#13399 = FACE_BOUND('',#13400,.F.);
#13400 = EDGE_LOOP('',(#13401));
#13401 = ORIENTED_EDGE('',*,*,#13402,.T.);
#13402 = EDGE_CURVE('',#13403,#13403,#13405,.T.);
#13403 = VERTEX_POINT('',#13404);
#13404 = CARTESIAN_POINT('',(38.62,-24.5,0.));
#13405 = CIRCLE('',#13406,0.5);
#13406 = AXIS2_PLACEMENT_3D('',#13407,#13408,#13409);
#13407 = CARTESIAN_POINT('',(38.62,-24.,0.));
#13408 = DIRECTION('',(-0.,0.,-1.));
#13409 = DIRECTION('',(-0.,-1.,0.));
#13410 = FACE_BOUND('',#13411,.F.);
#13411 = EDGE_LOOP('',(#13412));
#13412 = ORIENTED_EDGE('',*,*,#13413,.T.);
#13413 = EDGE_CURVE('',#13414,#13414,#13416,.T.);
#13414 = VERTEX_POINT('',#13415);
#13415 = CARTESIAN_POINT('',(3.9987,-5.6,0.));
#13416 = CIRCLE('',#13417,1.6);
#13417 = AXIS2_PLACEMENT_3D('',#13418,#13419,#13420);
#13418 = CARTESIAN_POINT('',(3.9987,-4.,0.));
#13419 = DIRECTION('',(-0.,0.,-1.));
#13420 = DIRECTION('',(2.775557561563E-16,-1.,-0.));
#13421 = FACE_BOUND('',#13422,.F.);
#13422 = EDGE_LOOP('',(#13423));
#13423 = ORIENTED_EDGE('',*,*,#13424,.T.);
#13424 = EDGE_CURVE('',#13425,#13425,#13427,.T.);
#13425 = VERTEX_POINT('',#13426);
#13426 = CARTESIAN_POINT('',(9.57,-4.5,0.));
#13427 = CIRCLE('',#13428,0.5);
#13428 = AXIS2_PLACEMENT_3D('',#13429,#13430,#13431);
#13429 = CARTESIAN_POINT('',(9.57,-4.,0.));
#13430 = DIRECTION('',(-0.,0.,-1.));
#13431 = DIRECTION('',(-0.,-1.,0.));
#13432 = FACE_BOUND('',#13433,.F.);
#13433 = EDGE_LOOP('',(#13434));
#13434 = ORIENTED_EDGE('',*,*,#13435,.T.);
#13435 = EDGE_CURVE('',#13436,#13436,#13438,.T.);
#13436 = VERTEX_POINT('',#13437);
#13437 = CARTESIAN_POINT('',(12.11,-4.5,0.));
#13438 = CIRCLE('',#13439,0.5);
#13439 = AXIS2_PLACEMENT_3D('',#13440,#13441,#13442);
#13440 = CARTESIAN_POINT('',(12.11,-4.,0.));
#13441 = DIRECTION('',(-0.,0.,-1.));
#13442 = DIRECTION('',(-0.,-1.,0.));
#13443 = FACE_BOUND('',#13444,.F.);
#13444 = EDGE_LOOP('',(#13445));
#13445 = ORIENTED_EDGE('',*,*,#13446,.T.);
#13446 = EDGE_CURVE('',#13447,#13447,#13449,.T.);
#13447 = VERTEX_POINT('',#13448);
#13448 = CARTESIAN_POINT('',(14.65,-4.5,0.));
#13449 = CIRCLE('',#13450,0.5);
#13450 = AXIS2_PLACEMENT_3D('',#13451,#13452,#13453);
#13451 = CARTESIAN_POINT('',(14.65,-4.,0.));
#13452 = DIRECTION('',(-0.,0.,-1.));
#13453 = DIRECTION('',(-0.,-1.,0.));
#13454 = FACE_BOUND('',#13455,.F.);
#13455 = EDGE_LOOP('',(#13456));
#13456 = ORIENTED_EDGE('',*,*,#13457,.T.);
#13457 = EDGE_CURVE('',#13458,#13458,#13460,.T.);
#13458 = VERTEX_POINT('',#13459);
#13459 = CARTESIAN_POINT('',(17.19,-4.5,0.));
#13460 = CIRCLE('',#13461,0.5);
#13461 = AXIS2_PLACEMENT_3D('',#13462,#13463,#13464);
#13462 = CARTESIAN_POINT('',(17.19,-4.,0.));
#13463 = DIRECTION('',(-0.,0.,-1.));
#13464 = DIRECTION('',(-0.,-1.,0.));
#13465 = FACE_BOUND('',#13466,.F.);
#13466 = EDGE_LOOP('',(#13467));
#13467 = ORIENTED_EDGE('',*,*,#13468,.T.);
#13468 = EDGE_CURVE('',#13469,#13469,#13471,.T.);
#13469 = VERTEX_POINT('',#13470);
#13470 = CARTESIAN_POINT('',(19.73,-4.5,0.));
#13471 = CIRCLE('',#13472,0.5);
#13472 = AXIS2_PLACEMENT_3D('',#13473,#13474,#13475);
#13473 = CARTESIAN_POINT('',(19.73,-4.,0.));
#13474 = DIRECTION('',(-0.,0.,-1.));
#13475 = DIRECTION('',(-0.,-1.,0.));
#13476 = FACE_BOUND('',#13477,.F.);
#13477 = EDGE_LOOP('',(#13478));
#13478 = ORIENTED_EDGE('',*,*,#13479,.T.);
#13479 = EDGE_CURVE('',#13480,#13480,#13482,.T.);
#13480 = VERTEX_POINT('',#13481);
#13481 = CARTESIAN_POINT('',(22.,-13.4,0.));
#13482 = CIRCLE('',#13483,0.4);
#13483 = AXIS2_PLACEMENT_3D('',#13484,#13485,#13486);
#13484 = CARTESIAN_POINT('',(22.,-13.,0.));
#13485 = DIRECTION('',(-0.,0.,-1.));
#13486 = DIRECTION('',(-0.,-1.,0.));
#13487 = FACE_BOUND('',#13488,.F.);
#13488 = EDGE_LOOP('',(#13489));
#13489 = ORIENTED_EDGE('',*,*,#13490,.T.);
#13490 = EDGE_CURVE('',#13491,#13491,#13493,.T.);
#13491 = VERTEX_POINT('',#13492);
#13492 = CARTESIAN_POINT('',(27.,-13.4,0.));
#13493 = CIRCLE('',#13494,0.4);
#13494 = AXIS2_PLACEMENT_3D('',#13495,#13496,#13497);
#13495 = CARTESIAN_POINT('',(27.,-13.,0.));
#13496 = DIRECTION('',(-0.,0.,-1.));
#13497 = DIRECTION('',(-0.,-1.,0.));
#13498 = FACE_BOUND('',#13499,.F.);
#13499 = EDGE_LOOP('',(#13500));
#13500 = ORIENTED_EDGE('',*,*,#13501,.T.);
#13501 = EDGE_CURVE('',#13502,#13502,#13504,.T.);
#13502 = VERTEX_POINT('',#13503);
#13503 = CARTESIAN_POINT('',(30.,-13.4,0.));
#13504 = CIRCLE('',#13505,0.4);
#13505 = AXIS2_PLACEMENT_3D('',#13506,#13507,#13508);
#13506 = CARTESIAN_POINT('',(30.,-13.,0.));
#13507 = DIRECTION('',(-0.,0.,-1.));
#13508 = DIRECTION('',(-0.,-1.,0.));
#13509 = FACE_BOUND('',#13510,.F.);
#13510 = EDGE_LOOP('',(#13511));
#13511 = ORIENTED_EDGE('',*,*,#13512,.T.);
#13512 = EDGE_CURVE('',#13513,#13513,#13515,.T.);
#13513 = VERTEX_POINT('',#13514);
#13514 = CARTESIAN_POINT('',(35.,-13.4,0.));
#13515 = CIRCLE('',#13516,0.4);
#13516 = AXIS2_PLACEMENT_3D('',#13517,#13518,#13519);
#13517 = CARTESIAN_POINT('',(35.,-13.,0.));
#13518 = DIRECTION('',(-0.,0.,-1.));
#13519 = DIRECTION('',(-0.,-1.,0.));
#13520 = FACE_BOUND('',#13521,.F.);
#13521 = EDGE_LOOP('',(#13522));
#13522 = ORIENTED_EDGE('',*,*,#13523,.T.);
#13523 = EDGE_CURVE('',#13524,#13524,#13526,.T.);
#13524 = VERTEX_POINT('',#13525);
#13525 = CARTESIAN_POINT('',(22.27,-4.5,0.));
#13526 = CIRCLE('',#13527,0.5);
#13527 = AXIS2_PLACEMENT_3D('',#13528,#13529,#13530);
#13528 = CARTESIAN_POINT('',(22.27,-4.,0.));
#13529 = DIRECTION('',(-0.,0.,-1.));
#13530 = DIRECTION('',(-0.,-1.,0.));
#13531 = FACE_BOUND('',#13532,.F.);
#13532 = EDGE_LOOP('',(#13533));
#13533 = ORIENTED_EDGE('',*,*,#13534,.T.);
#13534 = EDGE_CURVE('',#13535,#13535,#13537,.T.);
#13535 = VERTEX_POINT('',#13536);
#13536 = CARTESIAN_POINT('',(24.81,-4.5,0.));
#13537 = CIRCLE('',#13538,0.5);
#13538 = AXIS2_PLACEMENT_3D('',#13539,#13540,#13541);
#13539 = CARTESIAN_POINT('',(24.81,-4.,0.));
#13540 = DIRECTION('',(-0.,0.,-1.));
#13541 = DIRECTION('',(-0.,-1.,0.));
#13542 = FACE_BOUND('',#13543,.F.);
#13543 = EDGE_LOOP('',(#13544));
#13544 = ORIENTED_EDGE('',*,*,#13545,.T.);
#13545 = EDGE_CURVE('',#13546,#13546,#13548,.T.);
#13546 = VERTEX_POINT('',#13547);
#13547 = CARTESIAN_POINT('',(27.35,-4.5,0.));
#13548 = CIRCLE('',#13549,0.5);
#13549 = AXIS2_PLACEMENT_3D('',#13550,#13551,#13552);
#13550 = CARTESIAN_POINT('',(27.35,-4.,0.));
#13551 = DIRECTION('',(-0.,0.,-1.));
#13552 = DIRECTION('',(-0.,-1.,0.));
#13553 = FACE_BOUND('',#13554,.F.);
#13554 = EDGE_LOOP('',(#13555));
#13555 = ORIENTED_EDGE('',*,*,#13556,.T.);
#13556 = EDGE_CURVE('',#13557,#13557,#13559,.T.);
#13557 = VERTEX_POINT('',#13558);
#13558 = CARTESIAN_POINT('',(29.89,-4.5,0.));
#13559 = CIRCLE('',#13560,0.5);
#13560 = AXIS2_PLACEMENT_3D('',#13561,#13562,#13563);
#13561 = CARTESIAN_POINT('',(29.89,-4.,0.));
#13562 = DIRECTION('',(-0.,0.,-1.));
#13563 = DIRECTION('',(-0.,-1.,0.));
#13564 = FACE_BOUND('',#13565,.F.);
#13565 = EDGE_LOOP('',(#13566));
#13566 = ORIENTED_EDGE('',*,*,#13567,.T.);
#13567 = EDGE_CURVE('',#13568,#13568,#13570,.T.);
#13568 = VERTEX_POINT('',#13569);
#13569 = CARTESIAN_POINT('',(32.43,-4.5,0.));
#13570 = CIRCLE('',#13571,0.5);
#13571 = AXIS2_PLACEMENT_3D('',#13572,#13573,#13574);
#13572 = CARTESIAN_POINT('',(32.43,-4.,0.));
#13573 = DIRECTION('',(-0.,0.,-1.));
#13574 = DIRECTION('',(-0.,-1.,0.));
#13575 = FACE_BOUND('',#13576,.F.);
#13576 = EDGE_LOOP('',(#13577));
#13577 = ORIENTED_EDGE('',*,*,#13578,.T.);
#13578 = EDGE_CURVE('',#13579,#13579,#13581,.T.);
#13579 = VERTEX_POINT('',#13580);
#13580 = CARTESIAN_POINT('',(37.9987,-5.6,0.));
#13581 = CIRCLE('',#13582,1.6);
#13582 = AXIS2_PLACEMENT_3D('',#13583,#13584,#13585);
#13583 = CARTESIAN_POINT('',(37.9987,-4.,0.));
#13584 = DIRECTION('',(-0.,0.,-1.));
#13585 = DIRECTION('',(-0.,-1.,0.));
#13586 = PLANE('',#13587);
#13587 = AXIS2_PLACEMENT_3D('',#13588,#13589,#13590);
#13588 = CARTESIAN_POINT('',(0.,0.,0.));
#13589 = DIRECTION('',(0.,0.,1.));
#13590 = DIRECTION('',(1.,0.,-0.));
#13591 = ADVANCED_FACE('',(#13592,#13603,#13614,#13625,#13636,#13647,
    #13658,#13669,#13680,#13691,#13702,#13713,#13724,#13735,#13746,
    #13757,#13768,#13779,#13790,#13801,#13812,#13823,#13834,#13845,
    #13856,#13867,#13878,#13889,#13900,#13911,#13922),#13933,.T.);
#13592 = FACE_BOUND('',#13593,.T.);
#13593 = EDGE_LOOP('',(#13594,#13595,#13596,#13602));
#13594 = ORIENTED_EDGE('',*,*,#13156,.F.);
#13595 = ORIENTED_EDGE('',*,*,#13196,.F.);
#13596 = ORIENTED_EDGE('',*,*,#13597,.F.);
#13597 = EDGE_CURVE('',#13219,#13189,#13598,.T.);
#13598 = LINE('',#13599,#13600);
#13599 = CARTESIAN_POINT('',(0.,0.,1.51));
#13600 = VECTOR('',#13601,1.);
#13601 = DIRECTION('',(1.,0.,0.));
#13602 = ORIENTED_EDGE('',*,*,#13218,.F.);
#13603 = FACE_BOUND('',#13604,.T.);
#13604 = EDGE_LOOP('',(#13605));
#13605 = ORIENTED_EDGE('',*,*,#13606,.T.);
#13606 = EDGE_CURVE('',#13607,#13607,#13609,.T.);
#13607 = VERTEX_POINT('',#13608);
#13608 = CARTESIAN_POINT('',(3.38,-24.5,1.51));
#13609 = CIRCLE('',#13610,0.5);
#13610 = AXIS2_PLACEMENT_3D('',#13611,#13612,#13613);
#13611 = CARTESIAN_POINT('',(3.38,-24.,1.51));
#13612 = DIRECTION('',(-0.,0.,-1.));
#13613 = DIRECTION('',(-0.,-1.,0.));
#13614 = FACE_BOUND('',#13615,.T.);
#13615 = EDGE_LOOP('',(#13616));
#13616 = ORIENTED_EDGE('',*,*,#13617,.T.);
#13617 = EDGE_CURVE('',#13618,#13618,#13620,.T.);
#13618 = VERTEX_POINT('',#13619);
#13619 = CARTESIAN_POINT('',(5.92,-24.5,1.51));
#13620 = CIRCLE('',#13621,0.5);
#13621 = AXIS2_PLACEMENT_3D('',#13622,#13623,#13624);
#13622 = CARTESIAN_POINT('',(5.92,-24.,1.51));
#13623 = DIRECTION('',(-0.,0.,-1.));
#13624 = DIRECTION('',(-0.,-1.,0.));
#13625 = FACE_BOUND('',#13626,.T.);
#13626 = EDGE_LOOP('',(#13627));
#13627 = ORIENTED_EDGE('',*,*,#13628,.T.);
#13628 = EDGE_CURVE('',#13629,#13629,#13631,.T.);
#13629 = VERTEX_POINT('',#13630);
#13630 = CARTESIAN_POINT('',(8.46,-24.5,1.51));
#13631 = CIRCLE('',#13632,0.5);
#13632 = AXIS2_PLACEMENT_3D('',#13633,#13634,#13635);
#13633 = CARTESIAN_POINT('',(8.46,-24.,1.51));
#13634 = DIRECTION('',(-0.,0.,-1.));
#13635 = DIRECTION('',(-0.,-1.,0.));
#13636 = FACE_BOUND('',#13637,.T.);
#13637 = EDGE_LOOP('',(#13638));
#13638 = ORIENTED_EDGE('',*,*,#13639,.T.);
#13639 = EDGE_CURVE('',#13640,#13640,#13642,.T.);
#13640 = VERTEX_POINT('',#13641);
#13641 = CARTESIAN_POINT('',(11.,-24.5,1.51));
#13642 = CIRCLE('',#13643,0.5);
#13643 = AXIS2_PLACEMENT_3D('',#13644,#13645,#13646);
#13644 = CARTESIAN_POINT('',(11.,-24.,1.51));
#13645 = DIRECTION('',(-0.,0.,-1.));
#13646 = DIRECTION('',(-0.,-1.,0.));
#13647 = FACE_BOUND('',#13648,.T.);
#13648 = EDGE_LOOP('',(#13649));
#13649 = ORIENTED_EDGE('',*,*,#13650,.T.);
#13650 = EDGE_CURVE('',#13651,#13651,#13653,.T.);
#13651 = VERTEX_POINT('',#13652);
#13652 = CARTESIAN_POINT('',(13.54,-24.5,1.51));
#13653 = CIRCLE('',#13654,0.5);
#13654 = AXIS2_PLACEMENT_3D('',#13655,#13656,#13657);
#13655 = CARTESIAN_POINT('',(13.54,-24.,1.51));
#13656 = DIRECTION('',(-0.,0.,-1.));
#13657 = DIRECTION('',(-0.,-1.,0.));
#13658 = FACE_BOUND('',#13659,.T.);
#13659 = EDGE_LOOP('',(#13660));
#13660 = ORIENTED_EDGE('',*,*,#13661,.T.);
#13661 = EDGE_CURVE('',#13662,#13662,#13664,.T.);
#13662 = VERTEX_POINT('',#13663);
#13663 = CARTESIAN_POINT('',(16.08,-24.5,1.51));
#13664 = CIRCLE('',#13665,0.5);
#13665 = AXIS2_PLACEMENT_3D('',#13666,#13667,#13668);
#13666 = CARTESIAN_POINT('',(16.08,-24.,1.51));
#13667 = DIRECTION('',(-0.,0.,-1.));
#13668 = DIRECTION('',(-0.,-1.,0.));
#13669 = FACE_BOUND('',#13670,.T.);
#13670 = EDGE_LOOP('',(#13671));
#13671 = ORIENTED_EDGE('',*,*,#13672,.T.);
#13672 = EDGE_CURVE('',#13673,#13673,#13675,.T.);
#13673 = VERTEX_POINT('',#13674);
#13674 = CARTESIAN_POINT('',(18.62,-24.5,1.51));
#13675 = CIRCLE('',#13676,0.5);
#13676 = AXIS2_PLACEMENT_3D('',#13677,#13678,#13679);
#13677 = CARTESIAN_POINT('',(18.62,-24.,1.51));
#13678 = DIRECTION('',(-0.,0.,-1.));
#13679 = DIRECTION('',(-0.,-1.,0.));
#13680 = FACE_BOUND('',#13681,.T.);
#13681 = EDGE_LOOP('',(#13682));
#13682 = ORIENTED_EDGE('',*,*,#13683,.T.);
#13683 = EDGE_CURVE('',#13684,#13684,#13686,.T.);
#13684 = VERTEX_POINT('',#13685);
#13685 = CARTESIAN_POINT('',(23.38,-24.5,1.51));
#13686 = CIRCLE('',#13687,0.5);
#13687 = AXIS2_PLACEMENT_3D('',#13688,#13689,#13690);
#13688 = CARTESIAN_POINT('',(23.38,-24.,1.51));
#13689 = DIRECTION('',(-0.,0.,-1.));
#13690 = DIRECTION('',(-0.,-1.,0.));
#13691 = FACE_BOUND('',#13692,.T.);
#13692 = EDGE_LOOP('',(#13693));
#13693 = ORIENTED_EDGE('',*,*,#13694,.T.);
#13694 = EDGE_CURVE('',#13695,#13695,#13697,.T.);
#13695 = VERTEX_POINT('',#13696);
#13696 = CARTESIAN_POINT('',(25.92,-24.5,1.51));
#13697 = CIRCLE('',#13698,0.5);
#13698 = AXIS2_PLACEMENT_3D('',#13699,#13700,#13701);
#13699 = CARTESIAN_POINT('',(25.92,-24.,1.51));
#13700 = DIRECTION('',(-0.,0.,-1.));
#13701 = DIRECTION('',(-0.,-1.,0.));
#13702 = FACE_BOUND('',#13703,.T.);
#13703 = EDGE_LOOP('',(#13704));
#13704 = ORIENTED_EDGE('',*,*,#13705,.T.);
#13705 = EDGE_CURVE('',#13706,#13706,#13708,.T.);
#13706 = VERTEX_POINT('',#13707);
#13707 = CARTESIAN_POINT('',(28.46,-24.5,1.51));
#13708 = CIRCLE('',#13709,0.5);
#13709 = AXIS2_PLACEMENT_3D('',#13710,#13711,#13712);
#13710 = CARTESIAN_POINT('',(28.46,-24.,1.51));
#13711 = DIRECTION('',(-0.,0.,-1.));
#13712 = DIRECTION('',(-0.,-1.,0.));
#13713 = FACE_BOUND('',#13714,.T.);
#13714 = EDGE_LOOP('',(#13715));
#13715 = ORIENTED_EDGE('',*,*,#13716,.T.);
#13716 = EDGE_CURVE('',#13717,#13717,#13719,.T.);
#13717 = VERTEX_POINT('',#13718);
#13718 = CARTESIAN_POINT('',(31.,-24.5,1.51));
#13719 = CIRCLE('',#13720,0.5);
#13720 = AXIS2_PLACEMENT_3D('',#13721,#13722,#13723);
#13721 = CARTESIAN_POINT('',(31.,-24.,1.51));
#13722 = DIRECTION('',(-0.,0.,-1.));
#13723 = DIRECTION('',(-0.,-1.,0.));
#13724 = FACE_BOUND('',#13725,.T.);
#13725 = EDGE_LOOP('',(#13726));
#13726 = ORIENTED_EDGE('',*,*,#13727,.T.);
#13727 = EDGE_CURVE('',#13728,#13728,#13730,.T.);
#13728 = VERTEX_POINT('',#13729);
#13729 = CARTESIAN_POINT('',(33.54,-24.5,1.51));
#13730 = CIRCLE('',#13731,0.5);
#13731 = AXIS2_PLACEMENT_3D('',#13732,#13733,#13734);
#13732 = CARTESIAN_POINT('',(33.54,-24.,1.51));
#13733 = DIRECTION('',(-0.,0.,-1.));
#13734 = DIRECTION('',(-0.,-1.,0.));
#13735 = FACE_BOUND('',#13736,.T.);
#13736 = EDGE_LOOP('',(#13737));
#13737 = ORIENTED_EDGE('',*,*,#13738,.T.);
#13738 = EDGE_CURVE('',#13739,#13739,#13741,.T.);
#13739 = VERTEX_POINT('',#13740);
#13740 = CARTESIAN_POINT('',(36.08,-24.5,1.51));
#13741 = CIRCLE('',#13742,0.5);
#13742 = AXIS2_PLACEMENT_3D('',#13743,#13744,#13745);
#13743 = CARTESIAN_POINT('',(36.08,-24.,1.51));
#13744 = DIRECTION('',(-0.,0.,-1.));
#13745 = DIRECTION('',(-0.,-1.,0.));
#13746 = FACE_BOUND('',#13747,.T.);
#13747 = EDGE_LOOP('',(#13748));
#13748 = ORIENTED_EDGE('',*,*,#13749,.T.);
#13749 = EDGE_CURVE('',#13750,#13750,#13752,.T.);
#13750 = VERTEX_POINT('',#13751);
#13751 = CARTESIAN_POINT('',(38.62,-24.5,1.51));
#13752 = CIRCLE('',#13753,0.5);
#13753 = AXIS2_PLACEMENT_3D('',#13754,#13755,#13756);
#13754 = CARTESIAN_POINT('',(38.62,-24.,1.51));
#13755 = DIRECTION('',(-0.,0.,-1.));
#13756 = DIRECTION('',(-0.,-1.,0.));
#13757 = FACE_BOUND('',#13758,.T.);
#13758 = EDGE_LOOP('',(#13759));
#13759 = ORIENTED_EDGE('',*,*,#13760,.T.);
#13760 = EDGE_CURVE('',#13761,#13761,#13763,.T.);
#13761 = VERTEX_POINT('',#13762);
#13762 = CARTESIAN_POINT('',(3.9987,-5.6,1.51));
#13763 = CIRCLE('',#13764,1.6);
#13764 = AXIS2_PLACEMENT_3D('',#13765,#13766,#13767);
#13765 = CARTESIAN_POINT('',(3.9987,-4.,1.51));
#13766 = DIRECTION('',(-0.,0.,-1.));
#13767 = DIRECTION('',(2.775557561563E-16,-1.,-0.));
#13768 = FACE_BOUND('',#13769,.T.);
#13769 = EDGE_LOOP('',(#13770));
#13770 = ORIENTED_EDGE('',*,*,#13771,.T.);
#13771 = EDGE_CURVE('',#13772,#13772,#13774,.T.);
#13772 = VERTEX_POINT('',#13773);
#13773 = CARTESIAN_POINT('',(9.57,-4.5,1.51));
#13774 = CIRCLE('',#13775,0.5);
#13775 = AXIS2_PLACEMENT_3D('',#13776,#13777,#13778);
#13776 = CARTESIAN_POINT('',(9.57,-4.,1.51));
#13777 = DIRECTION('',(-0.,0.,-1.));
#13778 = DIRECTION('',(-0.,-1.,0.));
#13779 = FACE_BOUND('',#13780,.T.);
#13780 = EDGE_LOOP('',(#13781));
#13781 = ORIENTED_EDGE('',*,*,#13782,.T.);
#13782 = EDGE_CURVE('',#13783,#13783,#13785,.T.);
#13783 = VERTEX_POINT('',#13784);
#13784 = CARTESIAN_POINT('',(12.11,-4.5,1.51));
#13785 = CIRCLE('',#13786,0.5);
#13786 = AXIS2_PLACEMENT_3D('',#13787,#13788,#13789);
#13787 = CARTESIAN_POINT('',(12.11,-4.,1.51));
#13788 = DIRECTION('',(-0.,0.,-1.));
#13789 = DIRECTION('',(-0.,-1.,0.));
#13790 = FACE_BOUND('',#13791,.T.);
#13791 = EDGE_LOOP('',(#13792));
#13792 = ORIENTED_EDGE('',*,*,#13793,.T.);
#13793 = EDGE_CURVE('',#13794,#13794,#13796,.T.);
#13794 = VERTEX_POINT('',#13795);
#13795 = CARTESIAN_POINT('',(14.65,-4.5,1.51));
#13796 = CIRCLE('',#13797,0.5);
#13797 = AXIS2_PLACEMENT_3D('',#13798,#13799,#13800);
#13798 = CARTESIAN_POINT('',(14.65,-4.,1.51));
#13799 = DIRECTION('',(-0.,0.,-1.));
#13800 = DIRECTION('',(-0.,-1.,0.));
#13801 = FACE_BOUND('',#13802,.T.);
#13802 = EDGE_LOOP('',(#13803));
#13803 = ORIENTED_EDGE('',*,*,#13804,.T.);
#13804 = EDGE_CURVE('',#13805,#13805,#13807,.T.);
#13805 = VERTEX_POINT('',#13806);
#13806 = CARTESIAN_POINT('',(17.19,-4.5,1.51));
#13807 = CIRCLE('',#13808,0.5);
#13808 = AXIS2_PLACEMENT_3D('',#13809,#13810,#13811);
#13809 = CARTESIAN_POINT('',(17.19,-4.,1.51));
#13810 = DIRECTION('',(-0.,0.,-1.));
#13811 = DIRECTION('',(-0.,-1.,0.));
#13812 = FACE_BOUND('',#13813,.T.);
#13813 = EDGE_LOOP('',(#13814));
#13814 = ORIENTED_EDGE('',*,*,#13815,.T.);
#13815 = EDGE_CURVE('',#13816,#13816,#13818,.T.);
#13816 = VERTEX_POINT('',#13817);
#13817 = CARTESIAN_POINT('',(19.73,-4.5,1.51));
#13818 = CIRCLE('',#13819,0.5);
#13819 = AXIS2_PLACEMENT_3D('',#13820,#13821,#13822);
#13820 = CARTESIAN_POINT('',(19.73,-4.,1.51));
#13821 = DIRECTION('',(-0.,0.,-1.));
#13822 = DIRECTION('',(-0.,-1.,0.));
#13823 = FACE_BOUND('',#13824,.T.);
#13824 = EDGE_LOOP('',(#13825));
#13825 = ORIENTED_EDGE('',*,*,#13826,.T.);
#13826 = EDGE_CURVE('',#13827,#13827,#13829,.T.);
#13827 = VERTEX_POINT('',#13828);
#13828 = CARTESIAN_POINT('',(22.,-13.4,1.51));
#13829 = CIRCLE('',#13830,0.4);
#13830 = AXIS2_PLACEMENT_3D('',#13831,#13832,#13833);
#13831 = CARTESIAN_POINT('',(22.,-13.,1.51));
#13832 = DIRECTION('',(-0.,0.,-1.));
#13833 = DIRECTION('',(-0.,-1.,0.));
#13834 = FACE_BOUND('',#13835,.T.);
#13835 = EDGE_LOOP('',(#13836));
#13836 = ORIENTED_EDGE('',*,*,#13837,.T.);
#13837 = EDGE_CURVE('',#13838,#13838,#13840,.T.);
#13838 = VERTEX_POINT('',#13839);
#13839 = CARTESIAN_POINT('',(27.,-13.4,1.51));
#13840 = CIRCLE('',#13841,0.4);
#13841 = AXIS2_PLACEMENT_3D('',#13842,#13843,#13844);
#13842 = CARTESIAN_POINT('',(27.,-13.,1.51));
#13843 = DIRECTION('',(-0.,0.,-1.));
#13844 = DIRECTION('',(-0.,-1.,0.));
#13845 = FACE_BOUND('',#13846,.T.);
#13846 = EDGE_LOOP('',(#13847));
#13847 = ORIENTED_EDGE('',*,*,#13848,.T.);
#13848 = EDGE_CURVE('',#13849,#13849,#13851,.T.);
#13849 = VERTEX_POINT('',#13850);
#13850 = CARTESIAN_POINT('',(30.,-13.4,1.51));
#13851 = CIRCLE('',#13852,0.4);
#13852 = AXIS2_PLACEMENT_3D('',#13853,#13854,#13855);
#13853 = CARTESIAN_POINT('',(30.,-13.,1.51));
#13854 = DIRECTION('',(-0.,0.,-1.));
#13855 = DIRECTION('',(-0.,-1.,0.));
#13856 = FACE_BOUND('',#13857,.T.);
#13857 = EDGE_LOOP('',(#13858));
#13858 = ORIENTED_EDGE('',*,*,#13859,.T.);
#13859 = EDGE_CURVE('',#13860,#13860,#13862,.T.);
#13860 = VERTEX_POINT('',#13861);
#13861 = CARTESIAN_POINT('',(35.,-13.4,1.51));
#13862 = CIRCLE('',#13863,0.4);
#13863 = AXIS2_PLACEMENT_3D('',#13864,#13865,#13866);
#13864 = CARTESIAN_POINT('',(35.,-13.,1.51));
#13865 = DIRECTION('',(-0.,0.,-1.));
#13866 = DIRECTION('',(-0.,-1.,0.));
#13867 = FACE_BOUND('',#13868,.T.);
#13868 = EDGE_LOOP('',(#13869));
#13869 = ORIENTED_EDGE('',*,*,#13870,.T.);
#13870 = EDGE_CURVE('',#13871,#13871,#13873,.T.);
#13871 = VERTEX_POINT('',#13872);
#13872 = CARTESIAN_POINT('',(22.27,-4.5,1.51));
#13873 = CIRCLE('',#13874,0.5);
#13874 = AXIS2_PLACEMENT_3D('',#13875,#13876,#13877);
#13875 = CARTESIAN_POINT('',(22.27,-4.,1.51));
#13876 = DIRECTION('',(-0.,0.,-1.));
#13877 = DIRECTION('',(-0.,-1.,0.));
#13878 = FACE_BOUND('',#13879,.T.);
#13879 = EDGE_LOOP('',(#13880));
#13880 = ORIENTED_EDGE('',*,*,#13881,.T.);
#13881 = EDGE_CURVE('',#13882,#13882,#13884,.T.);
#13882 = VERTEX_POINT('',#13883);
#13883 = CARTESIAN_POINT('',(24.81,-4.5,1.51));
#13884 = CIRCLE('',#13885,0.5);
#13885 = AXIS2_PLACEMENT_3D('',#13886,#13887,#13888);
#13886 = CARTESIAN_POINT('',(24.81,-4.,1.51));
#13887 = DIRECTION('',(-0.,0.,-1.));
#13888 = DIRECTION('',(-0.,-1.,0.));
#13889 = FACE_BOUND('',#13890,.T.);
#13890 = EDGE_LOOP('',(#13891));
#13891 = ORIENTED_EDGE('',*,*,#13892,.T.);
#13892 = EDGE_CURVE('',#13893,#13893,#13895,.T.);
#13893 = VERTEX_POINT('',#13894);
#13894 = CARTESIAN_POINT('',(27.35,-4.5,1.51));
#13895 = CIRCLE('',#13896,0.5);
#13896 = AXIS2_PLACEMENT_3D('',#13897,#13898,#13899);
#13897 = CARTESIAN_POINT('',(27.35,-4.,1.51));
#13898 = DIRECTION('',(-0.,0.,-1.));
#13899 = DIRECTION('',(-0.,-1.,0.));
#13900 = FACE_BOUND('',#13901,.T.);
#13901 = EDGE_LOOP('',(#13902));
#13902 = ORIENTED_EDGE('',*,*,#13903,.T.);
#13903 = EDGE_CURVE('',#13904,#13904,#13906,.T.);
#13904 = VERTEX_POINT('',#13905);
#13905 = CARTESIAN_POINT('',(29.89,-4.5,1.51));
#13906 = CIRCLE('',#13907,0.5);
#13907 = AXIS2_PLACEMENT_3D('',#13908,#13909,#13910);
#13908 = CARTESIAN_POINT('',(29.89,-4.,1.51));
#13909 = DIRECTION('',(-0.,0.,-1.));
#13910 = DIRECTION('',(-0.,-1.,0.));
#13911 = FACE_BOUND('',#13912,.T.);
#13912 = EDGE_LOOP('',(#13913));
#13913 = ORIENTED_EDGE('',*,*,#13914,.T.);
#13914 = EDGE_CURVE('',#13915,#13915,#13917,.T.);
#13915 = VERTEX_POINT('',#13916);
#13916 = CARTESIAN_POINT('',(32.43,-4.5,1.51));
#13917 = CIRCLE('',#13918,0.5);
#13918 = AXIS2_PLACEMENT_3D('',#13919,#13920,#13921);
#13919 = CARTESIAN_POINT('',(32.43,-4.,1.51));
#13920 = DIRECTION('',(-0.,0.,-1.));
#13921 = DIRECTION('',(-0.,-1.,0.));
#13922 = FACE_BOUND('',#13923,.T.);
#13923 = EDGE_LOOP('',(#13924));
#13924 = ORIENTED_EDGE('',*,*,#13925,.T.);
#13925 = EDGE_CURVE('',#13926,#13926,#13928,.T.);
#13926 = VERTEX_POINT('',#13927);
#13927 = CARTESIAN_POINT('',(37.9987,-5.6,1.51));
#13928 = CIRCLE('',#13929,1.6);
#13929 = AXIS2_PLACEMENT_3D('',#13930,#13931,#13932);
#13930 = CARTESIAN_POINT('',(37.9987,-4.,1.51));
#13931 = DIRECTION('',(-0.,0.,-1.));
#13932 = DIRECTION('',(-0.,-1.,0.));
#13933 = PLANE('',#13934);
#13934 = AXIS2_PLACEMENT_3D('',#13935,#13936,#13937);
#13935 = CARTESIAN_POINT('',(0.,0.,1.51));
#13936 = DIRECTION('',(0.,0.,1.));
#13937 = DIRECTION('',(1.,0.,-0.));
#13938 = ADVANCED_FACE('',(#13939),#13945,.T.);
#13939 = FACE_BOUND('',#13940,.T.);
#13940 = EDGE_LOOP('',(#13941,#13942,#13943,#13944));
#13941 = ORIENTED_EDGE('',*,*,#13226,.T.);
#13942 = ORIENTED_EDGE('',*,*,#13597,.T.);
#13943 = ORIENTED_EDGE('',*,*,#13186,.F.);
#13944 = ORIENTED_EDGE('',*,*,#13250,.F.);
#13945 = PLANE('',#13946);
#13946 = AXIS2_PLACEMENT_3D('',#13947,#13948,#13949);
#13947 = CARTESIAN_POINT('',(0.,0.,0.));
#13948 = DIRECTION('',(0.,1.,0.));
#13949 = DIRECTION('',(1.,0.,0.));
#13950 = ADVANCED_FACE('',(#13951),#13962,.F.);
#13951 = FACE_BOUND('',#13952,.T.);
#13952 = EDGE_LOOP('',(#13953,#13954,#13960,#13961));
#13953 = ORIENTED_EDGE('',*,*,#13259,.T.);
#13954 = ORIENTED_EDGE('',*,*,#13955,.T.);
#13955 = EDGE_CURVE('',#13260,#13607,#13956,.T.);
#13956 = LINE('',#13957,#13958);
#13957 = CARTESIAN_POINT('',(3.38,-24.5,-4.6E-02));
#13958 = VECTOR('',#13959,1.);
#13959 = DIRECTION('',(0.,0.,1.));
#13960 = ORIENTED_EDGE('',*,*,#13606,.F.);
#13961 = ORIENTED_EDGE('',*,*,#13955,.F.);
#13962 = CYLINDRICAL_SURFACE('',#13963,0.5);
#13963 = AXIS2_PLACEMENT_3D('',#13964,#13965,#13966);
#13964 = CARTESIAN_POINT('',(3.38,-24.,-4.6E-02));
#13965 = DIRECTION('',(-0.,-0.,-1.));
#13966 = DIRECTION('',(-0.,-1.,0.));
#13967 = ADVANCED_FACE('',(#13968),#13979,.F.);
#13968 = FACE_BOUND('',#13969,.T.);
#13969 = EDGE_LOOP('',(#13970,#13971,#13977,#13978));
#13970 = ORIENTED_EDGE('',*,*,#13270,.T.);
#13971 = ORIENTED_EDGE('',*,*,#13972,.T.);
#13972 = EDGE_CURVE('',#13271,#13618,#13973,.T.);
#13973 = LINE('',#13974,#13975);
#13974 = CARTESIAN_POINT('',(5.92,-24.5,-4.6E-02));
#13975 = VECTOR('',#13976,1.);
#13976 = DIRECTION('',(0.,0.,1.));
#13977 = ORIENTED_EDGE('',*,*,#13617,.F.);
#13978 = ORIENTED_EDGE('',*,*,#13972,.F.);
#13979 = CYLINDRICAL_SURFACE('',#13980,0.5);
#13980 = AXIS2_PLACEMENT_3D('',#13981,#13982,#13983);
#13981 = CARTESIAN_POINT('',(5.92,-24.,-4.6E-02));
#13982 = DIRECTION('',(-0.,-0.,-1.));
#13983 = DIRECTION('',(-0.,-1.,0.));
#13984 = ADVANCED_FACE('',(#13985),#13996,.F.);
#13985 = FACE_BOUND('',#13986,.T.);
#13986 = EDGE_LOOP('',(#13987,#13988,#13994,#13995));
#13987 = ORIENTED_EDGE('',*,*,#13281,.T.);
#13988 = ORIENTED_EDGE('',*,*,#13989,.T.);
#13989 = EDGE_CURVE('',#13282,#13629,#13990,.T.);
#13990 = LINE('',#13991,#13992);
#13991 = CARTESIAN_POINT('',(8.46,-24.5,-4.6E-02));
#13992 = VECTOR('',#13993,1.);
#13993 = DIRECTION('',(0.,0.,1.));
#13994 = ORIENTED_EDGE('',*,*,#13628,.F.);
#13995 = ORIENTED_EDGE('',*,*,#13989,.F.);
#13996 = CYLINDRICAL_SURFACE('',#13997,0.5);
#13997 = AXIS2_PLACEMENT_3D('',#13998,#13999,#14000);
#13998 = CARTESIAN_POINT('',(8.46,-24.,-4.6E-02));
#13999 = DIRECTION('',(-0.,-0.,-1.));
#14000 = DIRECTION('',(-0.,-1.,0.));
#14001 = ADVANCED_FACE('',(#14002),#14013,.F.);
#14002 = FACE_BOUND('',#14003,.T.);
#14003 = EDGE_LOOP('',(#14004,#14005,#14011,#14012));
#14004 = ORIENTED_EDGE('',*,*,#13292,.T.);
#14005 = ORIENTED_EDGE('',*,*,#14006,.T.);
#14006 = EDGE_CURVE('',#13293,#13640,#14007,.T.);
#14007 = LINE('',#14008,#14009);
#14008 = CARTESIAN_POINT('',(11.,-24.5,-4.6E-02));
#14009 = VECTOR('',#14010,1.);
#14010 = DIRECTION('',(0.,0.,1.));
#14011 = ORIENTED_EDGE('',*,*,#13639,.F.);
#14012 = ORIENTED_EDGE('',*,*,#14006,.F.);
#14013 = CYLINDRICAL_SURFACE('',#14014,0.5);
#14014 = AXIS2_PLACEMENT_3D('',#14015,#14016,#14017);
#14015 = CARTESIAN_POINT('',(11.,-24.,-4.6E-02));
#14016 = DIRECTION('',(-0.,-0.,-1.));
#14017 = DIRECTION('',(-0.,-1.,0.));
#14018 = ADVANCED_FACE('',(#14019),#14030,.F.);
#14019 = FACE_BOUND('',#14020,.T.);
#14020 = EDGE_LOOP('',(#14021,#14022,#14028,#14029));
#14021 = ORIENTED_EDGE('',*,*,#13303,.T.);
#14022 = ORIENTED_EDGE('',*,*,#14023,.T.);
#14023 = EDGE_CURVE('',#13304,#13651,#14024,.T.);
#14024 = LINE('',#14025,#14026);
#14025 = CARTESIAN_POINT('',(13.54,-24.5,-4.6E-02));
#14026 = VECTOR('',#14027,1.);
#14027 = DIRECTION('',(0.,0.,1.));
#14028 = ORIENTED_EDGE('',*,*,#13650,.F.);
#14029 = ORIENTED_EDGE('',*,*,#14023,.F.);
#14030 = CYLINDRICAL_SURFACE('',#14031,0.5);
#14031 = AXIS2_PLACEMENT_3D('',#14032,#14033,#14034);
#14032 = CARTESIAN_POINT('',(13.54,-24.,-4.6E-02));
#14033 = DIRECTION('',(-0.,-0.,-1.));
#14034 = DIRECTION('',(-0.,-1.,0.));
#14035 = ADVANCED_FACE('',(#14036),#14047,.F.);
#14036 = FACE_BOUND('',#14037,.T.);
#14037 = EDGE_LOOP('',(#14038,#14039,#14045,#14046));
#14038 = ORIENTED_EDGE('',*,*,#13314,.T.);
#14039 = ORIENTED_EDGE('',*,*,#14040,.T.);
#14040 = EDGE_CURVE('',#13315,#13662,#14041,.T.);
#14041 = LINE('',#14042,#14043);
#14042 = CARTESIAN_POINT('',(16.08,-24.5,-4.6E-02));
#14043 = VECTOR('',#14044,1.);
#14044 = DIRECTION('',(0.,0.,1.));
#14045 = ORIENTED_EDGE('',*,*,#13661,.F.);
#14046 = ORIENTED_EDGE('',*,*,#14040,.F.);
#14047 = CYLINDRICAL_SURFACE('',#14048,0.5);
#14048 = AXIS2_PLACEMENT_3D('',#14049,#14050,#14051);
#14049 = CARTESIAN_POINT('',(16.08,-24.,-4.6E-02));
#14050 = DIRECTION('',(-0.,-0.,-1.));
#14051 = DIRECTION('',(-0.,-1.,0.));
#14052 = ADVANCED_FACE('',(#14053),#14064,.F.);
#14053 = FACE_BOUND('',#14054,.T.);
#14054 = EDGE_LOOP('',(#14055,#14056,#14062,#14063));
#14055 = ORIENTED_EDGE('',*,*,#13325,.T.);
#14056 = ORIENTED_EDGE('',*,*,#14057,.T.);
#14057 = EDGE_CURVE('',#13326,#13673,#14058,.T.);
#14058 = LINE('',#14059,#14060);
#14059 = CARTESIAN_POINT('',(18.62,-24.5,-4.6E-02));
#14060 = VECTOR('',#14061,1.);
#14061 = DIRECTION('',(0.,0.,1.));
#14062 = ORIENTED_EDGE('',*,*,#13672,.F.);
#14063 = ORIENTED_EDGE('',*,*,#14057,.F.);
#14064 = CYLINDRICAL_SURFACE('',#14065,0.5);
#14065 = AXIS2_PLACEMENT_3D('',#14066,#14067,#14068);
#14066 = CARTESIAN_POINT('',(18.62,-24.,-4.6E-02));
#14067 = DIRECTION('',(-0.,-0.,-1.));
#14068 = DIRECTION('',(-0.,-1.,0.));
#14069 = ADVANCED_FACE('',(#14070),#14081,.F.);
#14070 = FACE_BOUND('',#14071,.T.);
#14071 = EDGE_LOOP('',(#14072,#14073,#14079,#14080));
#14072 = ORIENTED_EDGE('',*,*,#13336,.T.);
#14073 = ORIENTED_EDGE('',*,*,#14074,.T.);
#14074 = EDGE_CURVE('',#13337,#13684,#14075,.T.);
#14075 = LINE('',#14076,#14077);
#14076 = CARTESIAN_POINT('',(23.38,-24.5,-4.6E-02));
#14077 = VECTOR('',#14078,1.);
#14078 = DIRECTION('',(0.,0.,1.));
#14079 = ORIENTED_EDGE('',*,*,#13683,.F.);
#14080 = ORIENTED_EDGE('',*,*,#14074,.F.);
#14081 = CYLINDRICAL_SURFACE('',#14082,0.5);
#14082 = AXIS2_PLACEMENT_3D('',#14083,#14084,#14085);
#14083 = CARTESIAN_POINT('',(23.38,-24.,-4.6E-02));
#14084 = DIRECTION('',(-0.,-0.,-1.));
#14085 = DIRECTION('',(-0.,-1.,0.));
#14086 = ADVANCED_FACE('',(#14087),#14098,.F.);
#14087 = FACE_BOUND('',#14088,.T.);
#14088 = EDGE_LOOP('',(#14089,#14090,#14096,#14097));
#14089 = ORIENTED_EDGE('',*,*,#13347,.T.);
#14090 = ORIENTED_EDGE('',*,*,#14091,.T.);
#14091 = EDGE_CURVE('',#13348,#13695,#14092,.T.);
#14092 = LINE('',#14093,#14094);
#14093 = CARTESIAN_POINT('',(25.92,-24.5,-4.6E-02));
#14094 = VECTOR('',#14095,1.);
#14095 = DIRECTION('',(0.,0.,1.));
#14096 = ORIENTED_EDGE('',*,*,#13694,.F.);
#14097 = ORIENTED_EDGE('',*,*,#14091,.F.);
#14098 = CYLINDRICAL_SURFACE('',#14099,0.5);
#14099 = AXIS2_PLACEMENT_3D('',#14100,#14101,#14102);
#14100 = CARTESIAN_POINT('',(25.92,-24.,-4.6E-02));
#14101 = DIRECTION('',(-0.,-0.,-1.));
#14102 = DIRECTION('',(-0.,-1.,0.));
#14103 = ADVANCED_FACE('',(#14104),#14115,.F.);
#14104 = FACE_BOUND('',#14105,.T.);
#14105 = EDGE_LOOP('',(#14106,#14107,#14113,#14114));
#14106 = ORIENTED_EDGE('',*,*,#13358,.T.);
#14107 = ORIENTED_EDGE('',*,*,#14108,.T.);
#14108 = EDGE_CURVE('',#13359,#13706,#14109,.T.);
#14109 = LINE('',#14110,#14111);
#14110 = CARTESIAN_POINT('',(28.46,-24.5,-4.6E-02));
#14111 = VECTOR('',#14112,1.);
#14112 = DIRECTION('',(0.,0.,1.));
#14113 = ORIENTED_EDGE('',*,*,#13705,.F.);
#14114 = ORIENTED_EDGE('',*,*,#14108,.F.);
#14115 = CYLINDRICAL_SURFACE('',#14116,0.5);
#14116 = AXIS2_PLACEMENT_3D('',#14117,#14118,#14119);
#14117 = CARTESIAN_POINT('',(28.46,-24.,-4.6E-02));
#14118 = DIRECTION('',(-0.,-0.,-1.));
#14119 = DIRECTION('',(-0.,-1.,0.));
#14120 = ADVANCED_FACE('',(#14121),#14132,.F.);
#14121 = FACE_BOUND('',#14122,.T.);
#14122 = EDGE_LOOP('',(#14123,#14124,#14130,#14131));
#14123 = ORIENTED_EDGE('',*,*,#13369,.T.);
#14124 = ORIENTED_EDGE('',*,*,#14125,.T.);
#14125 = EDGE_CURVE('',#13370,#13717,#14126,.T.);
#14126 = LINE('',#14127,#14128);
#14127 = CARTESIAN_POINT('',(31.,-24.5,-4.6E-02));
#14128 = VECTOR('',#14129,1.);
#14129 = DIRECTION('',(0.,0.,1.));
#14130 = ORIENTED_EDGE('',*,*,#13716,.F.);
#14131 = ORIENTED_EDGE('',*,*,#14125,.F.);
#14132 = CYLINDRICAL_SURFACE('',#14133,0.5);
#14133 = AXIS2_PLACEMENT_3D('',#14134,#14135,#14136);
#14134 = CARTESIAN_POINT('',(31.,-24.,-4.6E-02));
#14135 = DIRECTION('',(-0.,-0.,-1.));
#14136 = DIRECTION('',(-0.,-1.,0.));
#14137 = ADVANCED_FACE('',(#14138),#14149,.F.);
#14138 = FACE_BOUND('',#14139,.T.);
#14139 = EDGE_LOOP('',(#14140,#14141,#14147,#14148));
#14140 = ORIENTED_EDGE('',*,*,#13380,.T.);
#14141 = ORIENTED_EDGE('',*,*,#14142,.T.);
#14142 = EDGE_CURVE('',#13381,#13728,#14143,.T.);
#14143 = LINE('',#14144,#14145);
#14144 = CARTESIAN_POINT('',(33.54,-24.5,-4.6E-02));
#14145 = VECTOR('',#14146,1.);
#14146 = DIRECTION('',(0.,0.,1.));
#14147 = ORIENTED_EDGE('',*,*,#13727,.F.);
#14148 = ORIENTED_EDGE('',*,*,#14142,.F.);
#14149 = CYLINDRICAL_SURFACE('',#14150,0.5);
#14150 = AXIS2_PLACEMENT_3D('',#14151,#14152,#14153);
#14151 = CARTESIAN_POINT('',(33.54,-24.,-4.6E-02));
#14152 = DIRECTION('',(-0.,-0.,-1.));
#14153 = DIRECTION('',(-0.,-1.,0.));
#14154 = ADVANCED_FACE('',(#14155),#14166,.F.);
#14155 = FACE_BOUND('',#14156,.T.);
#14156 = EDGE_LOOP('',(#14157,#14158,#14164,#14165));
#14157 = ORIENTED_EDGE('',*,*,#13391,.T.);
#14158 = ORIENTED_EDGE('',*,*,#14159,.T.);
#14159 = EDGE_CURVE('',#13392,#13739,#14160,.T.);
#14160 = LINE('',#14161,#14162);
#14161 = CARTESIAN_POINT('',(36.08,-24.5,-4.6E-02));
#14162 = VECTOR('',#14163,1.);
#14163 = DIRECTION('',(0.,0.,1.));
#14164 = ORIENTED_EDGE('',*,*,#13738,.F.);
#14165 = ORIENTED_EDGE('',*,*,#14159,.F.);
#14166 = CYLINDRICAL_SURFACE('',#14167,0.5);
#14167 = AXIS2_PLACEMENT_3D('',#14168,#14169,#14170);
#14168 = CARTESIAN_POINT('',(36.08,-24.,-4.6E-02));
#14169 = DIRECTION('',(-0.,-0.,-1.));
#14170 = DIRECTION('',(-0.,-1.,0.));
#14171 = ADVANCED_FACE('',(#14172),#14183,.F.);
#14172 = FACE_BOUND('',#14173,.T.);
#14173 = EDGE_LOOP('',(#14174,#14175,#14181,#14182));
#14174 = ORIENTED_EDGE('',*,*,#13402,.T.);
#14175 = ORIENTED_EDGE('',*,*,#14176,.T.);
#14176 = EDGE_CURVE('',#13403,#13750,#14177,.T.);
#14177 = LINE('',#14178,#14179);
#14178 = CARTESIAN_POINT('',(38.62,-24.5,-4.6E-02));
#14179 = VECTOR('',#14180,1.);
#14180 = DIRECTION('',(0.,0.,1.));
#14181 = ORIENTED_EDGE('',*,*,#13749,.F.);
#14182 = ORIENTED_EDGE('',*,*,#14176,.F.);
#14183 = CYLINDRICAL_SURFACE('',#14184,0.5);
#14184 = AXIS2_PLACEMENT_3D('',#14185,#14186,#14187);
#14185 = CARTESIAN_POINT('',(38.62,-24.,-4.6E-02));
#14186 = DIRECTION('',(-0.,-0.,-1.));
#14187 = DIRECTION('',(-0.,-1.,0.));
#14188 = ADVANCED_FACE('',(#14189),#14200,.F.);
#14189 = FACE_BOUND('',#14190,.T.);
#14190 = EDGE_LOOP('',(#14191,#14192,#14198,#14199));
#14191 = ORIENTED_EDGE('',*,*,#13413,.T.);
#14192 = ORIENTED_EDGE('',*,*,#14193,.T.);
#14193 = EDGE_CURVE('',#13414,#13761,#14194,.T.);
#14194 = LINE('',#14195,#14196);
#14195 = CARTESIAN_POINT('',(3.9987,-5.6,-4.6E-02));
#14196 = VECTOR('',#14197,1.);
#14197 = DIRECTION('',(0.,0.,1.));
#14198 = ORIENTED_EDGE('',*,*,#13760,.F.);
#14199 = ORIENTED_EDGE('',*,*,#14193,.F.);
#14200 = CYLINDRICAL_SURFACE('',#14201,1.6);
#14201 = AXIS2_PLACEMENT_3D('',#14202,#14203,#14204);
#14202 = CARTESIAN_POINT('',(3.9987,-4.,-4.6E-02));
#14203 = DIRECTION('',(-0.,0.,-1.));
#14204 = DIRECTION('',(2.775557561563E-16,-1.,-0.));
#14205 = ADVANCED_FACE('',(#14206),#14217,.F.);
#14206 = FACE_BOUND('',#14207,.T.);
#14207 = EDGE_LOOP('',(#14208,#14209,#14215,#14216));
#14208 = ORIENTED_EDGE('',*,*,#13424,.T.);
#14209 = ORIENTED_EDGE('',*,*,#14210,.T.);
#14210 = EDGE_CURVE('',#13425,#13772,#14211,.T.);
#14211 = LINE('',#14212,#14213);
#14212 = CARTESIAN_POINT('',(9.57,-4.5,-4.6E-02));
#14213 = VECTOR('',#14214,1.);
#14214 = DIRECTION('',(0.,0.,1.));
#14215 = ORIENTED_EDGE('',*,*,#13771,.F.);
#14216 = ORIENTED_EDGE('',*,*,#14210,.F.);
#14217 = CYLINDRICAL_SURFACE('',#14218,0.5);
#14218 = AXIS2_PLACEMENT_3D('',#14219,#14220,#14221);
#14219 = CARTESIAN_POINT('',(9.57,-4.,-4.6E-02));
#14220 = DIRECTION('',(-0.,-0.,-1.));
#14221 = DIRECTION('',(-0.,-1.,0.));
#14222 = ADVANCED_FACE('',(#14223),#14234,.F.);
#14223 = FACE_BOUND('',#14224,.T.);
#14224 = EDGE_LOOP('',(#14225,#14226,#14232,#14233));
#14225 = ORIENTED_EDGE('',*,*,#13435,.T.);
#14226 = ORIENTED_EDGE('',*,*,#14227,.T.);
#14227 = EDGE_CURVE('',#13436,#13783,#14228,.T.);
#14228 = LINE('',#14229,#14230);
#14229 = CARTESIAN_POINT('',(12.11,-4.5,-4.6E-02));
#14230 = VECTOR('',#14231,1.);
#14231 = DIRECTION('',(0.,0.,1.));
#14232 = ORIENTED_EDGE('',*,*,#13782,.F.);
#14233 = ORIENTED_EDGE('',*,*,#14227,.F.);
#14234 = CYLINDRICAL_SURFACE('',#14235,0.5);
#14235 = AXIS2_PLACEMENT_3D('',#14236,#14237,#14238);
#14236 = CARTESIAN_POINT('',(12.11,-4.,-4.6E-02));
#14237 = DIRECTION('',(-0.,-0.,-1.));
#14238 = DIRECTION('',(-0.,-1.,0.));
#14239 = ADVANCED_FACE('',(#14240),#14251,.F.);
#14240 = FACE_BOUND('',#14241,.T.);
#14241 = EDGE_LOOP('',(#14242,#14243,#14249,#14250));
#14242 = ORIENTED_EDGE('',*,*,#13446,.T.);
#14243 = ORIENTED_EDGE('',*,*,#14244,.T.);
#14244 = EDGE_CURVE('',#13447,#13794,#14245,.T.);
#14245 = LINE('',#14246,#14247);
#14246 = CARTESIAN_POINT('',(14.65,-4.5,-4.6E-02));
#14247 = VECTOR('',#14248,1.);
#14248 = DIRECTION('',(0.,0.,1.));
#14249 = ORIENTED_EDGE('',*,*,#13793,.F.);
#14250 = ORIENTED_EDGE('',*,*,#14244,.F.);
#14251 = CYLINDRICAL_SURFACE('',#14252,0.5);
#14252 = AXIS2_PLACEMENT_3D('',#14253,#14254,#14255);
#14253 = CARTESIAN_POINT('',(14.65,-4.,-4.6E-02));
#14254 = DIRECTION('',(-0.,-0.,-1.));
#14255 = DIRECTION('',(-0.,-1.,0.));
#14256 = ADVANCED_FACE('',(#14257),#14268,.F.);
#14257 = FACE_BOUND('',#14258,.T.);
#14258 = EDGE_LOOP('',(#14259,#14260,#14266,#14267));
#14259 = ORIENTED_EDGE('',*,*,#13457,.T.);
#14260 = ORIENTED_EDGE('',*,*,#14261,.T.);
#14261 = EDGE_CURVE('',#13458,#13805,#14262,.T.);
#14262 = LINE('',#14263,#14264);
#14263 = CARTESIAN_POINT('',(17.19,-4.5,-4.6E-02));
#14264 = VECTOR('',#14265,1.);
#14265 = DIRECTION('',(0.,0.,1.));
#14266 = ORIENTED_EDGE('',*,*,#13804,.F.);
#14267 = ORIENTED_EDGE('',*,*,#14261,.F.);
#14268 = CYLINDRICAL_SURFACE('',#14269,0.5);
#14269 = AXIS2_PLACEMENT_3D('',#14270,#14271,#14272);
#14270 = CARTESIAN_POINT('',(17.19,-4.,-4.6E-02));
#14271 = DIRECTION('',(-0.,-0.,-1.));
#14272 = DIRECTION('',(-0.,-1.,0.));
#14273 = ADVANCED_FACE('',(#14274),#14285,.F.);
#14274 = FACE_BOUND('',#14275,.T.);
#14275 = EDGE_LOOP('',(#14276,#14277,#14283,#14284));
#14276 = ORIENTED_EDGE('',*,*,#13468,.T.);
#14277 = ORIENTED_EDGE('',*,*,#14278,.T.);
#14278 = EDGE_CURVE('',#13469,#13816,#14279,.T.);
#14279 = LINE('',#14280,#14281);
#14280 = CARTESIAN_POINT('',(19.73,-4.5,-4.6E-02));
#14281 = VECTOR('',#14282,1.);
#14282 = DIRECTION('',(0.,0.,1.));
#14283 = ORIENTED_EDGE('',*,*,#13815,.F.);
#14284 = ORIENTED_EDGE('',*,*,#14278,.F.);
#14285 = CYLINDRICAL_SURFACE('',#14286,0.5);
#14286 = AXIS2_PLACEMENT_3D('',#14287,#14288,#14289);
#14287 = CARTESIAN_POINT('',(19.73,-4.,-4.6E-02));
#14288 = DIRECTION('',(-0.,-0.,-1.));
#14289 = DIRECTION('',(-0.,-1.,0.));
#14290 = ADVANCED_FACE('',(#14291),#14302,.F.);
#14291 = FACE_BOUND('',#14292,.T.);
#14292 = EDGE_LOOP('',(#14293,#14294,#14300,#14301));
#14293 = ORIENTED_EDGE('',*,*,#13479,.T.);
#14294 = ORIENTED_EDGE('',*,*,#14295,.T.);
#14295 = EDGE_CURVE('',#13480,#13827,#14296,.T.);
#14296 = LINE('',#14297,#14298);
#14297 = CARTESIAN_POINT('',(22.,-13.4,-4.6E-02));
#14298 = VECTOR('',#14299,1.);
#14299 = DIRECTION('',(0.,0.,1.));
#14300 = ORIENTED_EDGE('',*,*,#13826,.F.);
#14301 = ORIENTED_EDGE('',*,*,#14295,.F.);
#14302 = CYLINDRICAL_SURFACE('',#14303,0.4);
#14303 = AXIS2_PLACEMENT_3D('',#14304,#14305,#14306);
#14304 = CARTESIAN_POINT('',(22.,-13.,-4.6E-02));
#14305 = DIRECTION('',(-0.,-0.,-1.));
#14306 = DIRECTION('',(-0.,-1.,0.));
#14307 = ADVANCED_FACE('',(#14308),#14319,.F.);
#14308 = FACE_BOUND('',#14309,.T.);
#14309 = EDGE_LOOP('',(#14310,#14311,#14317,#14318));
#14310 = ORIENTED_EDGE('',*,*,#13490,.T.);
#14311 = ORIENTED_EDGE('',*,*,#14312,.T.);
#14312 = EDGE_CURVE('',#13491,#13838,#14313,.T.);
#14313 = LINE('',#14314,#14315);
#14314 = CARTESIAN_POINT('',(27.,-13.4,-4.6E-02));
#14315 = VECTOR('',#14316,1.);
#14316 = DIRECTION('',(0.,0.,1.));
#14317 = ORIENTED_EDGE('',*,*,#13837,.F.);
#14318 = ORIENTED_EDGE('',*,*,#14312,.F.);
#14319 = CYLINDRICAL_SURFACE('',#14320,0.4);
#14320 = AXIS2_PLACEMENT_3D('',#14321,#14322,#14323);
#14321 = CARTESIAN_POINT('',(27.,-13.,-4.6E-02));
#14322 = DIRECTION('',(-0.,-0.,-1.));
#14323 = DIRECTION('',(-0.,-1.,0.));
#14324 = ADVANCED_FACE('',(#14325),#14336,.F.);
#14325 = FACE_BOUND('',#14326,.T.);
#14326 = EDGE_LOOP('',(#14327,#14328,#14334,#14335));
#14327 = ORIENTED_EDGE('',*,*,#13501,.T.);
#14328 = ORIENTED_EDGE('',*,*,#14329,.T.);
#14329 = EDGE_CURVE('',#13502,#13849,#14330,.T.);
#14330 = LINE('',#14331,#14332);
#14331 = CARTESIAN_POINT('',(30.,-13.4,-4.6E-02));
#14332 = VECTOR('',#14333,1.);
#14333 = DIRECTION('',(0.,0.,1.));
#14334 = ORIENTED_EDGE('',*,*,#13848,.F.);
#14335 = ORIENTED_EDGE('',*,*,#14329,.F.);
#14336 = CYLINDRICAL_SURFACE('',#14337,0.4);
#14337 = AXIS2_PLACEMENT_3D('',#14338,#14339,#14340);
#14338 = CARTESIAN_POINT('',(30.,-13.,-4.6E-02));
#14339 = DIRECTION('',(-0.,-0.,-1.));
#14340 = DIRECTION('',(-0.,-1.,0.));
#14341 = ADVANCED_FACE('',(#14342),#14353,.F.);
#14342 = FACE_BOUND('',#14343,.T.);
#14343 = EDGE_LOOP('',(#14344,#14345,#14351,#14352));
#14344 = ORIENTED_EDGE('',*,*,#13512,.T.);
#14345 = ORIENTED_EDGE('',*,*,#14346,.T.);
#14346 = EDGE_CURVE('',#13513,#13860,#14347,.T.);
#14347 = LINE('',#14348,#14349);
#14348 = CARTESIAN_POINT('',(35.,-13.4,-4.6E-02));
#14349 = VECTOR('',#14350,1.);
#14350 = DIRECTION('',(0.,0.,1.));
#14351 = ORIENTED_EDGE('',*,*,#13859,.F.);
#14352 = ORIENTED_EDGE('',*,*,#14346,.F.);
#14353 = CYLINDRICAL_SURFACE('',#14354,0.4);
#14354 = AXIS2_PLACEMENT_3D('',#14355,#14356,#14357);
#14355 = CARTESIAN_POINT('',(35.,-13.,-4.6E-02));
#14356 = DIRECTION('',(-0.,-0.,-1.));
#14357 = DIRECTION('',(-0.,-1.,0.));
#14358 = ADVANCED_FACE('',(#14359),#14370,.F.);
#14359 = FACE_BOUND('',#14360,.T.);
#14360 = EDGE_LOOP('',(#14361,#14362,#14368,#14369));
#14361 = ORIENTED_EDGE('',*,*,#13523,.T.);
#14362 = ORIENTED_EDGE('',*,*,#14363,.T.);
#14363 = EDGE_CURVE('',#13524,#13871,#14364,.T.);
#14364 = LINE('',#14365,#14366);
#14365 = CARTESIAN_POINT('',(22.27,-4.5,-4.6E-02));
#14366 = VECTOR('',#14367,1.);
#14367 = DIRECTION('',(0.,0.,1.));
#14368 = ORIENTED_EDGE('',*,*,#13870,.F.);
#14369 = ORIENTED_EDGE('',*,*,#14363,.F.);
#14370 = CYLINDRICAL_SURFACE('',#14371,0.5);
#14371 = AXIS2_PLACEMENT_3D('',#14372,#14373,#14374);
#14372 = CARTESIAN_POINT('',(22.27,-4.,-4.6E-02));
#14373 = DIRECTION('',(-0.,-0.,-1.));
#14374 = DIRECTION('',(-0.,-1.,0.));
#14375 = ADVANCED_FACE('',(#14376),#14387,.F.);
#14376 = FACE_BOUND('',#14377,.T.);
#14377 = EDGE_LOOP('',(#14378,#14379,#14385,#14386));
#14378 = ORIENTED_EDGE('',*,*,#13534,.T.);
#14379 = ORIENTED_EDGE('',*,*,#14380,.T.);
#14380 = EDGE_CURVE('',#13535,#13882,#14381,.T.);
#14381 = LINE('',#14382,#14383);
#14382 = CARTESIAN_POINT('',(24.81,-4.5,-4.6E-02));
#14383 = VECTOR('',#14384,1.);
#14384 = DIRECTION('',(0.,0.,1.));
#14385 = ORIENTED_EDGE('',*,*,#13881,.F.);
#14386 = ORIENTED_EDGE('',*,*,#14380,.F.);
#14387 = CYLINDRICAL_SURFACE('',#14388,0.5);
#14388 = AXIS2_PLACEMENT_3D('',#14389,#14390,#14391);
#14389 = CARTESIAN_POINT('',(24.81,-4.,-4.6E-02));
#14390 = DIRECTION('',(-0.,-0.,-1.));
#14391 = DIRECTION('',(-0.,-1.,0.));
#14392 = ADVANCED_FACE('',(#14393),#14404,.F.);
#14393 = FACE_BOUND('',#14394,.T.);
#14394 = EDGE_LOOP('',(#14395,#14396,#14402,#14403));
#14395 = ORIENTED_EDGE('',*,*,#13545,.T.);
#14396 = ORIENTED_EDGE('',*,*,#14397,.T.);
#14397 = EDGE_CURVE('',#13546,#13893,#14398,.T.);
#14398 = LINE('',#14399,#14400);
#14399 = CARTESIAN_POINT('',(27.35,-4.5,-4.6E-02));
#14400 = VECTOR('',#14401,1.);
#14401 = DIRECTION('',(0.,0.,1.));
#14402 = ORIENTED_EDGE('',*,*,#13892,.F.);
#14403 = ORIENTED_EDGE('',*,*,#14397,.F.);
#14404 = CYLINDRICAL_SURFACE('',#14405,0.5);
#14405 = AXIS2_PLACEMENT_3D('',#14406,#14407,#14408);
#14406 = CARTESIAN_POINT('',(27.35,-4.,-4.6E-02));
#14407 = DIRECTION('',(-0.,-0.,-1.));
#14408 = DIRECTION('',(-0.,-1.,0.));
#14409 = ADVANCED_FACE('',(#14410),#14421,.F.);
#14410 = FACE_BOUND('',#14411,.T.);
#14411 = EDGE_LOOP('',(#14412,#14413,#14419,#14420));
#14412 = ORIENTED_EDGE('',*,*,#13556,.T.);
#14413 = ORIENTED_EDGE('',*,*,#14414,.T.);
#14414 = EDGE_CURVE('',#13557,#13904,#14415,.T.);
#14415 = LINE('',#14416,#14417);
#14416 = CARTESIAN_POINT('',(29.89,-4.5,-4.6E-02));
#14417 = VECTOR('',#14418,1.);
#14418 = DIRECTION('',(0.,0.,1.));
#14419 = ORIENTED_EDGE('',*,*,#13903,.F.);
#14420 = ORIENTED_EDGE('',*,*,#14414,.F.);
#14421 = CYLINDRICAL_SURFACE('',#14422,0.5);
#14422 = AXIS2_PLACEMENT_3D('',#14423,#14424,#14425);
#14423 = CARTESIAN_POINT('',(29.89,-4.,-4.6E-02));
#14424 = DIRECTION('',(-0.,-0.,-1.));
#14425 = DIRECTION('',(-0.,-1.,0.));
#14426 = ADVANCED_FACE('',(#14427),#14438,.F.);
#14427 = FACE_BOUND('',#14428,.T.);
#14428 = EDGE_LOOP('',(#14429,#14430,#14436,#14437));
#14429 = ORIENTED_EDGE('',*,*,#13567,.T.);
#14430 = ORIENTED_EDGE('',*,*,#14431,.T.);
#14431 = EDGE_CURVE('',#13568,#13915,#14432,.T.);
#14432 = LINE('',#14433,#14434);
#14433 = CARTESIAN_POINT('',(32.43,-4.5,-4.6E-02));
#14434 = VECTOR('',#14435,1.);
#14435 = DIRECTION('',(0.,0.,1.));
#14436 = ORIENTED_EDGE('',*,*,#13914,.F.);
#14437 = ORIENTED_EDGE('',*,*,#14431,.F.);
#14438 = CYLINDRICAL_SURFACE('',#14439,0.5);
#14439 = AXIS2_PLACEMENT_3D('',#14440,#14441,#14442);
#14440 = CARTESIAN_POINT('',(32.43,-4.,-4.6E-02));
#14441 = DIRECTION('',(-0.,-0.,-1.));
#14442 = DIRECTION('',(-0.,-1.,0.));
#14443 = ADVANCED_FACE('',(#14444),#14455,.F.);
#14444 = FACE_BOUND('',#14445,.T.);
#14445 = EDGE_LOOP('',(#14446,#14447,#14453,#14454));
#14446 = ORIENTED_EDGE('',*,*,#13578,.T.);
#14447 = ORIENTED_EDGE('',*,*,#14448,.T.);
#14448 = EDGE_CURVE('',#13579,#13926,#14449,.T.);
#14449 = LINE('',#14450,#14451);
#14450 = CARTESIAN_POINT('',(37.9987,-5.6,-4.6E-02));
#14451 = VECTOR('',#14452,1.);
#14452 = DIRECTION('',(0.,0.,1.));
#14453 = ORIENTED_EDGE('',*,*,#13925,.F.);
#14454 = ORIENTED_EDGE('',*,*,#14448,.F.);
#14455 = CYLINDRICAL_SURFACE('',#14456,1.6);
#14456 = AXIS2_PLACEMENT_3D('',#14457,#14458,#14459);
#14457 = CARTESIAN_POINT('',(37.9987,-4.,-4.6E-02));
#14458 = DIRECTION('',(-0.,-0.,-1.));
#14459 = DIRECTION('',(-0.,-1.,0.));
#14460 = ( GEOMETRIC_REPRESENTATION_CONTEXT(3) 
GLOBAL_UNCERTAINTY_ASSIGNED_CONTEXT((#14464)) 
GLOBAL_UNIT_ASSIGNED_CONTEXT((#14461,#14462,#14463)) 
REPRESENTATION_CONTEXT('Context #1',
  '3D Context with UNIT and UNCERTAINTY') );
#14461 = ( LENGTH_UNIT() NAMED_UNIT(*) SI_UNIT(.MILLI.,.METRE.) );
#14462 = ( NAMED_UNIT(*) PLANE_ANGLE_UNIT() SI_UNIT($,.RADIAN.) );
#14463 = ( NAMED_UNIT(*) SI_UNIT($,.STERADIAN.) SOLID_ANGLE_UNIT() );
#14464 = UNCERTAINTY_MEASURE_WITH_UNIT(LENGTH_MEASURE(1.E-07),#14461,
  'distance_accuracy_value','confusion accuracy');
#14465 = CONTEXT_DEPENDENT_SHAPE_REPRESENTATION(#14466,#14468);
#14466 = ( REPRESENTATION_RELATIONSHIP('','',#13139,#10) 
REPRESENTATION_RELATIONSHIP_WITH_TRANSFORMATION(#14467) 
SHAPE_REPRESENTATION_RELATIONSHIP() );
#14467 = ITEM_DEFINED_TRANSFORMATION('','',#11,#35);
#14468 = PRODUCT_DEFINITION_SHAPE('Placement','Placement of an item',
  #14469);
#14469 = NEXT_ASSEMBLY_USAGE_OCCURRENCE('6','=>[0:1:1:5]','',#5,#13134,$
  );
#14470 = PRODUCT_RELATED_PRODUCT_CATEGORY('part',$,(#13136));
#14471 = MECHANICAL_DESIGN_GEOMETRIC_PRESENTATION_REPRESENTATION('',(
    #14472,#14480,#14487,#14494,#14501,#14509,#14516,#14523,#14530,
    #14537),#13111);
#14472 = STYLED_ITEM('color',(#14473),#12631);
#14473 = PRESENTATION_STYLE_ASSIGNMENT((#14474));
#14474 = SURFACE_STYLE_USAGE(.BOTH.,#14475);
#14475 = SURFACE_SIDE_STYLE('',(#14476));
#14476 = SURFACE_STYLE_FILL_AREA(#14477);
#14477 = FILL_AREA_STYLE('',(#14478));
#14478 = FILL_AREA_STYLE_COLOUR('',#14479);
#14479 = COLOUR_RGB('',0.823999987314,0.819999987296,0.781000009244);
#14480 = STYLED_ITEM('color',(#14481),#12648);
#14481 = PRESENTATION_STYLE_ASSIGNMENT((#14482));
#14482 = SURFACE_STYLE_USAGE(.BOTH.,#14483);
#14483 = SURFACE_SIDE_STYLE('',(#14484));
#14484 = SURFACE_STYLE_FILL_AREA(#14485);
#14485 = FILL_AREA_STYLE('',(#14486));
#14486 = FILL_AREA_STYLE_COLOUR('',#14479);
#14487 = STYLED_ITEM('color',(#14488),#12673);
#14488 = PRESENTATION_STYLE_ASSIGNMENT((#14489));
#14489 = SURFACE_STYLE_USAGE(.BOTH.,#14490);
#14490 = SURFACE_SIDE_STYLE('',(#14491));
#14491 = SURFACE_STYLE_FILL_AREA(#14492);
#14492 = FILL_AREA_STYLE('',(#14493));
#14493 = FILL_AREA_STYLE_COLOUR('',#14479);
#14494 = STYLED_ITEM('color',(#14495),#12703);
#14495 = PRESENTATION_STYLE_ASSIGNMENT((#14496));
#14496 = SURFACE_STYLE_USAGE(.BOTH.,#14497);
#14497 = SURFACE_SIDE_STYLE('',(#14498));
#14498 = SURFACE_STYLE_FILL_AREA(#14499);
#14499 = FILL_AREA_STYLE('',(#14500));
#14500 = FILL_AREA_STYLE_COLOUR('',#14479);
#14501 = STYLED_ITEM('color',(#14502),#12837);
#14502 = PRESENTATION_STYLE_ASSIGNMENT((#14503));
#14503 = SURFACE_STYLE_USAGE(.BOTH.,#14504);
#14504 = SURFACE_SIDE_STYLE('',(#14505));
#14505 = SURFACE_STYLE_FILL_AREA(#14506);
#14506 = FILL_AREA_STYLE('',(#14507));
#14507 = FILL_AREA_STYLE_COLOUR('',#14508);
#14508 = COLOUR_RGB('',0.809000013735,0.426000008053,0.147999998088);
#14509 = STYLED_ITEM('color',(#14510),#12938);
#14510 = PRESENTATION_STYLE_ASSIGNMENT((#14511));
#14511 = SURFACE_STYLE_USAGE(.BOTH.,#14512);
#14512 = SURFACE_SIDE_STYLE('',(#14513));
#14513 = SURFACE_STYLE_FILL_AREA(#14514);
#14514 = FILL_AREA_STYLE('',(#14515));
#14515 = FILL_AREA_STYLE_COLOUR('',#14508);
#14516 = STYLED_ITEM('color',(#14517),#13020);
#14517 = PRESENTATION_STYLE_ASSIGNMENT((#14518));
#14518 = SURFACE_STYLE_USAGE(.BOTH.,#14519);
#14519 = SURFACE_SIDE_STYLE('',(#14520));
#14520 = SURFACE_STYLE_FILL_AREA(#14521);
#14521 = FILL_AREA_STYLE('',(#14522));
#14522 = FILL_AREA_STYLE_COLOUR('',#14479);
#14523 = STYLED_ITEM('color',(#14524),#13047);
#14524 = PRESENTATION_STYLE_ASSIGNMENT((#14525));
#14525 = SURFACE_STYLE_USAGE(.BOTH.,#14526);
#14526 = SURFACE_SIDE_STYLE('',(#14527));
#14527 = SURFACE_STYLE_FILL_AREA(#14528);
#14528 = FILL_AREA_STYLE('',(#14529));
#14529 = FILL_AREA_STYLE_COLOUR('',#14479);
#14530 = STYLED_ITEM('color',(#14531),#13077);
#14531 = PRESENTATION_STYLE_ASSIGNMENT((#14532));
#14532 = SURFACE_STYLE_USAGE(.BOTH.,#14533);
#14533 = SURFACE_SIDE_STYLE('',(#14534));
#14534 = SURFACE_STYLE_FILL_AREA(#14535);
#14535 = FILL_AREA_STYLE('',(#14536));
#14536 = FILL_AREA_STYLE_COLOUR('',#14479);
#14537 = STYLED_ITEM('color',(#14538),#13102);
#14538 = PRESENTATION_STYLE_ASSIGNMENT((#14539));
#14539 = SURFACE_STYLE_USAGE(.BOTH.,#14540);
#14540 = SURFACE_SIDE_STYLE('',(#14541));
#14541 = SURFACE_STYLE_FILL_AREA(#14542);
#14542 = FILL_AREA_STYLE('',(#14543));
#14543 = FILL_AREA_STYLE_COLOUR('',#14479);
#14544 = MECHANICAL_DESIGN_GEOMETRIC_PRESENTATION_REPRESENTATION('',(
    #14545),#14460);
#14545 = STYLED_ITEM('color',(#14546),#13140);
#14546 = PRESENTATION_STYLE_ASSIGNMENT((#14547));
#14547 = SURFACE_STYLE_USAGE(.BOTH.,#14548);
#14548 = SURFACE_SIDE_STYLE('',(#14549));
#14549 = SURFACE_STYLE_FILL_AREA(#14550);
#14550 = FILL_AREA_STYLE('',(#14551));
#14551 = FILL_AREA_STYLE_COLOUR('',#14552);
#14552 = COLOUR_RGB('',0.313304153717,0.484529207832,0.410020903123);
#14553 = MECHANICAL_DESIGN_GEOMETRIC_PRESENTATION_REPRESENTATION('',(
    #14554,#14562,#14569,#14576,#14583,#14590,#14597,#14604,#14611,
    #14618,#14625,#14632,#14639,#14646,#14653,#14660,#14667,#14674,
    #14681,#14688,#14695,#14702,#14709,#14716,#14723,#14730,#14737,
    #14744,#14751,#14758,#14765,#14772,#14779,#14786,#14793,#14800,
    #14807,#14814,#14821,#14828,#14835,#14842,#14849,#14856,#14863,
    #14870,#14877,#14884,#14891,#14898,#14905,#14912,#14919,#14926,
    #14933,#14940,#14947,#14954,#14961,#14968,#14975,#14982,#14989,
    #14996,#15003,#15011,#15018,#15025,#15032,#15039,#15046,#15053,
    #15060,#15067,#15074,#15081,#15088,#15095,#15102,#15109,#15116,
    #15123,#15130,#15137,#15144,#15151,#15158,#15165,#15172,#15179,
    #15186,#15193,#15200,#15207,#15214,#15221,#15228,#15235,#15242,
    #15249,#15256,#15263,#15270,#15277,#15284,#15291,#15298,#15305,
    #15312,#15319,#15326,#15333,#15340,#15347,#15354,#15361,#15368,
    #15375,#15382,#15389,#15396,#15403,#15410,#15417,#15424,#15431,
    #15438,#15445,#15452,#15459,#15466,#15473,#15480,#15487,#15494,
    #15501,#15508,#15515,#15522,#15529,#15536,#15543,#15550,#15557,
    #15564,#15571,#15578,#15585,#15592,#15599,#15606,#15613,#15620,
    #15627,#15634,#15641,#15648,#15655,#15662,#15669,#15676,#15683,
    #15690,#15697,#15704,#15711,#15718,#15725,#15732,#15739,#15746,
    #15753,#15760,#15767,#15774,#15781,#15788,#15795,#15802,#15809,
    #15816,#15823,#15830,#15837,#15844,#15851,#15858,#15865,#15872,
    #15879,#15886,#15893,#15900,#15907,#15914,#15921,#15928,#15935,
    #15942,#15949,#15956,#15963,#15970,#15977,#15984,#15991,#15998,
    #16005,#16012,#16019,#16026,#16033,#16040,#16047,#16054,#16061,
    #16068,#16075,#16082,#16089,#16096,#16103,#16110,#16117,#16124,
    #16131,#16138,#16145,#16152,#16159,#16166,#16173,#16180,#16187,
    #16194,#16201,#16208,#16215,#16222,#16229,#16236,#16243,#16250,
    #16257),#6877);
#14554 = STYLED_ITEM('color',(#14555),#55);
#14555 = PRESENTATION_STYLE_ASSIGNMENT((#14556));
#14556 = SURFACE_STYLE_USAGE(.BOTH.,#14557);
#14557 = SURFACE_SIDE_STYLE('',(#14558));
#14558 = SURFACE_STYLE_FILL_AREA(#14559);
#14559 = FILL_AREA_STYLE('',(#14560));
#14560 = FILL_AREA_STYLE_COLOUR('',#14561);
#14561 = COLOUR_RGB('',0.147999998088,0.144999993226,0.144999993226);
#14562 = STYLED_ITEM('color',(#14563),#95);
#14563 = PRESENTATION_STYLE_ASSIGNMENT((#14564));
#14564 = SURFACE_STYLE_USAGE(.BOTH.,#14565);
#14565 = SURFACE_SIDE_STYLE('',(#14566));
#14566 = SURFACE_STYLE_FILL_AREA(#14567);
#14567 = FILL_AREA_STYLE('',(#14568));
#14568 = FILL_AREA_STYLE_COLOUR('',#14561);
#14569 = STYLED_ITEM('color',(#14570),#126);
#14570 = PRESENTATION_STYLE_ASSIGNMENT((#14571));
#14571 = SURFACE_STYLE_USAGE(.BOTH.,#14572);
#14572 = SURFACE_SIDE_STYLE('',(#14573));
#14573 = SURFACE_STYLE_FILL_AREA(#14574);
#14574 = FILL_AREA_STYLE('',(#14575));
#14575 = FILL_AREA_STYLE_COLOUR('',#14561);
#14576 = STYLED_ITEM('color',(#14577),#157);
#14577 = PRESENTATION_STYLE_ASSIGNMENT((#14578));
#14578 = SURFACE_STYLE_USAGE(.BOTH.,#14579);
#14579 = SURFACE_SIDE_STYLE('',(#14580));
#14580 = SURFACE_STYLE_FILL_AREA(#14581);
#14581 = FILL_AREA_STYLE('',(#14582));
#14582 = FILL_AREA_STYLE_COLOUR('',#14561);
#14583 = STYLED_ITEM('color',(#14584),#978);
#14584 = PRESENTATION_STYLE_ASSIGNMENT((#14585));
#14585 = SURFACE_STYLE_USAGE(.BOTH.,#14586);
#14586 = SURFACE_SIDE_STYLE('',(#14587));
#14587 = SURFACE_STYLE_FILL_AREA(#14588);
#14588 = FILL_AREA_STYLE('',(#14589));
#14589 = FILL_AREA_STYLE_COLOUR('',#14561);
#14590 = STYLED_ITEM('color',(#14591),#1799);
#14591 = PRESENTATION_STYLE_ASSIGNMENT((#14592));
#14592 = SURFACE_STYLE_USAGE(.BOTH.,#14593);
#14593 = SURFACE_SIDE_STYLE('',(#14594));
#14594 = SURFACE_STYLE_FILL_AREA(#14595);
#14595 = FILL_AREA_STYLE('',(#14596));
#14596 = FILL_AREA_STYLE_COLOUR('',#14561);
#14597 = STYLED_ITEM('color',(#14598),#1816);
#14598 = PRESENTATION_STYLE_ASSIGNMENT((#14599));
#14599 = SURFACE_STYLE_USAGE(.BOTH.,#14600);
#14600 = SURFACE_SIDE_STYLE('',(#14601));
#14601 = SURFACE_STYLE_FILL_AREA(#14602);
#14602 = FILL_AREA_STYLE('',(#14603));
#14603 = FILL_AREA_STYLE_COLOUR('',#14561);
#14604 = STYLED_ITEM('color',(#14605),#1833);
#14605 = PRESENTATION_STYLE_ASSIGNMENT((#14606));
#14606 = SURFACE_STYLE_USAGE(.BOTH.,#14607);
#14607 = SURFACE_SIDE_STYLE('',(#14608));
#14608 = SURFACE_STYLE_FILL_AREA(#14609);
#14609 = FILL_AREA_STYLE('',(#14610));
#14610 = FILL_AREA_STYLE_COLOUR('',#14561);
#14611 = STYLED_ITEM('color',(#14612),#1850);
#14612 = PRESENTATION_STYLE_ASSIGNMENT((#14613));
#14613 = SURFACE_STYLE_USAGE(.BOTH.,#14614);
#14614 = SURFACE_SIDE_STYLE('',(#14615));
#14615 = SURFACE_STYLE_FILL_AREA(#14616);
#14616 = FILL_AREA_STYLE('',(#14617));
#14617 = FILL_AREA_STYLE_COLOUR('',#14561);
#14618 = STYLED_ITEM('color',(#14619),#1867);
#14619 = PRESENTATION_STYLE_ASSIGNMENT((#14620));
#14620 = SURFACE_STYLE_USAGE(.BOTH.,#14621);
#14621 = SURFACE_SIDE_STYLE('',(#14622));
#14622 = SURFACE_STYLE_FILL_AREA(#14623);
#14623 = FILL_AREA_STYLE('',(#14624));
#14624 = FILL_AREA_STYLE_COLOUR('',#14561);
#14625 = STYLED_ITEM('color',(#14626),#1884);
#14626 = PRESENTATION_STYLE_ASSIGNMENT((#14627));
#14627 = SURFACE_STYLE_USAGE(.BOTH.,#14628);
#14628 = SURFACE_SIDE_STYLE('',(#14629));
#14629 = SURFACE_STYLE_FILL_AREA(#14630);
#14630 = FILL_AREA_STYLE('',(#14631));
#14631 = FILL_AREA_STYLE_COLOUR('',#14561);
#14632 = STYLED_ITEM('color',(#14633),#1901);
#14633 = PRESENTATION_STYLE_ASSIGNMENT((#14634));
#14634 = SURFACE_STYLE_USAGE(.BOTH.,#14635);
#14635 = SURFACE_SIDE_STYLE('',(#14636));
#14636 = SURFACE_STYLE_FILL_AREA(#14637);
#14637 = FILL_AREA_STYLE('',(#14638));
#14638 = FILL_AREA_STYLE_COLOUR('',#14561);
#14639 = STYLED_ITEM('color',(#14640),#1918);
#14640 = PRESENTATION_STYLE_ASSIGNMENT((#14641));
#14641 = SURFACE_STYLE_USAGE(.BOTH.,#14642);
#14642 = SURFACE_SIDE_STYLE('',(#14643));
#14643 = SURFACE_STYLE_FILL_AREA(#14644);
#14644 = FILL_AREA_STYLE('',(#14645));
#14645 = FILL_AREA_STYLE_COLOUR('',#14561);
#14646 = STYLED_ITEM('color',(#14647),#1935);
#14647 = PRESENTATION_STYLE_ASSIGNMENT((#14648));
#14648 = SURFACE_STYLE_USAGE(.BOTH.,#14649);
#14649 = SURFACE_SIDE_STYLE('',(#14650));
#14650 = SURFACE_STYLE_FILL_AREA(#14651);
#14651 = FILL_AREA_STYLE('',(#14652));
#14652 = FILL_AREA_STYLE_COLOUR('',#14561);
#14653 = STYLED_ITEM('color',(#14654),#1952);
#14654 = PRESENTATION_STYLE_ASSIGNMENT((#14655));
#14655 = SURFACE_STYLE_USAGE(.BOTH.,#14656);
#14656 = SURFACE_SIDE_STYLE('',(#14657));
#14657 = SURFACE_STYLE_FILL_AREA(#14658);
#14658 = FILL_AREA_STYLE('',(#14659));
#14659 = FILL_AREA_STYLE_COLOUR('',#14561);
#14660 = STYLED_ITEM('color',(#14661),#1969);
#14661 = PRESENTATION_STYLE_ASSIGNMENT((#14662));
#14662 = SURFACE_STYLE_USAGE(.BOTH.,#14663);
#14663 = SURFACE_SIDE_STYLE('',(#14664));
#14664 = SURFACE_STYLE_FILL_AREA(#14665);
#14665 = FILL_AREA_STYLE('',(#14666));
#14666 = FILL_AREA_STYLE_COLOUR('',#14561);
#14667 = STYLED_ITEM('color',(#14668),#1986);
#14668 = PRESENTATION_STYLE_ASSIGNMENT((#14669));
#14669 = SURFACE_STYLE_USAGE(.BOTH.,#14670);
#14670 = SURFACE_SIDE_STYLE('',(#14671));
#14671 = SURFACE_STYLE_FILL_AREA(#14672);
#14672 = FILL_AREA_STYLE('',(#14673));
#14673 = FILL_AREA_STYLE_COLOUR('',#14561);
#14674 = STYLED_ITEM('color',(#14675),#2003);
#14675 = PRESENTATION_STYLE_ASSIGNMENT((#14676));
#14676 = SURFACE_STYLE_USAGE(.BOTH.,#14677);
#14677 = SURFACE_SIDE_STYLE('',(#14678));
#14678 = SURFACE_STYLE_FILL_AREA(#14679);
#14679 = FILL_AREA_STYLE('',(#14680));
#14680 = FILL_AREA_STYLE_COLOUR('',#14561);
#14681 = STYLED_ITEM('color',(#14682),#2020);
#14682 = PRESENTATION_STYLE_ASSIGNMENT((#14683));
#14683 = SURFACE_STYLE_USAGE(.BOTH.,#14684);
#14684 = SURFACE_SIDE_STYLE('',(#14685));
#14685 = SURFACE_STYLE_FILL_AREA(#14686);
#14686 = FILL_AREA_STYLE('',(#14687));
#14687 = FILL_AREA_STYLE_COLOUR('',#14561);
#14688 = STYLED_ITEM('color',(#14689),#2037);
#14689 = PRESENTATION_STYLE_ASSIGNMENT((#14690));
#14690 = SURFACE_STYLE_USAGE(.BOTH.,#14691);
#14691 = SURFACE_SIDE_STYLE('',(#14692));
#14692 = SURFACE_STYLE_FILL_AREA(#14693);
#14693 = FILL_AREA_STYLE('',(#14694));
#14694 = FILL_AREA_STYLE_COLOUR('',#14561);
#14695 = STYLED_ITEM('color',(#14696),#2054);
#14696 = PRESENTATION_STYLE_ASSIGNMENT((#14697));
#14697 = SURFACE_STYLE_USAGE(.BOTH.,#14698);
#14698 = SURFACE_SIDE_STYLE('',(#14699));
#14699 = SURFACE_STYLE_FILL_AREA(#14700);
#14700 = FILL_AREA_STYLE('',(#14701));
#14701 = FILL_AREA_STYLE_COLOUR('',#14561);
#14702 = STYLED_ITEM('color',(#14703),#2071);
#14703 = PRESENTATION_STYLE_ASSIGNMENT((#14704));
#14704 = SURFACE_STYLE_USAGE(.BOTH.,#14705);
#14705 = SURFACE_SIDE_STYLE('',(#14706));
#14706 = SURFACE_STYLE_FILL_AREA(#14707);
#14707 = FILL_AREA_STYLE('',(#14708));
#14708 = FILL_AREA_STYLE_COLOUR('',#14561);
#14709 = STYLED_ITEM('color',(#14710),#2088);
#14710 = PRESENTATION_STYLE_ASSIGNMENT((#14711));
#14711 = SURFACE_STYLE_USAGE(.BOTH.,#14712);
#14712 = SURFACE_SIDE_STYLE('',(#14713));
#14713 = SURFACE_STYLE_FILL_AREA(#14714);
#14714 = FILL_AREA_STYLE('',(#14715));
#14715 = FILL_AREA_STYLE_COLOUR('',#14561);
#14716 = STYLED_ITEM('color',(#14717),#2105);
#14717 = PRESENTATION_STYLE_ASSIGNMENT((#14718));
#14718 = SURFACE_STYLE_USAGE(.BOTH.,#14719);
#14719 = SURFACE_SIDE_STYLE('',(#14720));
#14720 = SURFACE_STYLE_FILL_AREA(#14721);
#14721 = FILL_AREA_STYLE('',(#14722));
#14722 = FILL_AREA_STYLE_COLOUR('',#14561);
#14723 = STYLED_ITEM('color',(#14724),#2122);
#14724 = PRESENTATION_STYLE_ASSIGNMENT((#14725));
#14725 = SURFACE_STYLE_USAGE(.BOTH.,#14726);
#14726 = SURFACE_SIDE_STYLE('',(#14727));
#14727 = SURFACE_STYLE_FILL_AREA(#14728);
#14728 = FILL_AREA_STYLE('',(#14729));
#14729 = FILL_AREA_STYLE_COLOUR('',#14561);
#14730 = STYLED_ITEM('color',(#14731),#2139);
#14731 = PRESENTATION_STYLE_ASSIGNMENT((#14732));
#14732 = SURFACE_STYLE_USAGE(.BOTH.,#14733);
#14733 = SURFACE_SIDE_STYLE('',(#14734));
#14734 = SURFACE_STYLE_FILL_AREA(#14735);
#14735 = FILL_AREA_STYLE('',(#14736));
#14736 = FILL_AREA_STYLE_COLOUR('',#14561);
#14737 = STYLED_ITEM('color',(#14738),#2156);
#14738 = PRESENTATION_STYLE_ASSIGNMENT((#14739));
#14739 = SURFACE_STYLE_USAGE(.BOTH.,#14740);
#14740 = SURFACE_SIDE_STYLE('',(#14741));
#14741 = SURFACE_STYLE_FILL_AREA(#14742);
#14742 = FILL_AREA_STYLE('',(#14743));
#14743 = FILL_AREA_STYLE_COLOUR('',#14561);
#14744 = STYLED_ITEM('color',(#14745),#2173);
#14745 = PRESENTATION_STYLE_ASSIGNMENT((#14746));
#14746 = SURFACE_STYLE_USAGE(.BOTH.,#14747);
#14747 = SURFACE_SIDE_STYLE('',(#14748));
#14748 = SURFACE_STYLE_FILL_AREA(#14749);
#14749 = FILL_AREA_STYLE('',(#14750));
#14750 = FILL_AREA_STYLE_COLOUR('',#14561);
#14751 = STYLED_ITEM('color',(#14752),#2190);
#14752 = PRESENTATION_STYLE_ASSIGNMENT((#14753));
#14753 = SURFACE_STYLE_USAGE(.BOTH.,#14754);
#14754 = SURFACE_SIDE_STYLE('',(#14755));
#14755 = SURFACE_STYLE_FILL_AREA(#14756);
#14756 = FILL_AREA_STYLE('',(#14757));
#14757 = FILL_AREA_STYLE_COLOUR('',#14561);
#14758 = STYLED_ITEM('color',(#14759),#2207);
#14759 = PRESENTATION_STYLE_ASSIGNMENT((#14760));
#14760 = SURFACE_STYLE_USAGE(.BOTH.,#14761);
#14761 = SURFACE_SIDE_STYLE('',(#14762));
#14762 = SURFACE_STYLE_FILL_AREA(#14763);
#14763 = FILL_AREA_STYLE('',(#14764));
#14764 = FILL_AREA_STYLE_COLOUR('',#14561);
#14765 = STYLED_ITEM('color',(#14766),#2224);
#14766 = PRESENTATION_STYLE_ASSIGNMENT((#14767));
#14767 = SURFACE_STYLE_USAGE(.BOTH.,#14768);
#14768 = SURFACE_SIDE_STYLE('',(#14769));
#14769 = SURFACE_STYLE_FILL_AREA(#14770);
#14770 = FILL_AREA_STYLE('',(#14771));
#14771 = FILL_AREA_STYLE_COLOUR('',#14561);
#14772 = STYLED_ITEM('color',(#14773),#2241);
#14773 = PRESENTATION_STYLE_ASSIGNMENT((#14774));
#14774 = SURFACE_STYLE_USAGE(.BOTH.,#14775);
#14775 = SURFACE_SIDE_STYLE('',(#14776));
#14776 = SURFACE_STYLE_FILL_AREA(#14777);
#14777 = FILL_AREA_STYLE('',(#14778));
#14778 = FILL_AREA_STYLE_COLOUR('',#14561);
#14779 = STYLED_ITEM('color',(#14780),#2258);
#14780 = PRESENTATION_STYLE_ASSIGNMENT((#14781));
#14781 = SURFACE_STYLE_USAGE(.BOTH.,#14782);
#14782 = SURFACE_SIDE_STYLE('',(#14783));
#14783 = SURFACE_STYLE_FILL_AREA(#14784);
#14784 = FILL_AREA_STYLE('',(#14785));
#14785 = FILL_AREA_STYLE_COLOUR('',#14561);
#14786 = STYLED_ITEM('color',(#14787),#2275);
#14787 = PRESENTATION_STYLE_ASSIGNMENT((#14788));
#14788 = SURFACE_STYLE_USAGE(.BOTH.,#14789);
#14789 = SURFACE_SIDE_STYLE('',(#14790));
#14790 = SURFACE_STYLE_FILL_AREA(#14791);
#14791 = FILL_AREA_STYLE('',(#14792));
#14792 = FILL_AREA_STYLE_COLOUR('',#14561);
#14793 = STYLED_ITEM('color',(#14794),#2292);
#14794 = PRESENTATION_STYLE_ASSIGNMENT((#14795));
#14795 = SURFACE_STYLE_USAGE(.BOTH.,#14796);
#14796 = SURFACE_SIDE_STYLE('',(#14797));
#14797 = SURFACE_STYLE_FILL_AREA(#14798);
#14798 = FILL_AREA_STYLE('',(#14799));
#14799 = FILL_AREA_STYLE_COLOUR('',#14561);
#14800 = STYLED_ITEM('color',(#14801),#2309);
#14801 = PRESENTATION_STYLE_ASSIGNMENT((#14802));
#14802 = SURFACE_STYLE_USAGE(.BOTH.,#14803);
#14803 = SURFACE_SIDE_STYLE('',(#14804));
#14804 = SURFACE_STYLE_FILL_AREA(#14805);
#14805 = FILL_AREA_STYLE('',(#14806));
#14806 = FILL_AREA_STYLE_COLOUR('',#14561);
#14807 = STYLED_ITEM('color',(#14808),#2326);
#14808 = PRESENTATION_STYLE_ASSIGNMENT((#14809));
#14809 = SURFACE_STYLE_USAGE(.BOTH.,#14810);
#14810 = SURFACE_SIDE_STYLE('',(#14811));
#14811 = SURFACE_STYLE_FILL_AREA(#14812);
#14812 = FILL_AREA_STYLE('',(#14813));
#14813 = FILL_AREA_STYLE_COLOUR('',#14561);
#14814 = STYLED_ITEM('color',(#14815),#2343);
#14815 = PRESENTATION_STYLE_ASSIGNMENT((#14816));
#14816 = SURFACE_STYLE_USAGE(.BOTH.,#14817);
#14817 = SURFACE_SIDE_STYLE('',(#14818));
#14818 = SURFACE_STYLE_FILL_AREA(#14819);
#14819 = FILL_AREA_STYLE('',(#14820));
#14820 = FILL_AREA_STYLE_COLOUR('',#14561);
#14821 = STYLED_ITEM('color',(#14822),#2360);
#14822 = PRESENTATION_STYLE_ASSIGNMENT((#14823));
#14823 = SURFACE_STYLE_USAGE(.BOTH.,#14824);
#14824 = SURFACE_SIDE_STYLE('',(#14825));
#14825 = SURFACE_STYLE_FILL_AREA(#14826);
#14826 = FILL_AREA_STYLE('',(#14827));
#14827 = FILL_AREA_STYLE_COLOUR('',#14561);
#14828 = STYLED_ITEM('color',(#14829),#2377);
#14829 = PRESENTATION_STYLE_ASSIGNMENT((#14830));
#14830 = SURFACE_STYLE_USAGE(.BOTH.,#14831);
#14831 = SURFACE_SIDE_STYLE('',(#14832));
#14832 = SURFACE_STYLE_FILL_AREA(#14833);
#14833 = FILL_AREA_STYLE('',(#14834));
#14834 = FILL_AREA_STYLE_COLOUR('',#14561);
#14835 = STYLED_ITEM('color',(#14836),#2394);
#14836 = PRESENTATION_STYLE_ASSIGNMENT((#14837));
#14837 = SURFACE_STYLE_USAGE(.BOTH.,#14838);
#14838 = SURFACE_SIDE_STYLE('',(#14839));
#14839 = SURFACE_STYLE_FILL_AREA(#14840);
#14840 = FILL_AREA_STYLE('',(#14841));
#14841 = FILL_AREA_STYLE_COLOUR('',#14561);
#14842 = STYLED_ITEM('color',(#14843),#2411);
#14843 = PRESENTATION_STYLE_ASSIGNMENT((#14844));
#14844 = SURFACE_STYLE_USAGE(.BOTH.,#14845);
#14845 = SURFACE_SIDE_STYLE('',(#14846));
#14846 = SURFACE_STYLE_FILL_AREA(#14847);
#14847 = FILL_AREA_STYLE('',(#14848));
#14848 = FILL_AREA_STYLE_COLOUR('',#14561);
#14849 = STYLED_ITEM('color',(#14850),#2428);
#14850 = PRESENTATION_STYLE_ASSIGNMENT((#14851));
#14851 = SURFACE_STYLE_USAGE(.BOTH.,#14852);
#14852 = SURFACE_SIDE_STYLE('',(#14853));
#14853 = SURFACE_STYLE_FILL_AREA(#14854);
#14854 = FILL_AREA_STYLE('',(#14855));
#14855 = FILL_AREA_STYLE_COLOUR('',#14561);
#14856 = STYLED_ITEM('color',(#14857),#2445);
#14857 = PRESENTATION_STYLE_ASSIGNMENT((#14858));
#14858 = SURFACE_STYLE_USAGE(.BOTH.,#14859);
#14859 = SURFACE_SIDE_STYLE('',(#14860));
#14860 = SURFACE_STYLE_FILL_AREA(#14861);
#14861 = FILL_AREA_STYLE('',(#14862));
#14862 = FILL_AREA_STYLE_COLOUR('',#14561);
#14863 = STYLED_ITEM('color',(#14864),#2462);
#14864 = PRESENTATION_STYLE_ASSIGNMENT((#14865));
#14865 = SURFACE_STYLE_USAGE(.BOTH.,#14866);
#14866 = SURFACE_SIDE_STYLE('',(#14867));
#14867 = SURFACE_STYLE_FILL_AREA(#14868);
#14868 = FILL_AREA_STYLE('',(#14869));
#14869 = FILL_AREA_STYLE_COLOUR('',#14561);
#14870 = STYLED_ITEM('color',(#14871),#2479);
#14871 = PRESENTATION_STYLE_ASSIGNMENT((#14872));
#14872 = SURFACE_STYLE_USAGE(.BOTH.,#14873);
#14873 = SURFACE_SIDE_STYLE('',(#14874));
#14874 = SURFACE_STYLE_FILL_AREA(#14875);
#14875 = FILL_AREA_STYLE('',(#14876));
#14876 = FILL_AREA_STYLE_COLOUR('',#14561);
#14877 = STYLED_ITEM('color',(#14878),#2496);
#14878 = PRESENTATION_STYLE_ASSIGNMENT((#14879));
#14879 = SURFACE_STYLE_USAGE(.BOTH.,#14880);
#14880 = SURFACE_SIDE_STYLE('',(#14881));
#14881 = SURFACE_STYLE_FILL_AREA(#14882);
#14882 = FILL_AREA_STYLE('',(#14883));
#14883 = FILL_AREA_STYLE_COLOUR('',#14561);
#14884 = STYLED_ITEM('color',(#14885),#2513);
#14885 = PRESENTATION_STYLE_ASSIGNMENT((#14886));
#14886 = SURFACE_STYLE_USAGE(.BOTH.,#14887);
#14887 = SURFACE_SIDE_STYLE('',(#14888));
#14888 = SURFACE_STYLE_FILL_AREA(#14889);
#14889 = FILL_AREA_STYLE('',(#14890));
#14890 = FILL_AREA_STYLE_COLOUR('',#14561);
#14891 = STYLED_ITEM('color',(#14892),#2530);
#14892 = PRESENTATION_STYLE_ASSIGNMENT((#14893));
#14893 = SURFACE_STYLE_USAGE(.BOTH.,#14894);
#14894 = SURFACE_SIDE_STYLE('',(#14895));
#14895 = SURFACE_STYLE_FILL_AREA(#14896);
#14896 = FILL_AREA_STYLE('',(#14897));
#14897 = FILL_AREA_STYLE_COLOUR('',#14561);
#14898 = STYLED_ITEM('color',(#14899),#2547);
#14899 = PRESENTATION_STYLE_ASSIGNMENT((#14900));
#14900 = SURFACE_STYLE_USAGE(.BOTH.,#14901);
#14901 = SURFACE_SIDE_STYLE('',(#14902));
#14902 = SURFACE_STYLE_FILL_AREA(#14903);
#14903 = FILL_AREA_STYLE('',(#14904));
#14904 = FILL_AREA_STYLE_COLOUR('',#14561);
#14905 = STYLED_ITEM('color',(#14906),#2564);
#14906 = PRESENTATION_STYLE_ASSIGNMENT((#14907));
#14907 = SURFACE_STYLE_USAGE(.BOTH.,#14908);
#14908 = SURFACE_SIDE_STYLE('',(#14909));
#14909 = SURFACE_STYLE_FILL_AREA(#14910);
#14910 = FILL_AREA_STYLE('',(#14911));
#14911 = FILL_AREA_STYLE_COLOUR('',#14561);
#14912 = STYLED_ITEM('color',(#14913),#2581);
#14913 = PRESENTATION_STYLE_ASSIGNMENT((#14914));
#14914 = SURFACE_STYLE_USAGE(.BOTH.,#14915);
#14915 = SURFACE_SIDE_STYLE('',(#14916));
#14916 = SURFACE_STYLE_FILL_AREA(#14917);
#14917 = FILL_AREA_STYLE('',(#14918));
#14918 = FILL_AREA_STYLE_COLOUR('',#14561);
#14919 = STYLED_ITEM('color',(#14920),#2598);
#14920 = PRESENTATION_STYLE_ASSIGNMENT((#14921));
#14921 = SURFACE_STYLE_USAGE(.BOTH.,#14922);
#14922 = SURFACE_SIDE_STYLE('',(#14923));
#14923 = SURFACE_STYLE_FILL_AREA(#14924);
#14924 = FILL_AREA_STYLE('',(#14925));
#14925 = FILL_AREA_STYLE_COLOUR('',#14561);
#14926 = STYLED_ITEM('color',(#14927),#2615);
#14927 = PRESENTATION_STYLE_ASSIGNMENT((#14928));
#14928 = SURFACE_STYLE_USAGE(.BOTH.,#14929);
#14929 = SURFACE_SIDE_STYLE('',(#14930));
#14930 = SURFACE_STYLE_FILL_AREA(#14931);
#14931 = FILL_AREA_STYLE('',(#14932));
#14932 = FILL_AREA_STYLE_COLOUR('',#14561);
#14933 = STYLED_ITEM('color',(#14934),#2632);
#14934 = PRESENTATION_STYLE_ASSIGNMENT((#14935));
#14935 = SURFACE_STYLE_USAGE(.BOTH.,#14936);
#14936 = SURFACE_SIDE_STYLE('',(#14937));
#14937 = SURFACE_STYLE_FILL_AREA(#14938);
#14938 = FILL_AREA_STYLE('',(#14939));
#14939 = FILL_AREA_STYLE_COLOUR('',#14561);
#14940 = STYLED_ITEM('color',(#14941),#2649);
#14941 = PRESENTATION_STYLE_ASSIGNMENT((#14942));
#14942 = SURFACE_STYLE_USAGE(.BOTH.,#14943);
#14943 = SURFACE_SIDE_STYLE('',(#14944));
#14944 = SURFACE_STYLE_FILL_AREA(#14945);
#14945 = FILL_AREA_STYLE('',(#14946));
#14946 = FILL_AREA_STYLE_COLOUR('',#14561);
#14947 = STYLED_ITEM('color',(#14948),#2666);
#14948 = PRESENTATION_STYLE_ASSIGNMENT((#14949));
#14949 = SURFACE_STYLE_USAGE(.BOTH.,#14950);
#14950 = SURFACE_SIDE_STYLE('',(#14951));
#14951 = SURFACE_STYLE_FILL_AREA(#14952);
#14952 = FILL_AREA_STYLE('',(#14953));
#14953 = FILL_AREA_STYLE_COLOUR('',#14561);
#14954 = STYLED_ITEM('color',(#14955),#2683);
#14955 = PRESENTATION_STYLE_ASSIGNMENT((#14956));
#14956 = SURFACE_STYLE_USAGE(.BOTH.,#14957);
#14957 = SURFACE_SIDE_STYLE('',(#14958));
#14958 = SURFACE_STYLE_FILL_AREA(#14959);
#14959 = FILL_AREA_STYLE('',(#14960));
#14960 = FILL_AREA_STYLE_COLOUR('',#14561);
#14961 = STYLED_ITEM('color',(#14962),#2700);
#14962 = PRESENTATION_STYLE_ASSIGNMENT((#14963));
#14963 = SURFACE_STYLE_USAGE(.BOTH.,#14964);
#14964 = SURFACE_SIDE_STYLE('',(#14965));
#14965 = SURFACE_STYLE_FILL_AREA(#14966);
#14966 = FILL_AREA_STYLE('',(#14967));
#14967 = FILL_AREA_STYLE_COLOUR('',#14561);
#14968 = STYLED_ITEM('color',(#14969),#2717);
#14969 = PRESENTATION_STYLE_ASSIGNMENT((#14970));
#14970 = SURFACE_STYLE_USAGE(.BOTH.,#14971);
#14971 = SURFACE_SIDE_STYLE('',(#14972));
#14972 = SURFACE_STYLE_FILL_AREA(#14973);
#14973 = FILL_AREA_STYLE('',(#14974));
#14974 = FILL_AREA_STYLE_COLOUR('',#14561);
#14975 = STYLED_ITEM('color',(#14976),#2734);
#14976 = PRESENTATION_STYLE_ASSIGNMENT((#14977));
#14977 = SURFACE_STYLE_USAGE(.BOTH.,#14978);
#14978 = SURFACE_SIDE_STYLE('',(#14979));
#14979 = SURFACE_STYLE_FILL_AREA(#14980);
#14980 = FILL_AREA_STYLE('',(#14981));
#14981 = FILL_AREA_STYLE_COLOUR('',#14561);
#14982 = STYLED_ITEM('color',(#14983),#2751);
#14983 = PRESENTATION_STYLE_ASSIGNMENT((#14984));
#14984 = SURFACE_STYLE_USAGE(.BOTH.,#14985);
#14985 = SURFACE_SIDE_STYLE('',(#14986));
#14986 = SURFACE_STYLE_FILL_AREA(#14987);
#14987 = FILL_AREA_STYLE('',(#14988));
#14988 = FILL_AREA_STYLE_COLOUR('',#14561);
#14989 = STYLED_ITEM('color',(#14990),#2768);
#14990 = PRESENTATION_STYLE_ASSIGNMENT((#14991));
#14991 = SURFACE_STYLE_USAGE(.BOTH.,#14992);
#14992 = SURFACE_SIDE_STYLE('',(#14993));
#14993 = SURFACE_STYLE_FILL_AREA(#14994);
#14994 = FILL_AREA_STYLE('',(#14995));
#14995 = FILL_AREA_STYLE_COLOUR('',#14561);
#14996 = STYLED_ITEM('color',(#14997),#2785);
#14997 = PRESENTATION_STYLE_ASSIGNMENT((#14998));
#14998 = SURFACE_STYLE_USAGE(.BOTH.,#14999);
#14999 = SURFACE_SIDE_STYLE('',(#15000));
#15000 = SURFACE_STYLE_FILL_AREA(#15001);
#15001 = FILL_AREA_STYLE('',(#15002));
#15002 = FILL_AREA_STYLE_COLOUR('',#14561);
#15003 = STYLED_ITEM('color',(#15004),#2797);
#15004 = PRESENTATION_STYLE_ASSIGNMENT((#15005));
#15005 = SURFACE_STYLE_USAGE(.BOTH.,#15006);
#15006 = SURFACE_SIDE_STYLE('',(#15007));
#15007 = SURFACE_STYLE_FILL_AREA(#15008);
#15008 = FILL_AREA_STYLE('',(#15009));
#15009 = FILL_AREA_STYLE_COLOUR('',#15010);
#15010 = COLOUR_RGB('',0.859000020776,0.737999965183,0.495999988746);
#15011 = STYLED_ITEM('color',(#15012),#2828);
#15012 = PRESENTATION_STYLE_ASSIGNMENT((#15013));
#15013 = SURFACE_STYLE_USAGE(.BOTH.,#15014);
#15014 = SURFACE_SIDE_STYLE('',(#15015));
#15015 = SURFACE_STYLE_FILL_AREA(#15016);
#15016 = FILL_AREA_STYLE('',(#15017));
#15017 = FILL_AREA_STYLE_COLOUR('',#15010);
#15018 = STYLED_ITEM('color',(#15019),#2852);
#15019 = PRESENTATION_STYLE_ASSIGNMENT((#15020));
#15020 = SURFACE_STYLE_USAGE(.BOTH.,#15021);
#15021 = SURFACE_SIDE_STYLE('',(#15022));
#15022 = SURFACE_STYLE_FILL_AREA(#15023);
#15023 = FILL_AREA_STYLE('',(#15024));
#15024 = FILL_AREA_STYLE_COLOUR('',#15010);
#15025 = STYLED_ITEM('color',(#15026),#2876);
#15026 = PRESENTATION_STYLE_ASSIGNMENT((#15027));
#15027 = SURFACE_STYLE_USAGE(.BOTH.,#15028);
#15028 = SURFACE_SIDE_STYLE('',(#15029));
#15029 = SURFACE_STYLE_FILL_AREA(#15030);
#15030 = FILL_AREA_STYLE('',(#15031));
#15031 = FILL_AREA_STYLE_COLOUR('',#15010);
#15032 = STYLED_ITEM('color',(#15033),#2893);
#15033 = PRESENTATION_STYLE_ASSIGNMENT((#15034));
#15034 = SURFACE_STYLE_USAGE(.BOTH.,#15035);
#15035 = SURFACE_SIDE_STYLE('',(#15036));
#15036 = SURFACE_STYLE_FILL_AREA(#15037);
#15037 = FILL_AREA_STYLE('',(#15038));
#15038 = FILL_AREA_STYLE_COLOUR('',#15010);
#15039 = STYLED_ITEM('color',(#15040),#2924);
#15040 = PRESENTATION_STYLE_ASSIGNMENT((#15041));
#15041 = SURFACE_STYLE_USAGE(.BOTH.,#15042);
#15042 = SURFACE_SIDE_STYLE('',(#15043));
#15043 = SURFACE_STYLE_FILL_AREA(#15044);
#15044 = FILL_AREA_STYLE('',(#15045));
#15045 = FILL_AREA_STYLE_COLOUR('',#15010);
#15046 = STYLED_ITEM('color',(#15047),#2948);
#15047 = PRESENTATION_STYLE_ASSIGNMENT((#15048));
#15048 = SURFACE_STYLE_USAGE(.BOTH.,#15049);
#15049 = SURFACE_SIDE_STYLE('',(#15050));
#15050 = SURFACE_STYLE_FILL_AREA(#15051);
#15051 = FILL_AREA_STYLE('',(#15052));
#15052 = FILL_AREA_STYLE_COLOUR('',#15010);
#15053 = STYLED_ITEM('color',(#15054),#2972);
#15054 = PRESENTATION_STYLE_ASSIGNMENT((#15055));
#15055 = SURFACE_STYLE_USAGE(.BOTH.,#15056);
#15056 = SURFACE_SIDE_STYLE('',(#15057));
#15057 = SURFACE_STYLE_FILL_AREA(#15058);
#15058 = FILL_AREA_STYLE('',(#15059));
#15059 = FILL_AREA_STYLE_COLOUR('',#15010);
#15060 = STYLED_ITEM('color',(#15061),#2989);
#15061 = PRESENTATION_STYLE_ASSIGNMENT((#15062));
#15062 = SURFACE_STYLE_USAGE(.BOTH.,#15063);
#15063 = SURFACE_SIDE_STYLE('',(#15064));
#15064 = SURFACE_STYLE_FILL_AREA(#15065);
#15065 = FILL_AREA_STYLE('',(#15066));
#15066 = FILL_AREA_STYLE_COLOUR('',#15010);
#15067 = STYLED_ITEM('color',(#15068),#3020);
#15068 = PRESENTATION_STYLE_ASSIGNMENT((#15069));
#15069 = SURFACE_STYLE_USAGE(.BOTH.,#15070);
#15070 = SURFACE_SIDE_STYLE('',(#15071));
#15071 = SURFACE_STYLE_FILL_AREA(#15072);
#15072 = FILL_AREA_STYLE('',(#15073));
#15073 = FILL_AREA_STYLE_COLOUR('',#15010);
#15074 = STYLED_ITEM('color',(#15075),#3044);
#15075 = PRESENTATION_STYLE_ASSIGNMENT((#15076));
#15076 = SURFACE_STYLE_USAGE(.BOTH.,#15077);
#15077 = SURFACE_SIDE_STYLE('',(#15078));
#15078 = SURFACE_STYLE_FILL_AREA(#15079);
#15079 = FILL_AREA_STYLE('',(#15080));
#15080 = FILL_AREA_STYLE_COLOUR('',#15010);
#15081 = STYLED_ITEM('color',(#15082),#3068);
#15082 = PRESENTATION_STYLE_ASSIGNMENT((#15083));
#15083 = SURFACE_STYLE_USAGE(.BOTH.,#15084);
#15084 = SURFACE_SIDE_STYLE('',(#15085));
#15085 = SURFACE_STYLE_FILL_AREA(#15086);
#15086 = FILL_AREA_STYLE('',(#15087));
#15087 = FILL_AREA_STYLE_COLOUR('',#15010);
#15088 = STYLED_ITEM('color',(#15089),#3085);
#15089 = PRESENTATION_STYLE_ASSIGNMENT((#15090));
#15090 = SURFACE_STYLE_USAGE(.BOTH.,#15091);
#15091 = SURFACE_SIDE_STYLE('',(#15092));
#15092 = SURFACE_STYLE_FILL_AREA(#15093);
#15093 = FILL_AREA_STYLE('',(#15094));
#15094 = FILL_AREA_STYLE_COLOUR('',#15010);
#15095 = STYLED_ITEM('color',(#15096),#3116);
#15096 = PRESENTATION_STYLE_ASSIGNMENT((#15097));
#15097 = SURFACE_STYLE_USAGE(.BOTH.,#15098);
#15098 = SURFACE_SIDE_STYLE('',(#15099));
#15099 = SURFACE_STYLE_FILL_AREA(#15100);
#15100 = FILL_AREA_STYLE('',(#15101));
#15101 = FILL_AREA_STYLE_COLOUR('',#15010);
#15102 = STYLED_ITEM('color',(#15103),#3140);
#15103 = PRESENTATION_STYLE_ASSIGNMENT((#15104));
#15104 = SURFACE_STYLE_USAGE(.BOTH.,#15105);
#15105 = SURFACE_SIDE_STYLE('',(#15106));
#15106 = SURFACE_STYLE_FILL_AREA(#15107);
#15107 = FILL_AREA_STYLE('',(#15108));
#15108 = FILL_AREA_STYLE_COLOUR('',#15010);
#15109 = STYLED_ITEM('color',(#15110),#3164);
#15110 = PRESENTATION_STYLE_ASSIGNMENT((#15111));
#15111 = SURFACE_STYLE_USAGE(.BOTH.,#15112);
#15112 = SURFACE_SIDE_STYLE('',(#15113));
#15113 = SURFACE_STYLE_FILL_AREA(#15114);
#15114 = FILL_AREA_STYLE('',(#15115));
#15115 = FILL_AREA_STYLE_COLOUR('',#15010);
#15116 = STYLED_ITEM('color',(#15117),#3181);
#15117 = PRESENTATION_STYLE_ASSIGNMENT((#15118));
#15118 = SURFACE_STYLE_USAGE(.BOTH.,#15119);
#15119 = SURFACE_SIDE_STYLE('',(#15120));
#15120 = SURFACE_STYLE_FILL_AREA(#15121);
#15121 = FILL_AREA_STYLE('',(#15122));
#15122 = FILL_AREA_STYLE_COLOUR('',#15010);
#15123 = STYLED_ITEM('color',(#15124),#3212);
#15124 = PRESENTATION_STYLE_ASSIGNMENT((#15125));
#15125 = SURFACE_STYLE_USAGE(.BOTH.,#15126);
#15126 = SURFACE_SIDE_STYLE('',(#15127));
#15127 = SURFACE_STYLE_FILL_AREA(#15128);
#15128 = FILL_AREA_STYLE('',(#15129));
#15129 = FILL_AREA_STYLE_COLOUR('',#15010);
#15130 = STYLED_ITEM('color',(#15131),#3236);
#15131 = PRESENTATION_STYLE_ASSIGNMENT((#15132));
#15132 = SURFACE_STYLE_USAGE(.BOTH.,#15133);
#15133 = SURFACE_SIDE_STYLE('',(#15134));
#15134 = SURFACE_STYLE_FILL_AREA(#15135);
#15135 = FILL_AREA_STYLE('',(#15136));
#15136 = FILL_AREA_STYLE_COLOUR('',#15010);
#15137 = STYLED_ITEM('color',(#15138),#3260);
#15138 = PRESENTATION_STYLE_ASSIGNMENT((#15139));
#15139 = SURFACE_STYLE_USAGE(.BOTH.,#15140);
#15140 = SURFACE_SIDE_STYLE('',(#15141));
#15141 = SURFACE_STYLE_FILL_AREA(#15142);
#15142 = FILL_AREA_STYLE('',(#15143));
#15143 = FILL_AREA_STYLE_COLOUR('',#15010);
#15144 = STYLED_ITEM('color',(#15145),#3277);
#15145 = PRESENTATION_STYLE_ASSIGNMENT((#15146));
#15146 = SURFACE_STYLE_USAGE(.BOTH.,#15147);
#15147 = SURFACE_SIDE_STYLE('',(#15148));
#15148 = SURFACE_STYLE_FILL_AREA(#15149);
#15149 = FILL_AREA_STYLE('',(#15150));
#15150 = FILL_AREA_STYLE_COLOUR('',#15010);
#15151 = STYLED_ITEM('color',(#15152),#3308);
#15152 = PRESENTATION_STYLE_ASSIGNMENT((#15153));
#15153 = SURFACE_STYLE_USAGE(.BOTH.,#15154);
#15154 = SURFACE_SIDE_STYLE('',(#15155));
#15155 = SURFACE_STYLE_FILL_AREA(#15156);
#15156 = FILL_AREA_STYLE('',(#15157));
#15157 = FILL_AREA_STYLE_COLOUR('',#15010);
#15158 = STYLED_ITEM('color',(#15159),#3332);
#15159 = PRESENTATION_STYLE_ASSIGNMENT((#15160));
#15160 = SURFACE_STYLE_USAGE(.BOTH.,#15161);
#15161 = SURFACE_SIDE_STYLE('',(#15162));
#15162 = SURFACE_STYLE_FILL_AREA(#15163);
#15163 = FILL_AREA_STYLE('',(#15164));
#15164 = FILL_AREA_STYLE_COLOUR('',#15010);
#15165 = STYLED_ITEM('color',(#15166),#3356);
#15166 = PRESENTATION_STYLE_ASSIGNMENT((#15167));
#15167 = SURFACE_STYLE_USAGE(.BOTH.,#15168);
#15168 = SURFACE_SIDE_STYLE('',(#15169));
#15169 = SURFACE_STYLE_FILL_AREA(#15170);
#15170 = FILL_AREA_STYLE('',(#15171));
#15171 = FILL_AREA_STYLE_COLOUR('',#15010);
#15172 = STYLED_ITEM('color',(#15173),#3373);
#15173 = PRESENTATION_STYLE_ASSIGNMENT((#15174));
#15174 = SURFACE_STYLE_USAGE(.BOTH.,#15175);
#15175 = SURFACE_SIDE_STYLE('',(#15176));
#15176 = SURFACE_STYLE_FILL_AREA(#15177);
#15177 = FILL_AREA_STYLE('',(#15178));
#15178 = FILL_AREA_STYLE_COLOUR('',#15010);
#15179 = STYLED_ITEM('color',(#15180),#3404);
#15180 = PRESENTATION_STYLE_ASSIGNMENT((#15181));
#15181 = SURFACE_STYLE_USAGE(.BOTH.,#15182);
#15182 = SURFACE_SIDE_STYLE('',(#15183));
#15183 = SURFACE_STYLE_FILL_AREA(#15184);
#15184 = FILL_AREA_STYLE('',(#15185));
#15185 = FILL_AREA_STYLE_COLOUR('',#15010);
#15186 = STYLED_ITEM('color',(#15187),#3428);
#15187 = PRESENTATION_STYLE_ASSIGNMENT((#15188));
#15188 = SURFACE_STYLE_USAGE(.BOTH.,#15189);
#15189 = SURFACE_SIDE_STYLE('',(#15190));
#15190 = SURFACE_STYLE_FILL_AREA(#15191);
#15191 = FILL_AREA_STYLE('',(#15192));
#15192 = FILL_AREA_STYLE_COLOUR('',#15010);
#15193 = STYLED_ITEM('color',(#15194),#3452);
#15194 = PRESENTATION_STYLE_ASSIGNMENT((#15195));
#15195 = SURFACE_STYLE_USAGE(.BOTH.,#15196);
#15196 = SURFACE_SIDE_STYLE('',(#15197));
#15197 = SURFACE_STYLE_FILL_AREA(#15198);
#15198 = FILL_AREA_STYLE('',(#15199));
#15199 = FILL_AREA_STYLE_COLOUR('',#15010);
#15200 = STYLED_ITEM('color',(#15201),#3469);
#15201 = PRESENTATION_STYLE_ASSIGNMENT((#15202));
#15202 = SURFACE_STYLE_USAGE(.BOTH.,#15203);
#15203 = SURFACE_SIDE_STYLE('',(#15204));
#15204 = SURFACE_STYLE_FILL_AREA(#15205);
#15205 = FILL_AREA_STYLE('',(#15206));
#15206 = FILL_AREA_STYLE_COLOUR('',#15010);
#15207 = STYLED_ITEM('color',(#15208),#3500);
#15208 = PRESENTATION_STYLE_ASSIGNMENT((#15209));
#15209 = SURFACE_STYLE_USAGE(.BOTH.,#15210);
#15210 = SURFACE_SIDE_STYLE('',(#15211));
#15211 = SURFACE_STYLE_FILL_AREA(#15212);
#15212 = FILL_AREA_STYLE('',(#15213));
#15213 = FILL_AREA_STYLE_COLOUR('',#15010);
#15214 = STYLED_ITEM('color',(#15215),#3524);
#15215 = PRESENTATION_STYLE_ASSIGNMENT((#15216));
#15216 = SURFACE_STYLE_USAGE(.BOTH.,#15217);
#15217 = SURFACE_SIDE_STYLE('',(#15218));
#15218 = SURFACE_STYLE_FILL_AREA(#15219);
#15219 = FILL_AREA_STYLE('',(#15220));
#15220 = FILL_AREA_STYLE_COLOUR('',#15010);
#15221 = STYLED_ITEM('color',(#15222),#3548);
#15222 = PRESENTATION_STYLE_ASSIGNMENT((#15223));
#15223 = SURFACE_STYLE_USAGE(.BOTH.,#15224);
#15224 = SURFACE_SIDE_STYLE('',(#15225));
#15225 = SURFACE_STYLE_FILL_AREA(#15226);
#15226 = FILL_AREA_STYLE('',(#15227));
#15227 = FILL_AREA_STYLE_COLOUR('',#15010);
#15228 = STYLED_ITEM('color',(#15229),#3565);
#15229 = PRESENTATION_STYLE_ASSIGNMENT((#15230));
#15230 = SURFACE_STYLE_USAGE(.BOTH.,#15231);
#15231 = SURFACE_SIDE_STYLE('',(#15232));
#15232 = SURFACE_STYLE_FILL_AREA(#15233);
#15233 = FILL_AREA_STYLE('',(#15234));
#15234 = FILL_AREA_STYLE_COLOUR('',#15010);
#15235 = STYLED_ITEM('color',(#15236),#3596);
#15236 = PRESENTATION_STYLE_ASSIGNMENT((#15237));
#15237 = SURFACE_STYLE_USAGE(.BOTH.,#15238);
#15238 = SURFACE_SIDE_STYLE('',(#15239));
#15239 = SURFACE_STYLE_FILL_AREA(#15240);
#15240 = FILL_AREA_STYLE('',(#15241));
#15241 = FILL_AREA_STYLE_COLOUR('',#15010);
#15242 = STYLED_ITEM('color',(#15243),#3620);
#15243 = PRESENTATION_STYLE_ASSIGNMENT((#15244));
#15244 = SURFACE_STYLE_USAGE(.BOTH.,#15245);
#15245 = SURFACE_SIDE_STYLE('',(#15246));
#15246 = SURFACE_STYLE_FILL_AREA(#15247);
#15247 = FILL_AREA_STYLE('',(#15248));
#15248 = FILL_AREA_STYLE_COLOUR('',#15010);
#15249 = STYLED_ITEM('color',(#15250),#3644);
#15250 = PRESENTATION_STYLE_ASSIGNMENT((#15251));
#15251 = SURFACE_STYLE_USAGE(.BOTH.,#15252);
#15252 = SURFACE_SIDE_STYLE('',(#15253));
#15253 = SURFACE_STYLE_FILL_AREA(#15254);
#15254 = FILL_AREA_STYLE('',(#15255));
#15255 = FILL_AREA_STYLE_COLOUR('',#15010);
#15256 = STYLED_ITEM('color',(#15257),#3661);
#15257 = PRESENTATION_STYLE_ASSIGNMENT((#15258));
#15258 = SURFACE_STYLE_USAGE(.BOTH.,#15259);
#15259 = SURFACE_SIDE_STYLE('',(#15260));
#15260 = SURFACE_STYLE_FILL_AREA(#15261);
#15261 = FILL_AREA_STYLE('',(#15262));
#15262 = FILL_AREA_STYLE_COLOUR('',#15010);
#15263 = STYLED_ITEM('color',(#15264),#3692);
#15264 = PRESENTATION_STYLE_ASSIGNMENT((#15265));
#15265 = SURFACE_STYLE_USAGE(.BOTH.,#15266);
#15266 = SURFACE_SIDE_STYLE('',(#15267));
#15267 = SURFACE_STYLE_FILL_AREA(#15268);
#15268 = FILL_AREA_STYLE('',(#15269));
#15269 = FILL_AREA_STYLE_COLOUR('',#15010);
#15270 = STYLED_ITEM('color',(#15271),#3716);
#15271 = PRESENTATION_STYLE_ASSIGNMENT((#15272));
#15272 = SURFACE_STYLE_USAGE(.BOTH.,#15273);
#15273 = SURFACE_SIDE_STYLE('',(#15274));
#15274 = SURFACE_STYLE_FILL_AREA(#15275);
#15275 = FILL_AREA_STYLE('',(#15276));
#15276 = FILL_AREA_STYLE_COLOUR('',#15010);
#15277 = STYLED_ITEM('color',(#15278),#3740);
#15278 = PRESENTATION_STYLE_ASSIGNMENT((#15279));
#15279 = SURFACE_STYLE_USAGE(.BOTH.,#15280);
#15280 = SURFACE_SIDE_STYLE('',(#15281));
#15281 = SURFACE_STYLE_FILL_AREA(#15282);
#15282 = FILL_AREA_STYLE('',(#15283));
#15283 = FILL_AREA_STYLE_COLOUR('',#15010);
#15284 = STYLED_ITEM('color',(#15285),#3757);
#15285 = PRESENTATION_STYLE_ASSIGNMENT((#15286));
#15286 = SURFACE_STYLE_USAGE(.BOTH.,#15287);
#15287 = SURFACE_SIDE_STYLE('',(#15288));
#15288 = SURFACE_STYLE_FILL_AREA(#15289);
#15289 = FILL_AREA_STYLE('',(#15290));
#15290 = FILL_AREA_STYLE_COLOUR('',#15010);
#15291 = STYLED_ITEM('color',(#15292),#3788);
#15292 = PRESENTATION_STYLE_ASSIGNMENT((#15293));
#15293 = SURFACE_STYLE_USAGE(.BOTH.,#15294);
#15294 = SURFACE_SIDE_STYLE('',(#15295));
#15295 = SURFACE_STYLE_FILL_AREA(#15296);
#15296 = FILL_AREA_STYLE('',(#15297));
#15297 = FILL_AREA_STYLE_COLOUR('',#15010);
#15298 = STYLED_ITEM('color',(#15299),#3812);
#15299 = PRESENTATION_STYLE_ASSIGNMENT((#15300));
#15300 = SURFACE_STYLE_USAGE(.BOTH.,#15301);
#15301 = SURFACE_SIDE_STYLE('',(#15302));
#15302 = SURFACE_STYLE_FILL_AREA(#15303);
#15303 = FILL_AREA_STYLE('',(#15304));
#15304 = FILL_AREA_STYLE_COLOUR('',#15010);
#15305 = STYLED_ITEM('color',(#15306),#3836);
#15306 = PRESENTATION_STYLE_ASSIGNMENT((#15307));
#15307 = SURFACE_STYLE_USAGE(.BOTH.,#15308);
#15308 = SURFACE_SIDE_STYLE('',(#15309));
#15309 = SURFACE_STYLE_FILL_AREA(#15310);
#15310 = FILL_AREA_STYLE('',(#15311));
#15311 = FILL_AREA_STYLE_COLOUR('',#15010);
#15312 = STYLED_ITEM('color',(#15313),#3853);
#15313 = PRESENTATION_STYLE_ASSIGNMENT((#15314));
#15314 = SURFACE_STYLE_USAGE(.BOTH.,#15315);
#15315 = SURFACE_SIDE_STYLE('',(#15316));
#15316 = SURFACE_STYLE_FILL_AREA(#15317);
#15317 = FILL_AREA_STYLE('',(#15318));
#15318 = FILL_AREA_STYLE_COLOUR('',#15010);
#15319 = STYLED_ITEM('color',(#15320),#3884);
#15320 = PRESENTATION_STYLE_ASSIGNMENT((#15321));
#15321 = SURFACE_STYLE_USAGE(.BOTH.,#15322);
#15322 = SURFACE_SIDE_STYLE('',(#15323));
#15323 = SURFACE_STYLE_FILL_AREA(#15324);
#15324 = FILL_AREA_STYLE('',(#15325));
#15325 = FILL_AREA_STYLE_COLOUR('',#15010);
#15326 = STYLED_ITEM('color',(#15327),#3908);
#15327 = PRESENTATION_STYLE_ASSIGNMENT((#15328));
#15328 = SURFACE_STYLE_USAGE(.BOTH.,#15329);
#15329 = SURFACE_SIDE_STYLE('',(#15330));
#15330 = SURFACE_STYLE_FILL_AREA(#15331);
#15331 = FILL_AREA_STYLE('',(#15332));
#15332 = FILL_AREA_STYLE_COLOUR('',#15010);
#15333 = STYLED_ITEM('color',(#15334),#3932);
#15334 = PRESENTATION_STYLE_ASSIGNMENT((#15335));
#15335 = SURFACE_STYLE_USAGE(.BOTH.,#15336);
#15336 = SURFACE_SIDE_STYLE('',(#15337));
#15337 = SURFACE_STYLE_FILL_AREA(#15338);
#15338 = FILL_AREA_STYLE('',(#15339));
#15339 = FILL_AREA_STYLE_COLOUR('',#15010);
#15340 = STYLED_ITEM('color',(#15341),#3949);
#15341 = PRESENTATION_STYLE_ASSIGNMENT((#15342));
#15342 = SURFACE_STYLE_USAGE(.BOTH.,#15343);
#15343 = SURFACE_SIDE_STYLE('',(#15344));
#15344 = SURFACE_STYLE_FILL_AREA(#15345);
#15345 = FILL_AREA_STYLE('',(#15346));
#15346 = FILL_AREA_STYLE_COLOUR('',#15010);
#15347 = STYLED_ITEM('color',(#15348),#3980);
#15348 = PRESENTATION_STYLE_ASSIGNMENT((#15349));
#15349 = SURFACE_STYLE_USAGE(.BOTH.,#15350);
#15350 = SURFACE_SIDE_STYLE('',(#15351));
#15351 = SURFACE_STYLE_FILL_AREA(#15352);
#15352 = FILL_AREA_STYLE('',(#15353));
#15353 = FILL_AREA_STYLE_COLOUR('',#15010);
#15354 = STYLED_ITEM('color',(#15355),#4004);
#15355 = PRESENTATION_STYLE_ASSIGNMENT((#15356));
#15356 = SURFACE_STYLE_USAGE(.BOTH.,#15357);
#15357 = SURFACE_SIDE_STYLE('',(#15358));
#15358 = SURFACE_STYLE_FILL_AREA(#15359);
#15359 = FILL_AREA_STYLE('',(#15360));
#15360 = FILL_AREA_STYLE_COLOUR('',#15010);
#15361 = STYLED_ITEM('color',(#15362),#4028);
#15362 = PRESENTATION_STYLE_ASSIGNMENT((#15363));
#15363 = SURFACE_STYLE_USAGE(.BOTH.,#15364);
#15364 = SURFACE_SIDE_STYLE('',(#15365));
#15365 = SURFACE_STYLE_FILL_AREA(#15366);
#15366 = FILL_AREA_STYLE('',(#15367));
#15367 = FILL_AREA_STYLE_COLOUR('',#15010);
#15368 = STYLED_ITEM('color',(#15369),#4045);
#15369 = PRESENTATION_STYLE_ASSIGNMENT((#15370));
#15370 = SURFACE_STYLE_USAGE(.BOTH.,#15371);
#15371 = SURFACE_SIDE_STYLE('',(#15372));
#15372 = SURFACE_STYLE_FILL_AREA(#15373);
#15373 = FILL_AREA_STYLE('',(#15374));
#15374 = FILL_AREA_STYLE_COLOUR('',#15010);
#15375 = STYLED_ITEM('color',(#15376),#4076);
#15376 = PRESENTATION_STYLE_ASSIGNMENT((#15377));
#15377 = SURFACE_STYLE_USAGE(.BOTH.,#15378);
#15378 = SURFACE_SIDE_STYLE('',(#15379));
#15379 = SURFACE_STYLE_FILL_AREA(#15380);
#15380 = FILL_AREA_STYLE('',(#15381));
#15381 = FILL_AREA_STYLE_COLOUR('',#15010);
#15382 = STYLED_ITEM('color',(#15383),#4100);
#15383 = PRESENTATION_STYLE_ASSIGNMENT((#15384));
#15384 = SURFACE_STYLE_USAGE(.BOTH.,#15385);
#15385 = SURFACE_SIDE_STYLE('',(#15386));
#15386 = SURFACE_STYLE_FILL_AREA(#15387);
#15387 = FILL_AREA_STYLE('',(#15388));
#15388 = FILL_AREA_STYLE_COLOUR('',#15010);
#15389 = STYLED_ITEM('color',(#15390),#4124);
#15390 = PRESENTATION_STYLE_ASSIGNMENT((#15391));
#15391 = SURFACE_STYLE_USAGE(.BOTH.,#15392);
#15392 = SURFACE_SIDE_STYLE('',(#15393));
#15393 = SURFACE_STYLE_FILL_AREA(#15394);
#15394 = FILL_AREA_STYLE('',(#15395));
#15395 = FILL_AREA_STYLE_COLOUR('',#15010);
#15396 = STYLED_ITEM('color',(#15397),#4141);
#15397 = PRESENTATION_STYLE_ASSIGNMENT((#15398));
#15398 = SURFACE_STYLE_USAGE(.BOTH.,#15399);
#15399 = SURFACE_SIDE_STYLE('',(#15400));
#15400 = SURFACE_STYLE_FILL_AREA(#15401);
#15401 = FILL_AREA_STYLE('',(#15402));
#15402 = FILL_AREA_STYLE_COLOUR('',#15010);
#15403 = STYLED_ITEM('color',(#15404),#4172);
#15404 = PRESENTATION_STYLE_ASSIGNMENT((#15405));
#15405 = SURFACE_STYLE_USAGE(.BOTH.,#15406);
#15406 = SURFACE_SIDE_STYLE('',(#15407));
#15407 = SURFACE_STYLE_FILL_AREA(#15408);
#15408 = FILL_AREA_STYLE('',(#15409));
#15409 = FILL_AREA_STYLE_COLOUR('',#15010);
#15410 = STYLED_ITEM('color',(#15411),#4196);
#15411 = PRESENTATION_STYLE_ASSIGNMENT((#15412));
#15412 = SURFACE_STYLE_USAGE(.BOTH.,#15413);
#15413 = SURFACE_SIDE_STYLE('',(#15414));
#15414 = SURFACE_STYLE_FILL_AREA(#15415);
#15415 = FILL_AREA_STYLE('',(#15416));
#15416 = FILL_AREA_STYLE_COLOUR('',#15010);
#15417 = STYLED_ITEM('color',(#15418),#4220);
#15418 = PRESENTATION_STYLE_ASSIGNMENT((#15419));
#15419 = SURFACE_STYLE_USAGE(.BOTH.,#15420);
#15420 = SURFACE_SIDE_STYLE('',(#15421));
#15421 = SURFACE_STYLE_FILL_AREA(#15422);
#15422 = FILL_AREA_STYLE('',(#15423));
#15423 = FILL_AREA_STYLE_COLOUR('',#15010);
#15424 = STYLED_ITEM('color',(#15425),#4237);
#15425 = PRESENTATION_STYLE_ASSIGNMENT((#15426));
#15426 = SURFACE_STYLE_USAGE(.BOTH.,#15427);
#15427 = SURFACE_SIDE_STYLE('',(#15428));
#15428 = SURFACE_STYLE_FILL_AREA(#15429);
#15429 = FILL_AREA_STYLE('',(#15430));
#15430 = FILL_AREA_STYLE_COLOUR('',#15010);
#15431 = STYLED_ITEM('color',(#15432),#4268);
#15432 = PRESENTATION_STYLE_ASSIGNMENT((#15433));
#15433 = SURFACE_STYLE_USAGE(.BOTH.,#15434);
#15434 = SURFACE_SIDE_STYLE('',(#15435));
#15435 = SURFACE_STYLE_FILL_AREA(#15436);
#15436 = FILL_AREA_STYLE('',(#15437));
#15437 = FILL_AREA_STYLE_COLOUR('',#15010);
#15438 = STYLED_ITEM('color',(#15439),#4292);
#15439 = PRESENTATION_STYLE_ASSIGNMENT((#15440));
#15440 = SURFACE_STYLE_USAGE(.BOTH.,#15441);
#15441 = SURFACE_SIDE_STYLE('',(#15442));
#15442 = SURFACE_STYLE_FILL_AREA(#15443);
#15443 = FILL_AREA_STYLE('',(#15444));
#15444 = FILL_AREA_STYLE_COLOUR('',#15010);
#15445 = STYLED_ITEM('color',(#15446),#4316);
#15446 = PRESENTATION_STYLE_ASSIGNMENT((#15447));
#15447 = SURFACE_STYLE_USAGE(.BOTH.,#15448);
#15448 = SURFACE_SIDE_STYLE('',(#15449));
#15449 = SURFACE_STYLE_FILL_AREA(#15450);
#15450 = FILL_AREA_STYLE('',(#15451));
#15451 = FILL_AREA_STYLE_COLOUR('',#15010);
#15452 = STYLED_ITEM('color',(#15453),#4333);
#15453 = PRESENTATION_STYLE_ASSIGNMENT((#15454));
#15454 = SURFACE_STYLE_USAGE(.BOTH.,#15455);
#15455 = SURFACE_SIDE_STYLE('',(#15456));
#15456 = SURFACE_STYLE_FILL_AREA(#15457);
#15457 = FILL_AREA_STYLE('',(#15458));
#15458 = FILL_AREA_STYLE_COLOUR('',#15010);
#15459 = STYLED_ITEM('color',(#15460),#4364);
#15460 = PRESENTATION_STYLE_ASSIGNMENT((#15461));
#15461 = SURFACE_STYLE_USAGE(.BOTH.,#15462);
#15462 = SURFACE_SIDE_STYLE('',(#15463));
#15463 = SURFACE_STYLE_FILL_AREA(#15464);
#15464 = FILL_AREA_STYLE('',(#15465));
#15465 = FILL_AREA_STYLE_COLOUR('',#15010);
#15466 = STYLED_ITEM('color',(#15467),#4388);
#15467 = PRESENTATION_STYLE_ASSIGNMENT((#15468));
#15468 = SURFACE_STYLE_USAGE(.BOTH.,#15469);
#15469 = SURFACE_SIDE_STYLE('',(#15470));
#15470 = SURFACE_STYLE_FILL_AREA(#15471);
#15471 = FILL_AREA_STYLE('',(#15472));
#15472 = FILL_AREA_STYLE_COLOUR('',#15010);
#15473 = STYLED_ITEM('color',(#15474),#4412);
#15474 = PRESENTATION_STYLE_ASSIGNMENT((#15475));
#15475 = SURFACE_STYLE_USAGE(.BOTH.,#15476);
#15476 = SURFACE_SIDE_STYLE('',(#15477));
#15477 = SURFACE_STYLE_FILL_AREA(#15478);
#15478 = FILL_AREA_STYLE('',(#15479));
#15479 = FILL_AREA_STYLE_COLOUR('',#15010);
#15480 = STYLED_ITEM('color',(#15481),#4429);
#15481 = PRESENTATION_STYLE_ASSIGNMENT((#15482));
#15482 = SURFACE_STYLE_USAGE(.BOTH.,#15483);
#15483 = SURFACE_SIDE_STYLE('',(#15484));
#15484 = SURFACE_STYLE_FILL_AREA(#15485);
#15485 = FILL_AREA_STYLE('',(#15486));
#15486 = FILL_AREA_STYLE_COLOUR('',#15010);
#15487 = STYLED_ITEM('color',(#15488),#4460);
#15488 = PRESENTATION_STYLE_ASSIGNMENT((#15489));
#15489 = SURFACE_STYLE_USAGE(.BOTH.,#15490);
#15490 = SURFACE_SIDE_STYLE('',(#15491));
#15491 = SURFACE_STYLE_FILL_AREA(#15492);
#15492 = FILL_AREA_STYLE('',(#15493));
#15493 = FILL_AREA_STYLE_COLOUR('',#15010);
#15494 = STYLED_ITEM('color',(#15495),#4484);
#15495 = PRESENTATION_STYLE_ASSIGNMENT((#15496));
#15496 = SURFACE_STYLE_USAGE(.BOTH.,#15497);
#15497 = SURFACE_SIDE_STYLE('',(#15498));
#15498 = SURFACE_STYLE_FILL_AREA(#15499);
#15499 = FILL_AREA_STYLE('',(#15500));
#15500 = FILL_AREA_STYLE_COLOUR('',#15010);
#15501 = STYLED_ITEM('color',(#15502),#4508);
#15502 = PRESENTATION_STYLE_ASSIGNMENT((#15503));
#15503 = SURFACE_STYLE_USAGE(.BOTH.,#15504);
#15504 = SURFACE_SIDE_STYLE('',(#15505));
#15505 = SURFACE_STYLE_FILL_AREA(#15506);
#15506 = FILL_AREA_STYLE('',(#15507));
#15507 = FILL_AREA_STYLE_COLOUR('',#15010);
#15508 = STYLED_ITEM('color',(#15509),#4525);
#15509 = PRESENTATION_STYLE_ASSIGNMENT((#15510));
#15510 = SURFACE_STYLE_USAGE(.BOTH.,#15511);
#15511 = SURFACE_SIDE_STYLE('',(#15512));
#15512 = SURFACE_STYLE_FILL_AREA(#15513);
#15513 = FILL_AREA_STYLE('',(#15514));
#15514 = FILL_AREA_STYLE_COLOUR('',#15010);
#15515 = STYLED_ITEM('color',(#15516),#4556);
#15516 = PRESENTATION_STYLE_ASSIGNMENT((#15517));
#15517 = SURFACE_STYLE_USAGE(.BOTH.,#15518);
#15518 = SURFACE_SIDE_STYLE('',(#15519));
#15519 = SURFACE_STYLE_FILL_AREA(#15520);
#15520 = FILL_AREA_STYLE('',(#15521));
#15521 = FILL_AREA_STYLE_COLOUR('',#15010);
#15522 = STYLED_ITEM('color',(#15523),#4580);
#15523 = PRESENTATION_STYLE_ASSIGNMENT((#15524));
#15524 = SURFACE_STYLE_USAGE(.BOTH.,#15525);
#15525 = SURFACE_SIDE_STYLE('',(#15526));
#15526 = SURFACE_STYLE_FILL_AREA(#15527);
#15527 = FILL_AREA_STYLE('',(#15528));
#15528 = FILL_AREA_STYLE_COLOUR('',#15010);
#15529 = STYLED_ITEM('color',(#15530),#4604);
#15530 = PRESENTATION_STYLE_ASSIGNMENT((#15531));
#15531 = SURFACE_STYLE_USAGE(.BOTH.,#15532);
#15532 = SURFACE_SIDE_STYLE('',(#15533));
#15533 = SURFACE_STYLE_FILL_AREA(#15534);
#15534 = FILL_AREA_STYLE('',(#15535));
#15535 = FILL_AREA_STYLE_COLOUR('',#15010);
#15536 = STYLED_ITEM('color',(#15537),#4621);
#15537 = PRESENTATION_STYLE_ASSIGNMENT((#15538));
#15538 = SURFACE_STYLE_USAGE(.BOTH.,#15539);
#15539 = SURFACE_SIDE_STYLE('',(#15540));
#15540 = SURFACE_STYLE_FILL_AREA(#15541);
#15541 = FILL_AREA_STYLE('',(#15542));
#15542 = FILL_AREA_STYLE_COLOUR('',#15010);
#15543 = STYLED_ITEM('color',(#15544),#4652);
#15544 = PRESENTATION_STYLE_ASSIGNMENT((#15545));
#15545 = SURFACE_STYLE_USAGE(.BOTH.,#15546);
#15546 = SURFACE_SIDE_STYLE('',(#15547));
#15547 = SURFACE_STYLE_FILL_AREA(#15548);
#15548 = FILL_AREA_STYLE('',(#15549));
#15549 = FILL_AREA_STYLE_COLOUR('',#15010);
#15550 = STYLED_ITEM('color',(#15551),#4676);
#15551 = PRESENTATION_STYLE_ASSIGNMENT((#15552));
#15552 = SURFACE_STYLE_USAGE(.BOTH.,#15553);
#15553 = SURFACE_SIDE_STYLE('',(#15554));
#15554 = SURFACE_STYLE_FILL_AREA(#15555);
#15555 = FILL_AREA_STYLE('',(#15556));
#15556 = FILL_AREA_STYLE_COLOUR('',#15010);
#15557 = STYLED_ITEM('color',(#15558),#4700);
#15558 = PRESENTATION_STYLE_ASSIGNMENT((#15559));
#15559 = SURFACE_STYLE_USAGE(.BOTH.,#15560);
#15560 = SURFACE_SIDE_STYLE('',(#15561));
#15561 = SURFACE_STYLE_FILL_AREA(#15562);
#15562 = FILL_AREA_STYLE('',(#15563));
#15563 = FILL_AREA_STYLE_COLOUR('',#15010);
#15564 = STYLED_ITEM('color',(#15565),#4717);
#15565 = PRESENTATION_STYLE_ASSIGNMENT((#15566));
#15566 = SURFACE_STYLE_USAGE(.BOTH.,#15567);
#15567 = SURFACE_SIDE_STYLE('',(#15568));
#15568 = SURFACE_STYLE_FILL_AREA(#15569);
#15569 = FILL_AREA_STYLE('',(#15570));
#15570 = FILL_AREA_STYLE_COLOUR('',#15010);
#15571 = STYLED_ITEM('color',(#15572),#4748);
#15572 = PRESENTATION_STYLE_ASSIGNMENT((#15573));
#15573 = SURFACE_STYLE_USAGE(.BOTH.,#15574);
#15574 = SURFACE_SIDE_STYLE('',(#15575));
#15575 = SURFACE_STYLE_FILL_AREA(#15576);
#15576 = FILL_AREA_STYLE('',(#15577));
#15577 = FILL_AREA_STYLE_COLOUR('',#15010);
#15578 = STYLED_ITEM('color',(#15579),#4772);
#15579 = PRESENTATION_STYLE_ASSIGNMENT((#15580));
#15580 = SURFACE_STYLE_USAGE(.BOTH.,#15581);
#15581 = SURFACE_SIDE_STYLE('',(#15582));
#15582 = SURFACE_STYLE_FILL_AREA(#15583);
#15583 = FILL_AREA_STYLE('',(#15584));
#15584 = FILL_AREA_STYLE_COLOUR('',#15010);
#15585 = STYLED_ITEM('color',(#15586),#4796);
#15586 = PRESENTATION_STYLE_ASSIGNMENT((#15587));
#15587 = SURFACE_STYLE_USAGE(.BOTH.,#15588);
#15588 = SURFACE_SIDE_STYLE('',(#15589));
#15589 = SURFACE_STYLE_FILL_AREA(#15590);
#15590 = FILL_AREA_STYLE('',(#15591));
#15591 = FILL_AREA_STYLE_COLOUR('',#15010);
#15592 = STYLED_ITEM('color',(#15593),#4813);
#15593 = PRESENTATION_STYLE_ASSIGNMENT((#15594));
#15594 = SURFACE_STYLE_USAGE(.BOTH.,#15595);
#15595 = SURFACE_SIDE_STYLE('',(#15596));
#15596 = SURFACE_STYLE_FILL_AREA(#15597);
#15597 = FILL_AREA_STYLE('',(#15598));
#15598 = FILL_AREA_STYLE_COLOUR('',#15010);
#15599 = STYLED_ITEM('color',(#15600),#4844);
#15600 = PRESENTATION_STYLE_ASSIGNMENT((#15601));
#15601 = SURFACE_STYLE_USAGE(.BOTH.,#15602);
#15602 = SURFACE_SIDE_STYLE('',(#15603));
#15603 = SURFACE_STYLE_FILL_AREA(#15604);
#15604 = FILL_AREA_STYLE('',(#15605));
#15605 = FILL_AREA_STYLE_COLOUR('',#15010);
#15606 = STYLED_ITEM('color',(#15607),#4868);
#15607 = PRESENTATION_STYLE_ASSIGNMENT((#15608));
#15608 = SURFACE_STYLE_USAGE(.BOTH.,#15609);
#15609 = SURFACE_SIDE_STYLE('',(#15610));
#15610 = SURFACE_STYLE_FILL_AREA(#15611);
#15611 = FILL_AREA_STYLE('',(#15612));
#15612 = FILL_AREA_STYLE_COLOUR('',#15010);
#15613 = STYLED_ITEM('color',(#15614),#4892);
#15614 = PRESENTATION_STYLE_ASSIGNMENT((#15615));
#15615 = SURFACE_STYLE_USAGE(.BOTH.,#15616);
#15616 = SURFACE_SIDE_STYLE('',(#15617));
#15617 = SURFACE_STYLE_FILL_AREA(#15618);
#15618 = FILL_AREA_STYLE('',(#15619));
#15619 = FILL_AREA_STYLE_COLOUR('',#15010);
#15620 = STYLED_ITEM('color',(#15621),#4909);
#15621 = PRESENTATION_STYLE_ASSIGNMENT((#15622));
#15622 = SURFACE_STYLE_USAGE(.BOTH.,#15623);
#15623 = SURFACE_SIDE_STYLE('',(#15624));
#15624 = SURFACE_STYLE_FILL_AREA(#15625);
#15625 = FILL_AREA_STYLE('',(#15626));
#15626 = FILL_AREA_STYLE_COLOUR('',#15010);
#15627 = STYLED_ITEM('color',(#15628),#4940);
#15628 = PRESENTATION_STYLE_ASSIGNMENT((#15629));
#15629 = SURFACE_STYLE_USAGE(.BOTH.,#15630);
#15630 = SURFACE_SIDE_STYLE('',(#15631));
#15631 = SURFACE_STYLE_FILL_AREA(#15632);
#15632 = FILL_AREA_STYLE('',(#15633));
#15633 = FILL_AREA_STYLE_COLOUR('',#15010);
#15634 = STYLED_ITEM('color',(#15635),#4964);
#15635 = PRESENTATION_STYLE_ASSIGNMENT((#15636));
#15636 = SURFACE_STYLE_USAGE(.BOTH.,#15637);
#15637 = SURFACE_SIDE_STYLE('',(#15638));
#15638 = SURFACE_STYLE_FILL_AREA(#15639);
#15639 = FILL_AREA_STYLE('',(#15640));
#15640 = FILL_AREA_STYLE_COLOUR('',#15010);
#15641 = STYLED_ITEM('color',(#15642),#4988);
#15642 = PRESENTATION_STYLE_ASSIGNMENT((#15643));
#15643 = SURFACE_STYLE_USAGE(.BOTH.,#15644);
#15644 = SURFACE_SIDE_STYLE('',(#15645));
#15645 = SURFACE_STYLE_FILL_AREA(#15646);
#15646 = FILL_AREA_STYLE('',(#15647));
#15647 = FILL_AREA_STYLE_COLOUR('',#15010);
#15648 = STYLED_ITEM('color',(#15649),#5005);
#15649 = PRESENTATION_STYLE_ASSIGNMENT((#15650));
#15650 = SURFACE_STYLE_USAGE(.BOTH.,#15651);
#15651 = SURFACE_SIDE_STYLE('',(#15652));
#15652 = SURFACE_STYLE_FILL_AREA(#15653);
#15653 = FILL_AREA_STYLE('',(#15654));
#15654 = FILL_AREA_STYLE_COLOUR('',#15010);
#15655 = STYLED_ITEM('color',(#15656),#5036);
#15656 = PRESENTATION_STYLE_ASSIGNMENT((#15657));
#15657 = SURFACE_STYLE_USAGE(.BOTH.,#15658);
#15658 = SURFACE_SIDE_STYLE('',(#15659));
#15659 = SURFACE_STYLE_FILL_AREA(#15660);
#15660 = FILL_AREA_STYLE('',(#15661));
#15661 = FILL_AREA_STYLE_COLOUR('',#15010);
#15662 = STYLED_ITEM('color',(#15663),#5060);
#15663 = PRESENTATION_STYLE_ASSIGNMENT((#15664));
#15664 = SURFACE_STYLE_USAGE(.BOTH.,#15665);
#15665 = SURFACE_SIDE_STYLE('',(#15666));
#15666 = SURFACE_STYLE_FILL_AREA(#15667);
#15667 = FILL_AREA_STYLE('',(#15668));
#15668 = FILL_AREA_STYLE_COLOUR('',#15010);
#15669 = STYLED_ITEM('color',(#15670),#5084);
#15670 = PRESENTATION_STYLE_ASSIGNMENT((#15671));
#15671 = SURFACE_STYLE_USAGE(.BOTH.,#15672);
#15672 = SURFACE_SIDE_STYLE('',(#15673));
#15673 = SURFACE_STYLE_FILL_AREA(#15674);
#15674 = FILL_AREA_STYLE('',(#15675));
#15675 = FILL_AREA_STYLE_COLOUR('',#15010);
#15676 = STYLED_ITEM('color',(#15677),#5101);
#15677 = PRESENTATION_STYLE_ASSIGNMENT((#15678));
#15678 = SURFACE_STYLE_USAGE(.BOTH.,#15679);
#15679 = SURFACE_SIDE_STYLE('',(#15680));
#15680 = SURFACE_STYLE_FILL_AREA(#15681);
#15681 = FILL_AREA_STYLE('',(#15682));
#15682 = FILL_AREA_STYLE_COLOUR('',#15010);
#15683 = STYLED_ITEM('color',(#15684),#5132);
#15684 = PRESENTATION_STYLE_ASSIGNMENT((#15685));
#15685 = SURFACE_STYLE_USAGE(.BOTH.,#15686);
#15686 = SURFACE_SIDE_STYLE('',(#15687));
#15687 = SURFACE_STYLE_FILL_AREA(#15688);
#15688 = FILL_AREA_STYLE('',(#15689));
#15689 = FILL_AREA_STYLE_COLOUR('',#15010);
#15690 = STYLED_ITEM('color',(#15691),#5156);
#15691 = PRESENTATION_STYLE_ASSIGNMENT((#15692));
#15692 = SURFACE_STYLE_USAGE(.BOTH.,#15693);
#15693 = SURFACE_SIDE_STYLE('',(#15694));
#15694 = SURFACE_STYLE_FILL_AREA(#15695);
#15695 = FILL_AREA_STYLE('',(#15696));
#15696 = FILL_AREA_STYLE_COLOUR('',#15010);
#15697 = STYLED_ITEM('color',(#15698),#5180);
#15698 = PRESENTATION_STYLE_ASSIGNMENT((#15699));
#15699 = SURFACE_STYLE_USAGE(.BOTH.,#15700);
#15700 = SURFACE_SIDE_STYLE('',(#15701));
#15701 = SURFACE_STYLE_FILL_AREA(#15702);
#15702 = FILL_AREA_STYLE('',(#15703));
#15703 = FILL_AREA_STYLE_COLOUR('',#15010);
#15704 = STYLED_ITEM('color',(#15705),#5197);
#15705 = PRESENTATION_STYLE_ASSIGNMENT((#15706));
#15706 = SURFACE_STYLE_USAGE(.BOTH.,#15707);
#15707 = SURFACE_SIDE_STYLE('',(#15708));
#15708 = SURFACE_STYLE_FILL_AREA(#15709);
#15709 = FILL_AREA_STYLE('',(#15710));
#15710 = FILL_AREA_STYLE_COLOUR('',#15010);
#15711 = STYLED_ITEM('color',(#15712),#5228);
#15712 = PRESENTATION_STYLE_ASSIGNMENT((#15713));
#15713 = SURFACE_STYLE_USAGE(.BOTH.,#15714);
#15714 = SURFACE_SIDE_STYLE('',(#15715));
#15715 = SURFACE_STYLE_FILL_AREA(#15716);
#15716 = FILL_AREA_STYLE('',(#15717));
#15717 = FILL_AREA_STYLE_COLOUR('',#15010);
#15718 = STYLED_ITEM('color',(#15719),#5252);
#15719 = PRESENTATION_STYLE_ASSIGNMENT((#15720));
#15720 = SURFACE_STYLE_USAGE(.BOTH.,#15721);
#15721 = SURFACE_SIDE_STYLE('',(#15722));
#15722 = SURFACE_STYLE_FILL_AREA(#15723);
#15723 = FILL_AREA_STYLE('',(#15724));
#15724 = FILL_AREA_STYLE_COLOUR('',#15010);
#15725 = STYLED_ITEM('color',(#15726),#5276);
#15726 = PRESENTATION_STYLE_ASSIGNMENT((#15727));
#15727 = SURFACE_STYLE_USAGE(.BOTH.,#15728);
#15728 = SURFACE_SIDE_STYLE('',(#15729));
#15729 = SURFACE_STYLE_FILL_AREA(#15730);
#15730 = FILL_AREA_STYLE('',(#15731));
#15731 = FILL_AREA_STYLE_COLOUR('',#15010);
#15732 = STYLED_ITEM('color',(#15733),#5293);
#15733 = PRESENTATION_STYLE_ASSIGNMENT((#15734));
#15734 = SURFACE_STYLE_USAGE(.BOTH.,#15735);
#15735 = SURFACE_SIDE_STYLE('',(#15736));
#15736 = SURFACE_STYLE_FILL_AREA(#15737);
#15737 = FILL_AREA_STYLE('',(#15738));
#15738 = FILL_AREA_STYLE_COLOUR('',#15010);
#15739 = STYLED_ITEM('color',(#15740),#5324);
#15740 = PRESENTATION_STYLE_ASSIGNMENT((#15741));
#15741 = SURFACE_STYLE_USAGE(.BOTH.,#15742);
#15742 = SURFACE_SIDE_STYLE('',(#15743));
#15743 = SURFACE_STYLE_FILL_AREA(#15744);
#15744 = FILL_AREA_STYLE('',(#15745));
#15745 = FILL_AREA_STYLE_COLOUR('',#15010);
#15746 = STYLED_ITEM('color',(#15747),#5348);
#15747 = PRESENTATION_STYLE_ASSIGNMENT((#15748));
#15748 = SURFACE_STYLE_USAGE(.BOTH.,#15749);
#15749 = SURFACE_SIDE_STYLE('',(#15750));
#15750 = SURFACE_STYLE_FILL_AREA(#15751);
#15751 = FILL_AREA_STYLE('',(#15752));
#15752 = FILL_AREA_STYLE_COLOUR('',#15010);
#15753 = STYLED_ITEM('color',(#15754),#5372);
#15754 = PRESENTATION_STYLE_ASSIGNMENT((#15755));
#15755 = SURFACE_STYLE_USAGE(.BOTH.,#15756);
#15756 = SURFACE_SIDE_STYLE('',(#15757));
#15757 = SURFACE_STYLE_FILL_AREA(#15758);
#15758 = FILL_AREA_STYLE('',(#15759));
#15759 = FILL_AREA_STYLE_COLOUR('',#15010);
#15760 = STYLED_ITEM('color',(#15761),#5389);
#15761 = PRESENTATION_STYLE_ASSIGNMENT((#15762));
#15762 = SURFACE_STYLE_USAGE(.BOTH.,#15763);
#15763 = SURFACE_SIDE_STYLE('',(#15764));
#15764 = SURFACE_STYLE_FILL_AREA(#15765);
#15765 = FILL_AREA_STYLE('',(#15766));
#15766 = FILL_AREA_STYLE_COLOUR('',#15010);
#15767 = STYLED_ITEM('color',(#15768),#5420);
#15768 = PRESENTATION_STYLE_ASSIGNMENT((#15769));
#15769 = SURFACE_STYLE_USAGE(.BOTH.,#15770);
#15770 = SURFACE_SIDE_STYLE('',(#15771));
#15771 = SURFACE_STYLE_FILL_AREA(#15772);
#15772 = FILL_AREA_STYLE('',(#15773));
#15773 = FILL_AREA_STYLE_COLOUR('',#15010);
#15774 = STYLED_ITEM('color',(#15775),#5444);
#15775 = PRESENTATION_STYLE_ASSIGNMENT((#15776));
#15776 = SURFACE_STYLE_USAGE(.BOTH.,#15777);
#15777 = SURFACE_SIDE_STYLE('',(#15778));
#15778 = SURFACE_STYLE_FILL_AREA(#15779);
#15779 = FILL_AREA_STYLE('',(#15780));
#15780 = FILL_AREA_STYLE_COLOUR('',#15010);
#15781 = STYLED_ITEM('color',(#15782),#5468);
#15782 = PRESENTATION_STYLE_ASSIGNMENT((#15783));
#15783 = SURFACE_STYLE_USAGE(.BOTH.,#15784);
#15784 = SURFACE_SIDE_STYLE('',(#15785));
#15785 = SURFACE_STYLE_FILL_AREA(#15786);
#15786 = FILL_AREA_STYLE('',(#15787));
#15787 = FILL_AREA_STYLE_COLOUR('',#15010);
#15788 = STYLED_ITEM('color',(#15789),#5485);
#15789 = PRESENTATION_STYLE_ASSIGNMENT((#15790));
#15790 = SURFACE_STYLE_USAGE(.BOTH.,#15791);
#15791 = SURFACE_SIDE_STYLE('',(#15792));
#15792 = SURFACE_STYLE_FILL_AREA(#15793);
#15793 = FILL_AREA_STYLE('',(#15794));
#15794 = FILL_AREA_STYLE_COLOUR('',#15010);
#15795 = STYLED_ITEM('color',(#15796),#5516);
#15796 = PRESENTATION_STYLE_ASSIGNMENT((#15797));
#15797 = SURFACE_STYLE_USAGE(.BOTH.,#15798);
#15798 = SURFACE_SIDE_STYLE('',(#15799));
#15799 = SURFACE_STYLE_FILL_AREA(#15800);
#15800 = FILL_AREA_STYLE('',(#15801));
#15801 = FILL_AREA_STYLE_COLOUR('',#15010);
#15802 = STYLED_ITEM('color',(#15803),#5540);
#15803 = PRESENTATION_STYLE_ASSIGNMENT((#15804));
#15804 = SURFACE_STYLE_USAGE(.BOTH.,#15805);
#15805 = SURFACE_SIDE_STYLE('',(#15806));
#15806 = SURFACE_STYLE_FILL_AREA(#15807);
#15807 = FILL_AREA_STYLE('',(#15808));
#15808 = FILL_AREA_STYLE_COLOUR('',#15010);
#15809 = STYLED_ITEM('color',(#15810),#5564);
#15810 = PRESENTATION_STYLE_ASSIGNMENT((#15811));
#15811 = SURFACE_STYLE_USAGE(.BOTH.,#15812);
#15812 = SURFACE_SIDE_STYLE('',(#15813));
#15813 = SURFACE_STYLE_FILL_AREA(#15814);
#15814 = FILL_AREA_STYLE('',(#15815));
#15815 = FILL_AREA_STYLE_COLOUR('',#15010);
#15816 = STYLED_ITEM('color',(#15817),#5581);
#15817 = PRESENTATION_STYLE_ASSIGNMENT((#15818));
#15818 = SURFACE_STYLE_USAGE(.BOTH.,#15819);
#15819 = SURFACE_SIDE_STYLE('',(#15820));
#15820 = SURFACE_STYLE_FILL_AREA(#15821);
#15821 = FILL_AREA_STYLE('',(#15822));
#15822 = FILL_AREA_STYLE_COLOUR('',#15010);
#15823 = STYLED_ITEM('color',(#15824),#5612);
#15824 = PRESENTATION_STYLE_ASSIGNMENT((#15825));
#15825 = SURFACE_STYLE_USAGE(.BOTH.,#15826);
#15826 = SURFACE_SIDE_STYLE('',(#15827));
#15827 = SURFACE_STYLE_FILL_AREA(#15828);
#15828 = FILL_AREA_STYLE('',(#15829));
#15829 = FILL_AREA_STYLE_COLOUR('',#15010);
#15830 = STYLED_ITEM('color',(#15831),#5636);
#15831 = PRESENTATION_STYLE_ASSIGNMENT((#15832));
#15832 = SURFACE_STYLE_USAGE(.BOTH.,#15833);
#15833 = SURFACE_SIDE_STYLE('',(#15834));
#15834 = SURFACE_STYLE_FILL_AREA(#15835);
#15835 = FILL_AREA_STYLE('',(#15836));
#15836 = FILL_AREA_STYLE_COLOUR('',#15010);
#15837 = STYLED_ITEM('color',(#15838),#5660);
#15838 = PRESENTATION_STYLE_ASSIGNMENT((#15839));
#15839 = SURFACE_STYLE_USAGE(.BOTH.,#15840);
#15840 = SURFACE_SIDE_STYLE('',(#15841));
#15841 = SURFACE_STYLE_FILL_AREA(#15842);
#15842 = FILL_AREA_STYLE('',(#15843));
#15843 = FILL_AREA_STYLE_COLOUR('',#15010);
#15844 = STYLED_ITEM('color',(#15845),#5677);
#15845 = PRESENTATION_STYLE_ASSIGNMENT((#15846));
#15846 = SURFACE_STYLE_USAGE(.BOTH.,#15847);
#15847 = SURFACE_SIDE_STYLE('',(#15848));
#15848 = SURFACE_STYLE_FILL_AREA(#15849);
#15849 = FILL_AREA_STYLE('',(#15850));
#15850 = FILL_AREA_STYLE_COLOUR('',#15010);
#15851 = STYLED_ITEM('color',(#15852),#5708);
#15852 = PRESENTATION_STYLE_ASSIGNMENT((#15853));
#15853 = SURFACE_STYLE_USAGE(.BOTH.,#15854);
#15854 = SURFACE_SIDE_STYLE('',(#15855));
#15855 = SURFACE_STYLE_FILL_AREA(#15856);
#15856 = FILL_AREA_STYLE('',(#15857));
#15857 = FILL_AREA_STYLE_COLOUR('',#15010);
#15858 = STYLED_ITEM('color',(#15859),#5732);
#15859 = PRESENTATION_STYLE_ASSIGNMENT((#15860));
#15860 = SURFACE_STYLE_USAGE(.BOTH.,#15861);
#15861 = SURFACE_SIDE_STYLE('',(#15862));
#15862 = SURFACE_STYLE_FILL_AREA(#15863);
#15863 = FILL_AREA_STYLE('',(#15864));
#15864 = FILL_AREA_STYLE_COLOUR('',#15010);
#15865 = STYLED_ITEM('color',(#15866),#5756);
#15866 = PRESENTATION_STYLE_ASSIGNMENT((#15867));
#15867 = SURFACE_STYLE_USAGE(.BOTH.,#15868);
#15868 = SURFACE_SIDE_STYLE('',(#15869));
#15869 = SURFACE_STYLE_FILL_AREA(#15870);
#15870 = FILL_AREA_STYLE('',(#15871));
#15871 = FILL_AREA_STYLE_COLOUR('',#15010);
#15872 = STYLED_ITEM('color',(#15873),#5773);
#15873 = PRESENTATION_STYLE_ASSIGNMENT((#15874));
#15874 = SURFACE_STYLE_USAGE(.BOTH.,#15875);
#15875 = SURFACE_SIDE_STYLE('',(#15876));
#15876 = SURFACE_STYLE_FILL_AREA(#15877);
#15877 = FILL_AREA_STYLE('',(#15878));
#15878 = FILL_AREA_STYLE_COLOUR('',#15010);
#15879 = STYLED_ITEM('color',(#15880),#5804);
#15880 = PRESENTATION_STYLE_ASSIGNMENT((#15881));
#15881 = SURFACE_STYLE_USAGE(.BOTH.,#15882);
#15882 = SURFACE_SIDE_STYLE('',(#15883));
#15883 = SURFACE_STYLE_FILL_AREA(#15884);
#15884 = FILL_AREA_STYLE('',(#15885));
#15885 = FILL_AREA_STYLE_COLOUR('',#15010);
#15886 = STYLED_ITEM('color',(#15887),#5828);
#15887 = PRESENTATION_STYLE_ASSIGNMENT((#15888));
#15888 = SURFACE_STYLE_USAGE(.BOTH.,#15889);
#15889 = SURFACE_SIDE_STYLE('',(#15890));
#15890 = SURFACE_STYLE_FILL_AREA(#15891);
#15891 = FILL_AREA_STYLE('',(#15892));
#15892 = FILL_AREA_STYLE_COLOUR('',#15010);
#15893 = STYLED_ITEM('color',(#15894),#5852);
#15894 = PRESENTATION_STYLE_ASSIGNMENT((#15895));
#15895 = SURFACE_STYLE_USAGE(.BOTH.,#15896);
#15896 = SURFACE_SIDE_STYLE('',(#15897));
#15897 = SURFACE_STYLE_FILL_AREA(#15898);
#15898 = FILL_AREA_STYLE('',(#15899));
#15899 = FILL_AREA_STYLE_COLOUR('',#15010);
#15900 = STYLED_ITEM('color',(#15901),#5869);
#15901 = PRESENTATION_STYLE_ASSIGNMENT((#15902));
#15902 = SURFACE_STYLE_USAGE(.BOTH.,#15903);
#15903 = SURFACE_SIDE_STYLE('',(#15904));
#15904 = SURFACE_STYLE_FILL_AREA(#15905);
#15905 = FILL_AREA_STYLE('',(#15906));
#15906 = FILL_AREA_STYLE_COLOUR('',#15010);
#15907 = STYLED_ITEM('color',(#15908),#5900);
#15908 = PRESENTATION_STYLE_ASSIGNMENT((#15909));
#15909 = SURFACE_STYLE_USAGE(.BOTH.,#15910);
#15910 = SURFACE_SIDE_STYLE('',(#15911));
#15911 = SURFACE_STYLE_FILL_AREA(#15912);
#15912 = FILL_AREA_STYLE('',(#15913));
#15913 = FILL_AREA_STYLE_COLOUR('',#15010);
#15914 = STYLED_ITEM('color',(#15915),#5924);
#15915 = PRESENTATION_STYLE_ASSIGNMENT((#15916));
#15916 = SURFACE_STYLE_USAGE(.BOTH.,#15917);
#15917 = SURFACE_SIDE_STYLE('',(#15918));
#15918 = SURFACE_STYLE_FILL_AREA(#15919);
#15919 = FILL_AREA_STYLE('',(#15920));
#15920 = FILL_AREA_STYLE_COLOUR('',#15010);
#15921 = STYLED_ITEM('color',(#15922),#5948);
#15922 = PRESENTATION_STYLE_ASSIGNMENT((#15923));
#15923 = SURFACE_STYLE_USAGE(.BOTH.,#15924);
#15924 = SURFACE_SIDE_STYLE('',(#15925));
#15925 = SURFACE_STYLE_FILL_AREA(#15926);
#15926 = FILL_AREA_STYLE('',(#15927));
#15927 = FILL_AREA_STYLE_COLOUR('',#15010);
#15928 = STYLED_ITEM('color',(#15929),#5965);
#15929 = PRESENTATION_STYLE_ASSIGNMENT((#15930));
#15930 = SURFACE_STYLE_USAGE(.BOTH.,#15931);
#15931 = SURFACE_SIDE_STYLE('',(#15932));
#15932 = SURFACE_STYLE_FILL_AREA(#15933);
#15933 = FILL_AREA_STYLE('',(#15934));
#15934 = FILL_AREA_STYLE_COLOUR('',#15010);
#15935 = STYLED_ITEM('color',(#15936),#5996);
#15936 = PRESENTATION_STYLE_ASSIGNMENT((#15937));
#15937 = SURFACE_STYLE_USAGE(.BOTH.,#15938);
#15938 = SURFACE_SIDE_STYLE('',(#15939));
#15939 = SURFACE_STYLE_FILL_AREA(#15940);
#15940 = FILL_AREA_STYLE('',(#15941));
#15941 = FILL_AREA_STYLE_COLOUR('',#15010);
#15942 = STYLED_ITEM('color',(#15943),#6020);
#15943 = PRESENTATION_STYLE_ASSIGNMENT((#15944));
#15944 = SURFACE_STYLE_USAGE(.BOTH.,#15945);
#15945 = SURFACE_SIDE_STYLE('',(#15946));
#15946 = SURFACE_STYLE_FILL_AREA(#15947);
#15947 = FILL_AREA_STYLE('',(#15948));
#15948 = FILL_AREA_STYLE_COLOUR('',#15010);
#15949 = STYLED_ITEM('color',(#15950),#6044);
#15950 = PRESENTATION_STYLE_ASSIGNMENT((#15951));
#15951 = SURFACE_STYLE_USAGE(.BOTH.,#15952);
#15952 = SURFACE_SIDE_STYLE('',(#15953));
#15953 = SURFACE_STYLE_FILL_AREA(#15954);
#15954 = FILL_AREA_STYLE('',(#15955));
#15955 = FILL_AREA_STYLE_COLOUR('',#15010);
#15956 = STYLED_ITEM('color',(#15957),#6061);
#15957 = PRESENTATION_STYLE_ASSIGNMENT((#15958));
#15958 = SURFACE_STYLE_USAGE(.BOTH.,#15959);
#15959 = SURFACE_SIDE_STYLE('',(#15960));
#15960 = SURFACE_STYLE_FILL_AREA(#15961);
#15961 = FILL_AREA_STYLE('',(#15962));
#15962 = FILL_AREA_STYLE_COLOUR('',#15010);
#15963 = STYLED_ITEM('color',(#15964),#6092);
#15964 = PRESENTATION_STYLE_ASSIGNMENT((#15965));
#15965 = SURFACE_STYLE_USAGE(.BOTH.,#15966);
#15966 = SURFACE_SIDE_STYLE('',(#15967));
#15967 = SURFACE_STYLE_FILL_AREA(#15968);
#15968 = FILL_AREA_STYLE('',(#15969));
#15969 = FILL_AREA_STYLE_COLOUR('',#15010);
#15970 = STYLED_ITEM('color',(#15971),#6116);
#15971 = PRESENTATION_STYLE_ASSIGNMENT((#15972));
#15972 = SURFACE_STYLE_USAGE(.BOTH.,#15973);
#15973 = SURFACE_SIDE_STYLE('',(#15974));
#15974 = SURFACE_STYLE_FILL_AREA(#15975);
#15975 = FILL_AREA_STYLE('',(#15976));
#15976 = FILL_AREA_STYLE_COLOUR('',#15010);
#15977 = STYLED_ITEM('color',(#15978),#6140);
#15978 = PRESENTATION_STYLE_ASSIGNMENT((#15979));
#15979 = SURFACE_STYLE_USAGE(.BOTH.,#15980);
#15980 = SURFACE_SIDE_STYLE('',(#15981));
#15981 = SURFACE_STYLE_FILL_AREA(#15982);
#15982 = FILL_AREA_STYLE('',(#15983));
#15983 = FILL_AREA_STYLE_COLOUR('',#15010);
#15984 = STYLED_ITEM('color',(#15985),#6157);
#15985 = PRESENTATION_STYLE_ASSIGNMENT((#15986));
#15986 = SURFACE_STYLE_USAGE(.BOTH.,#15987);
#15987 = SURFACE_SIDE_STYLE('',(#15988));
#15988 = SURFACE_STYLE_FILL_AREA(#15989);
#15989 = FILL_AREA_STYLE('',(#15990));
#15990 = FILL_AREA_STYLE_COLOUR('',#15010);
#15991 = STYLED_ITEM('color',(#15992),#6188);
#15992 = PRESENTATION_STYLE_ASSIGNMENT((#15993));
#15993 = SURFACE_STYLE_USAGE(.BOTH.,#15994);
#15994 = SURFACE_SIDE_STYLE('',(#15995));
#15995 = SURFACE_STYLE_FILL_AREA(#15996);
#15996 = FILL_AREA_STYLE('',(#15997));
#15997 = FILL_AREA_STYLE_COLOUR('',#15010);
#15998 = STYLED_ITEM('color',(#15999),#6212);
#15999 = PRESENTATION_STYLE_ASSIGNMENT((#16000));
#16000 = SURFACE_STYLE_USAGE(.BOTH.,#16001);
#16001 = SURFACE_SIDE_STYLE('',(#16002));
#16002 = SURFACE_STYLE_FILL_AREA(#16003);
#16003 = FILL_AREA_STYLE('',(#16004));
#16004 = FILL_AREA_STYLE_COLOUR('',#15010);
#16005 = STYLED_ITEM('color',(#16006),#6236);
#16006 = PRESENTATION_STYLE_ASSIGNMENT((#16007));
#16007 = SURFACE_STYLE_USAGE(.BOTH.,#16008);
#16008 = SURFACE_SIDE_STYLE('',(#16009));
#16009 = SURFACE_STYLE_FILL_AREA(#16010);
#16010 = FILL_AREA_STYLE('',(#16011));
#16011 = FILL_AREA_STYLE_COLOUR('',#15010);
#16012 = STYLED_ITEM('color',(#16013),#6253);
#16013 = PRESENTATION_STYLE_ASSIGNMENT((#16014));
#16014 = SURFACE_STYLE_USAGE(.BOTH.,#16015);
#16015 = SURFACE_SIDE_STYLE('',(#16016));
#16016 = SURFACE_STYLE_FILL_AREA(#16017);
#16017 = FILL_AREA_STYLE('',(#16018));
#16018 = FILL_AREA_STYLE_COLOUR('',#15010);
#16019 = STYLED_ITEM('color',(#16020),#6284);
#16020 = PRESENTATION_STYLE_ASSIGNMENT((#16021));
#16021 = SURFACE_STYLE_USAGE(.BOTH.,#16022);
#16022 = SURFACE_SIDE_STYLE('',(#16023));
#16023 = SURFACE_STYLE_FILL_AREA(#16024);
#16024 = FILL_AREA_STYLE('',(#16025));
#16025 = FILL_AREA_STYLE_COLOUR('',#15010);
#16026 = STYLED_ITEM('color',(#16027),#6308);
#16027 = PRESENTATION_STYLE_ASSIGNMENT((#16028));
#16028 = SURFACE_STYLE_USAGE(.BOTH.,#16029);
#16029 = SURFACE_SIDE_STYLE('',(#16030));
#16030 = SURFACE_STYLE_FILL_AREA(#16031);
#16031 = FILL_AREA_STYLE('',(#16032));
#16032 = FILL_AREA_STYLE_COLOUR('',#15010);
#16033 = STYLED_ITEM('color',(#16034),#6332);
#16034 = PRESENTATION_STYLE_ASSIGNMENT((#16035));
#16035 = SURFACE_STYLE_USAGE(.BOTH.,#16036);
#16036 = SURFACE_SIDE_STYLE('',(#16037));
#16037 = SURFACE_STYLE_FILL_AREA(#16038);
#16038 = FILL_AREA_STYLE('',(#16039));
#16039 = FILL_AREA_STYLE_COLOUR('',#15010);
#16040 = STYLED_ITEM('color',(#16041),#6349);
#16041 = PRESENTATION_STYLE_ASSIGNMENT((#16042));
#16042 = SURFACE_STYLE_USAGE(.BOTH.,#16043);
#16043 = SURFACE_SIDE_STYLE('',(#16044));
#16044 = SURFACE_STYLE_FILL_AREA(#16045);
#16045 = FILL_AREA_STYLE('',(#16046));
#16046 = FILL_AREA_STYLE_COLOUR('',#15010);
#16047 = STYLED_ITEM('color',(#16048),#6380);
#16048 = PRESENTATION_STYLE_ASSIGNMENT((#16049));
#16049 = SURFACE_STYLE_USAGE(.BOTH.,#16050);
#16050 = SURFACE_SIDE_STYLE('',(#16051));
#16051 = SURFACE_STYLE_FILL_AREA(#16052);
#16052 = FILL_AREA_STYLE('',(#16053));
#16053 = FILL_AREA_STYLE_COLOUR('',#15010);
#16054 = STYLED_ITEM('color',(#16055),#6404);
#16055 = PRESENTATION_STYLE_ASSIGNMENT((#16056));
#16056 = SURFACE_STYLE_USAGE(.BOTH.,#16057);
#16057 = SURFACE_SIDE_STYLE('',(#16058));
#16058 = SURFACE_STYLE_FILL_AREA(#16059);
#16059 = FILL_AREA_STYLE('',(#16060));
#16060 = FILL_AREA_STYLE_COLOUR('',#15010);
#16061 = STYLED_ITEM('color',(#16062),#6428);
#16062 = PRESENTATION_STYLE_ASSIGNMENT((#16063));
#16063 = SURFACE_STYLE_USAGE(.BOTH.,#16064);
#16064 = SURFACE_SIDE_STYLE('',(#16065));
#16065 = SURFACE_STYLE_FILL_AREA(#16066);
#16066 = FILL_AREA_STYLE('',(#16067));
#16067 = FILL_AREA_STYLE_COLOUR('',#15010);
#16068 = STYLED_ITEM('color',(#16069),#6445);
#16069 = PRESENTATION_STYLE_ASSIGNMENT((#16070));
#16070 = SURFACE_STYLE_USAGE(.BOTH.,#16071);
#16071 = SURFACE_SIDE_STYLE('',(#16072));
#16072 = SURFACE_STYLE_FILL_AREA(#16073);
#16073 = FILL_AREA_STYLE('',(#16074));
#16074 = FILL_AREA_STYLE_COLOUR('',#15010);
#16075 = STYLED_ITEM('color',(#16076),#6476);
#16076 = PRESENTATION_STYLE_ASSIGNMENT((#16077));
#16077 = SURFACE_STYLE_USAGE(.BOTH.,#16078);
#16078 = SURFACE_SIDE_STYLE('',(#16079));
#16079 = SURFACE_STYLE_FILL_AREA(#16080);
#16080 = FILL_AREA_STYLE('',(#16081));
#16081 = FILL_AREA_STYLE_COLOUR('',#15010);
#16082 = STYLED_ITEM('color',(#16083),#6500);
#16083 = PRESENTATION_STYLE_ASSIGNMENT((#16084));
#16084 = SURFACE_STYLE_USAGE(.BOTH.,#16085);
#16085 = SURFACE_SIDE_STYLE('',(#16086));
#16086 = SURFACE_STYLE_FILL_AREA(#16087);
#16087 = FILL_AREA_STYLE('',(#16088));
#16088 = FILL_AREA_STYLE_COLOUR('',#15010);
#16089 = STYLED_ITEM('color',(#16090),#6524);
#16090 = PRESENTATION_STYLE_ASSIGNMENT((#16091));
#16091 = SURFACE_STYLE_USAGE(.BOTH.,#16092);
#16092 = SURFACE_SIDE_STYLE('',(#16093));
#16093 = SURFACE_STYLE_FILL_AREA(#16094);
#16094 = FILL_AREA_STYLE('',(#16095));
#16095 = FILL_AREA_STYLE_COLOUR('',#15010);
#16096 = STYLED_ITEM('color',(#16097),#6541);
#16097 = PRESENTATION_STYLE_ASSIGNMENT((#16098));
#16098 = SURFACE_STYLE_USAGE(.BOTH.,#16099);
#16099 = SURFACE_SIDE_STYLE('',(#16100));
#16100 = SURFACE_STYLE_FILL_AREA(#16101);
#16101 = FILL_AREA_STYLE('',(#16102));
#16102 = FILL_AREA_STYLE_COLOUR('',#15010);
#16103 = STYLED_ITEM('color',(#16104),#6572);
#16104 = PRESENTATION_STYLE_ASSIGNMENT((#16105));
#16105 = SURFACE_STYLE_USAGE(.BOTH.,#16106);
#16106 = SURFACE_SIDE_STYLE('',(#16107));
#16107 = SURFACE_STYLE_FILL_AREA(#16108);
#16108 = FILL_AREA_STYLE('',(#16109));
#16109 = FILL_AREA_STYLE_COLOUR('',#15010);
#16110 = STYLED_ITEM('color',(#16111),#6596);
#16111 = PRESENTATION_STYLE_ASSIGNMENT((#16112));
#16112 = SURFACE_STYLE_USAGE(.BOTH.,#16113);
#16113 = SURFACE_SIDE_STYLE('',(#16114));
#16114 = SURFACE_STYLE_FILL_AREA(#16115);
#16115 = FILL_AREA_STYLE('',(#16116));
#16116 = FILL_AREA_STYLE_COLOUR('',#15010);
#16117 = STYLED_ITEM('color',(#16118),#6620);
#16118 = PRESENTATION_STYLE_ASSIGNMENT((#16119));
#16119 = SURFACE_STYLE_USAGE(.BOTH.,#16120);
#16120 = SURFACE_SIDE_STYLE('',(#16121));
#16121 = SURFACE_STYLE_FILL_AREA(#16122);
#16122 = FILL_AREA_STYLE('',(#16123));
#16123 = FILL_AREA_STYLE_COLOUR('',#15010);
#16124 = STYLED_ITEM('color',(#16125),#6637);
#16125 = PRESENTATION_STYLE_ASSIGNMENT((#16126));
#16126 = SURFACE_STYLE_USAGE(.BOTH.,#16127);
#16127 = SURFACE_SIDE_STYLE('',(#16128));
#16128 = SURFACE_STYLE_FILL_AREA(#16129);
#16129 = FILL_AREA_STYLE('',(#16130));
#16130 = FILL_AREA_STYLE_COLOUR('',#15010);
#16131 = STYLED_ITEM('color',(#16132),#6649);
#16132 = PRESENTATION_STYLE_ASSIGNMENT((#16133));
#16133 = SURFACE_STYLE_USAGE(.BOTH.,#16134);
#16134 = SURFACE_SIDE_STYLE('',(#16135));
#16135 = SURFACE_STYLE_FILL_AREA(#16136);
#16136 = FILL_AREA_STYLE('',(#16137));
#16137 = FILL_AREA_STYLE_COLOUR('',#15010);
#16138 = STYLED_ITEM('color',(#16139),#6661);
#16139 = PRESENTATION_STYLE_ASSIGNMENT((#16140));
#16140 = SURFACE_STYLE_USAGE(.BOTH.,#16141);
#16141 = SURFACE_SIDE_STYLE('',(#16142));
#16142 = SURFACE_STYLE_FILL_AREA(#16143);
#16143 = FILL_AREA_STYLE('',(#16144));
#16144 = FILL_AREA_STYLE_COLOUR('',#15010);
#16145 = STYLED_ITEM('color',(#16146),#6673);
#16146 = PRESENTATION_STYLE_ASSIGNMENT((#16147));
#16147 = SURFACE_STYLE_USAGE(.BOTH.,#16148);
#16148 = SURFACE_SIDE_STYLE('',(#16149));
#16149 = SURFACE_STYLE_FILL_AREA(#16150);
#16150 = FILL_AREA_STYLE('',(#16151));
#16151 = FILL_AREA_STYLE_COLOUR('',#15010);
#16152 = STYLED_ITEM('color',(#16153),#6685);
#16153 = PRESENTATION_STYLE_ASSIGNMENT((#16154));
#16154 = SURFACE_STYLE_USAGE(.BOTH.,#16155);
#16155 = SURFACE_SIDE_STYLE('',(#16156));
#16156 = SURFACE_STYLE_FILL_AREA(#16157);
#16157 = FILL_AREA_STYLE('',(#16158));
#16158 = FILL_AREA_STYLE_COLOUR('',#15010);
#16159 = STYLED_ITEM('color',(#16160),#6697);
#16160 = PRESENTATION_STYLE_ASSIGNMENT((#16161));
#16161 = SURFACE_STYLE_USAGE(.BOTH.,#16162);
#16162 = SURFACE_SIDE_STYLE('',(#16163));
#16163 = SURFACE_STYLE_FILL_AREA(#16164);
#16164 = FILL_AREA_STYLE('',(#16165));
#16165 = FILL_AREA_STYLE_COLOUR('',#15010);
#16166 = STYLED_ITEM('color',(#16167),#6709);
#16167 = PRESENTATION_STYLE_ASSIGNMENT((#16168));
#16168 = SURFACE_STYLE_USAGE(.BOTH.,#16169);
#16169 = SURFACE_SIDE_STYLE('',(#16170));
#16170 = SURFACE_STYLE_FILL_AREA(#16171);
#16171 = FILL_AREA_STYLE('',(#16172));
#16172 = FILL_AREA_STYLE_COLOUR('',#15010);
#16173 = STYLED_ITEM('color',(#16174),#6721);
#16174 = PRESENTATION_STYLE_ASSIGNMENT((#16175));
#16175 = SURFACE_STYLE_USAGE(.BOTH.,#16176);
#16176 = SURFACE_SIDE_STYLE('',(#16177));
#16177 = SURFACE_STYLE_FILL_AREA(#16178);
#16178 = FILL_AREA_STYLE('',(#16179));
#16179 = FILL_AREA_STYLE_COLOUR('',#15010);
#16180 = STYLED_ITEM('color',(#16181),#6733);
#16181 = PRESENTATION_STYLE_ASSIGNMENT((#16182));
#16182 = SURFACE_STYLE_USAGE(.BOTH.,#16183);
#16183 = SURFACE_SIDE_STYLE('',(#16184));
#16184 = SURFACE_STYLE_FILL_AREA(#16185);
#16185 = FILL_AREA_STYLE('',(#16186));
#16186 = FILL_AREA_STYLE_COLOUR('',#15010);
#16187 = STYLED_ITEM('color',(#16188),#6745);
#16188 = PRESENTATION_STYLE_ASSIGNMENT((#16189));
#16189 = SURFACE_STYLE_USAGE(.BOTH.,#16190);
#16190 = SURFACE_SIDE_STYLE('',(#16191));
#16191 = SURFACE_STYLE_FILL_AREA(#16192);
#16192 = FILL_AREA_STYLE('',(#16193));
#16193 = FILL_AREA_STYLE_COLOUR('',#15010);
#16194 = STYLED_ITEM('color',(#16195),#6757);
#16195 = PRESENTATION_STYLE_ASSIGNMENT((#16196));
#16196 = SURFACE_STYLE_USAGE(.BOTH.,#16197);
#16197 = SURFACE_SIDE_STYLE('',(#16198));
#16198 = SURFACE_STYLE_FILL_AREA(#16199);
#16199 = FILL_AREA_STYLE('',(#16200));
#16200 = FILL_AREA_STYLE_COLOUR('',#15010);
#16201 = STYLED_ITEM('color',(#16202),#6769);
#16202 = PRESENTATION_STYLE_ASSIGNMENT((#16203));
#16203 = SURFACE_STYLE_USAGE(.BOTH.,#16204);
#16204 = SURFACE_SIDE_STYLE('',(#16205));
#16205 = SURFACE_STYLE_FILL_AREA(#16206);
#16206 = FILL_AREA_STYLE('',(#16207));
#16207 = FILL_AREA_STYLE_COLOUR('',#15010);
#16208 = STYLED_ITEM('color',(#16209),#6781);
#16209 = PRESENTATION_STYLE_ASSIGNMENT((#16210));
#16210 = SURFACE_STYLE_USAGE(.BOTH.,#16211);
#16211 = SURFACE_SIDE_STYLE('',(#16212));
#16212 = SURFACE_STYLE_FILL_AREA(#16213);
#16213 = FILL_AREA_STYLE('',(#16214));
#16214 = FILL_AREA_STYLE_COLOUR('',#15010);
#16215 = STYLED_ITEM('color',(#16216),#6793);
#16216 = PRESENTATION_STYLE_ASSIGNMENT((#16217));
#16217 = SURFACE_STYLE_USAGE(.BOTH.,#16218);
#16218 = SURFACE_SIDE_STYLE('',(#16219));
#16219 = SURFACE_STYLE_FILL_AREA(#16220);
#16220 = FILL_AREA_STYLE('',(#16221));
#16221 = FILL_AREA_STYLE_COLOUR('',#15010);
#16222 = STYLED_ITEM('color',(#16223),#6805);
#16223 = PRESENTATION_STYLE_ASSIGNMENT((#16224));
#16224 = SURFACE_STYLE_USAGE(.BOTH.,#16225);
#16225 = SURFACE_SIDE_STYLE('',(#16226));
#16226 = SURFACE_STYLE_FILL_AREA(#16227);
#16227 = FILL_AREA_STYLE('',(#16228));
#16228 = FILL_AREA_STYLE_COLOUR('',#15010);
#16229 = STYLED_ITEM('color',(#16230),#6817);
#16230 = PRESENTATION_STYLE_ASSIGNMENT((#16231));
#16231 = SURFACE_STYLE_USAGE(.BOTH.,#16232);
#16232 = SURFACE_SIDE_STYLE('',(#16233));
#16233 = SURFACE_STYLE_FILL_AREA(#16234);
#16234 = FILL_AREA_STYLE('',(#16235));
#16235 = FILL_AREA_STYLE_COLOUR('',#15010);
#16236 = STYLED_ITEM('color',(#16237),#6829);
#16237 = PRESENTATION_STYLE_ASSIGNMENT((#16238));
#16238 = SURFACE_STYLE_USAGE(.BOTH.,#16239);
#16239 = SURFACE_SIDE_STYLE('',(#16240));
#16240 = SURFACE_STYLE_FILL_AREA(#16241);
#16241 = FILL_AREA_STYLE('',(#16242));
#16242 = FILL_AREA_STYLE_COLOUR('',#15010);
#16243 = STYLED_ITEM('color',(#16244),#6841);
#16244 = PRESENTATION_STYLE_ASSIGNMENT((#16245));
#16245 = SURFACE_STYLE_USAGE(.BOTH.,#16246);
#16246 = SURFACE_SIDE_STYLE('',(#16247));
#16247 = SURFACE_STYLE_FILL_AREA(#16248);
#16248 = FILL_AREA_STYLE('',(#16249));
#16249 = FILL_AREA_STYLE_COLOUR('',#15010);
#16250 = STYLED_ITEM('color',(#16251),#6853);
#16251 = PRESENTATION_STYLE_ASSIGNMENT((#16252));
#16252 = SURFACE_STYLE_USAGE(.BOTH.,#16253);
#16253 = SURFACE_SIDE_STYLE('',(#16254));
#16254 = SURFACE_STYLE_FILL_AREA(#16255);
#16255 = FILL_AREA_STYLE('',(#16256));
#16256 = FILL_AREA_STYLE_COLOUR('',#15010);
#16257 = STYLED_ITEM('color',(#16258),#6865);
#16258 = PRESENTATION_STYLE_ASSIGNMENT((#16259));
#16259 = SURFACE_STYLE_USAGE(.BOTH.,#16260);
#16260 = SURFACE_SIDE_STYLE('',(#16261));
#16261 = SURFACE_STYLE_FILL_AREA(#16262);
#16262 = FILL_AREA_STYLE('',(#16263));
#16263 = FILL_AREA_STYLE_COLOUR('',#15010);
#16264 = MECHANICAL_DESIGN_GEOMETRIC_PRESENTATION_REPRESENTATION('',(
    #16265,#16275,#16284,#16293,#16302,#16311,#16320,#16329,#16338,
    #16348,#16357,#16366,#16375,#16384,#16393,#16402,#16411,#16420,
    #16429,#16438,#16447,#16456,#16465,#16474,#16483,#16492,#16501,
    #16510,#16519,#16528,#16537,#16546,#16555,#16564,#16573,#16582,
    #16591,#16600,#16609,#16618,#16627,#16636,#16645,#16654,#16663,
    #16672,#16681,#16690,#16699,#16708,#16717,#16726,#16735,#16744,
    #16753,#16762,#16771,#16780,#16789,#16798,#16807,#16816,#16825,
    #16834,#16843,#16852,#16861,#16870,#16879,#16888,#16897,#16906,
    #16915,#16924,#16933,#16942,#16951,#16960,#16969,#16978,#16987,
    #16996,#17005,#17014,#17023,#17032,#17041,#17050,#17059,#17068,
    #17077,#17086,#17095,#17104,#17113,#17122,#17131,#17140,#17149,
    #17158,#17167,#17176,#17185,#17194,#17203,#17212,#17221,#17230,
    #17239,#17248,#17257,#17266,#17275,#17284,#17293,#17302,#17311,
    #17320,#17329,#17338,#17347,#17356,#17365,#17374,#17383,#17392,
    #17401,#17410,#17419,#17428,#17437,#17446,#17455,#17464,#17473,
    #17482,#17491,#17500,#17509,#17518,#17527,#17536,#17545,#17554,
    #17563,#17572,#17581,#17590,#17599,#17608,#17617,#17626,#17635,
    #17644,#17653,#17662,#17671,#17680,#17689,#17698,#17707,#17716,
    #17725,#17734,#17743,#17752,#17761,#17770,#17779,#17788,#17797,
    #17806,#17815,#17824,#17833,#17842,#17851,#17860,#17869,#17878,
    #17887,#17896,#17905,#17914,#17923,#17932,#17941,#17950,#17959,
    #17968,#17977,#17986,#17995,#18004,#18013,#18022,#18031,#18040,
    #18049,#18058,#18067,#18076,#18085,#18094,#18103,#18112,#18121,
    #18130,#18139,#18148,#18157,#18166,#18175,#18184,#18193,#18202,
    #18211,#18220,#18229,#18238,#18247,#18256,#18265,#18274,#18283,
    #18292,#18301,#18310,#18319,#18328,#18337,#18346,#18355,#18364,
    #18373,#18382,#18391,#18400,#18409,#18418,#18427,#18436,#18445,
    #18454,#18463,#18472,#18481,#18490),#12610);
#16265 = STYLED_ITEM('color',(#16266),#6898);
#16266 = PRESENTATION_STYLE_ASSIGNMENT((#16267,#16273));
#16267 = SURFACE_STYLE_USAGE(.BOTH.,#16268);
#16268 = SURFACE_SIDE_STYLE('',(#16269));
#16269 = SURFACE_STYLE_FILL_AREA(#16270);
#16270 = FILL_AREA_STYLE('',(#16271));
#16271 = FILL_AREA_STYLE_COLOUR('',#16272);
#16272 = COLOUR_RGB('',0.147999998088,0.145000001626,0.145000001626);
#16273 = CURVE_STYLE('',#16274,POSITIVE_LENGTH_MEASURE(0.1),#16272);
#16274 = DRAUGHTING_PRE_DEFINED_CURVE_FONT('continuous');
#16275 = STYLED_ITEM('color',(#16276),#6938);
#16276 = PRESENTATION_STYLE_ASSIGNMENT((#16277,#16282));
#16277 = SURFACE_STYLE_USAGE(.BOTH.,#16278);
#16278 = SURFACE_SIDE_STYLE('',(#16279));
#16279 = SURFACE_STYLE_FILL_AREA(#16280);
#16280 = FILL_AREA_STYLE('',(#16281));
#16281 = FILL_AREA_STYLE_COLOUR('',#16272);
#16282 = CURVE_STYLE('',#16283,POSITIVE_LENGTH_MEASURE(0.1),#16272);
#16283 = DRAUGHTING_PRE_DEFINED_CURVE_FONT('continuous');
#16284 = STYLED_ITEM('color',(#16285),#7001);
#16285 = PRESENTATION_STYLE_ASSIGNMENT((#16286,#16291));
#16286 = SURFACE_STYLE_USAGE(.BOTH.,#16287);
#16287 = SURFACE_SIDE_STYLE('',(#16288));
#16288 = SURFACE_STYLE_FILL_AREA(#16289);
#16289 = FILL_AREA_STYLE('',(#16290));
#16290 = FILL_AREA_STYLE_COLOUR('',#16272);
#16291 = CURVE_STYLE('',#16292,POSITIVE_LENGTH_MEASURE(0.1),#16272);
#16292 = DRAUGHTING_PRE_DEFINED_CURVE_FONT('continuous');
#16293 = STYLED_ITEM('color',(#16294),#7064);
#16294 = PRESENTATION_STYLE_ASSIGNMENT((#16295,#16300));
#16295 = SURFACE_STYLE_USAGE(.BOTH.,#16296);
#16296 = SURFACE_SIDE_STYLE('',(#16297));
#16297 = SURFACE_STYLE_FILL_AREA(#16298);
#16298 = FILL_AREA_STYLE('',(#16299));
#16299 = FILL_AREA_STYLE_COLOUR('',#16272);
#16300 = CURVE_STYLE('',#16301,POSITIVE_LENGTH_MEASURE(0.1),#16272);
#16301 = DRAUGHTING_PRE_DEFINED_CURVE_FONT('continuous');
#16302 = STYLED_ITEM('color',(#16303),#7081);
#16303 = PRESENTATION_STYLE_ASSIGNMENT((#16304,#16309));
#16304 = SURFACE_STYLE_USAGE(.BOTH.,#16305);
#16305 = SURFACE_SIDE_STYLE('',(#16306));
#16306 = SURFACE_STYLE_FILL_AREA(#16307);
#16307 = FILL_AREA_STYLE('',(#16308));
#16308 = FILL_AREA_STYLE_COLOUR('',#16272);
#16309 = CURVE_STYLE('',#16310,POSITIVE_LENGTH_MEASURE(0.1),#16272);
#16310 = DRAUGHTING_PRE_DEFINED_CURVE_FONT('continuous');
#16311 = STYLED_ITEM('color',(#16312),#7336);
#16312 = PRESENTATION_STYLE_ASSIGNMENT((#16313,#16318));
#16313 = SURFACE_STYLE_USAGE(.BOTH.,#16314);
#16314 = SURFACE_SIDE_STYLE('',(#16315));
#16315 = SURFACE_STYLE_FILL_AREA(#16316);
#16316 = FILL_AREA_STYLE('',(#16317));
#16317 = FILL_AREA_STYLE_COLOUR('',#16272);
#16318 = CURVE_STYLE('',#16319,POSITIVE_LENGTH_MEASURE(0.1),#16272);
#16319 = DRAUGHTING_PRE_DEFINED_CURVE_FONT('continuous');
#16320 = STYLED_ITEM('color',(#16321),#7358);
#16321 = PRESENTATION_STYLE_ASSIGNMENT((#16322,#16327));
#16322 = SURFACE_STYLE_USAGE(.BOTH.,#16323);
#16323 = SURFACE_SIDE_STYLE('',(#16324));
#16324 = SURFACE_STYLE_FILL_AREA(#16325);
#16325 = FILL_AREA_STYLE('',(#16326));
#16326 = FILL_AREA_STYLE_COLOUR('',#16272);
#16327 = CURVE_STYLE('',#16328,POSITIVE_LENGTH_MEASURE(0.1),#16272);
#16328 = DRAUGHTING_PRE_DEFINED_CURVE_FONT('continuous');
#16329 = STYLED_ITEM('color',(#16330),#7375);
#16330 = PRESENTATION_STYLE_ASSIGNMENT((#16331,#16336));
#16331 = SURFACE_STYLE_USAGE(.BOTH.,#16332);
#16332 = SURFACE_SIDE_STYLE('',(#16333));
#16333 = SURFACE_STYLE_FILL_AREA(#16334);
#16334 = FILL_AREA_STYLE('',(#16335));
#16335 = FILL_AREA_STYLE_COLOUR('',#16272);
#16336 = CURVE_STYLE('',#16337,POSITIVE_LENGTH_MEASURE(0.1),#16272);
#16337 = DRAUGHTING_PRE_DEFINED_CURVE_FONT('continuous');
#16338 = OVER_RIDING_STYLED_ITEM('overriding color',(#16339),#7408,
  #16329);
#16339 = PRESENTATION_STYLE_ASSIGNMENT((#16340,#16346));
#16340 = SURFACE_STYLE_USAGE(.BOTH.,#16341);
#16341 = SURFACE_SIDE_STYLE('',(#16342));
#16342 = SURFACE_STYLE_FILL_AREA(#16343);
#16343 = FILL_AREA_STYLE('',(#16344));
#16344 = FILL_AREA_STYLE_COLOUR('',#16345);
#16345 = COLOUR_RGB('',0.858999988747,0.738000004258,0.496000005009);
#16346 = CURVE_STYLE('',#16347,POSITIVE_LENGTH_MEASURE(0.1),#16345);
#16347 = DRAUGHTING_PRE_DEFINED_CURVE_FONT('continuous');
#16348 = OVER_RIDING_STYLED_ITEM('overriding color',(#16349),#7440,
  #16329);
#16349 = PRESENTATION_STYLE_ASSIGNMENT((#16350,#16355));
#16350 = SURFACE_STYLE_USAGE(.BOTH.,#16351);
#16351 = SURFACE_SIDE_STYLE('',(#16352));
#16352 = SURFACE_STYLE_FILL_AREA(#16353);
#16353 = FILL_AREA_STYLE('',(#16354));
#16354 = FILL_AREA_STYLE_COLOUR('',#16345);
#16355 = CURVE_STYLE('',#16356,POSITIVE_LENGTH_MEASURE(0.1),#16345);
#16356 = DRAUGHTING_PRE_DEFINED_CURVE_FONT('continuous');
#16357 = OVER_RIDING_STYLED_ITEM('overriding color',(#16358),#7474,
  #16329);
#16358 = PRESENTATION_STYLE_ASSIGNMENT((#16359,#16364));
#16359 = SURFACE_STYLE_USAGE(.BOTH.,#16360);
#16360 = SURFACE_SIDE_STYLE('',(#16361));
#16361 = SURFACE_STYLE_FILL_AREA(#16362);
#16362 = FILL_AREA_STYLE('',(#16363));
#16363 = FILL_AREA_STYLE_COLOUR('',#16345);
#16364 = CURVE_STYLE('',#16365,POSITIVE_LENGTH_MEASURE(0.1),#16345);
#16365 = DRAUGHTING_PRE_DEFINED_CURVE_FONT('continuous');
#16366 = OVER_RIDING_STYLED_ITEM('overriding color',(#16367),#7506,
  #16329);
#16367 = PRESENTATION_STYLE_ASSIGNMENT((#16368,#16373));
#16368 = SURFACE_STYLE_USAGE(.BOTH.,#16369);
#16369 = SURFACE_SIDE_STYLE('',(#16370));
#16370 = SURFACE_STYLE_FILL_AREA(#16371);
#16371 = FILL_AREA_STYLE('',(#16372));
#16372 = FILL_AREA_STYLE_COLOUR('',#16345);
#16373 = CURVE_STYLE('',#16374,POSITIVE_LENGTH_MEASURE(0.1),#16345);
#16374 = DRAUGHTING_PRE_DEFINED_CURVE_FONT('continuous');
#16375 = OVER_RIDING_STYLED_ITEM('overriding color',(#16376),#7540,
  #16329);
#16376 = PRESENTATION_STYLE_ASSIGNMENT((#16377,#16382));
#16377 = SURFACE_STYLE_USAGE(.BOTH.,#16378);
#16378 = SURFACE_SIDE_STYLE('',(#16379));
#16379 = SURFACE_STYLE_FILL_AREA(#16380);
#16380 = FILL_AREA_STYLE('',(#16381));
#16381 = FILL_AREA_STYLE_COLOUR('',#16345);
#16382 = CURVE_STYLE('',#16383,POSITIVE_LENGTH_MEASURE(0.1),#16345);
#16383 = DRAUGHTING_PRE_DEFINED_CURVE_FONT('continuous');
#16384 = OVER_RIDING_STYLED_ITEM('overriding color',(#16385),#7572,
  #16329);
#16385 = PRESENTATION_STYLE_ASSIGNMENT((#16386,#16391));
#16386 = SURFACE_STYLE_USAGE(.BOTH.,#16387);
#16387 = SURFACE_SIDE_STYLE('',(#16388));
#16388 = SURFACE_STYLE_FILL_AREA(#16389);
#16389 = FILL_AREA_STYLE('',(#16390));
#16390 = FILL_AREA_STYLE_COLOUR('',#16345);
#16391 = CURVE_STYLE('',#16392,POSITIVE_LENGTH_MEASURE(0.1),#16345);
#16392 = DRAUGHTING_PRE_DEFINED_CURVE_FONT('continuous');
#16393 = OVER_RIDING_STYLED_ITEM('overriding color',(#16394),#7606,
  #16329);
#16394 = PRESENTATION_STYLE_ASSIGNMENT((#16395,#16400));
#16395 = SURFACE_STYLE_USAGE(.BOTH.,#16396);
#16396 = SURFACE_SIDE_STYLE('',(#16397));
#16397 = SURFACE_STYLE_FILL_AREA(#16398);
#16398 = FILL_AREA_STYLE('',(#16399));
#16399 = FILL_AREA_STYLE_COLOUR('',#16345);
#16400 = CURVE_STYLE('',#16401,POSITIVE_LENGTH_MEASURE(0.1),#16345);
#16401 = DRAUGHTING_PRE_DEFINED_CURVE_FONT('continuous');
#16402 = OVER_RIDING_STYLED_ITEM('overriding color',(#16403),#7638,
  #16329);
#16403 = PRESENTATION_STYLE_ASSIGNMENT((#16404,#16409));
#16404 = SURFACE_STYLE_USAGE(.BOTH.,#16405);
#16405 = SURFACE_SIDE_STYLE('',(#16406));
#16406 = SURFACE_STYLE_FILL_AREA(#16407);
#16407 = FILL_AREA_STYLE('',(#16408));
#16408 = FILL_AREA_STYLE_COLOUR('',#16345);
#16409 = CURVE_STYLE('',#16410,POSITIVE_LENGTH_MEASURE(0.1),#16345);
#16410 = DRAUGHTING_PRE_DEFINED_CURVE_FONT('continuous');
#16411 = OVER_RIDING_STYLED_ITEM('overriding color',(#16412),#7672,
  #16329);
#16412 = PRESENTATION_STYLE_ASSIGNMENT((#16413,#16418));
#16413 = SURFACE_STYLE_USAGE(.BOTH.,#16414);
#16414 = SURFACE_SIDE_STYLE('',(#16415));
#16415 = SURFACE_STYLE_FILL_AREA(#16416);
#16416 = FILL_AREA_STYLE('',(#16417));
#16417 = FILL_AREA_STYLE_COLOUR('',#16345);
#16418 = CURVE_STYLE('',#16419,POSITIVE_LENGTH_MEASURE(0.1),#16345);
#16419 = DRAUGHTING_PRE_DEFINED_CURVE_FONT('continuous');
#16420 = OVER_RIDING_STYLED_ITEM('overriding color',(#16421),#7704,
  #16329);
#16421 = PRESENTATION_STYLE_ASSIGNMENT((#16422,#16427));
#16422 = SURFACE_STYLE_USAGE(.BOTH.,#16423);
#16423 = SURFACE_SIDE_STYLE('',(#16424));
#16424 = SURFACE_STYLE_FILL_AREA(#16425);
#16425 = FILL_AREA_STYLE('',(#16426));
#16426 = FILL_AREA_STYLE_COLOUR('',#16345);
#16427 = CURVE_STYLE('',#16428,POSITIVE_LENGTH_MEASURE(0.1),#16345);
#16428 = DRAUGHTING_PRE_DEFINED_CURVE_FONT('continuous');
#16429 = OVER_RIDING_STYLED_ITEM('overriding color',(#16430),#7738,
  #16329);
#16430 = PRESENTATION_STYLE_ASSIGNMENT((#16431,#16436));
#16431 = SURFACE_STYLE_USAGE(.BOTH.,#16432);
#16432 = SURFACE_SIDE_STYLE('',(#16433));
#16433 = SURFACE_STYLE_FILL_AREA(#16434);
#16434 = FILL_AREA_STYLE('',(#16435));
#16435 = FILL_AREA_STYLE_COLOUR('',#16345);
#16436 = CURVE_STYLE('',#16437,POSITIVE_LENGTH_MEASURE(0.1),#16345);
#16437 = DRAUGHTING_PRE_DEFINED_CURVE_FONT('continuous');
#16438 = OVER_RIDING_STYLED_ITEM('overriding color',(#16439),#7770,
  #16329);
#16439 = PRESENTATION_STYLE_ASSIGNMENT((#16440,#16445));
#16440 = SURFACE_STYLE_USAGE(.BOTH.,#16441);
#16441 = SURFACE_SIDE_STYLE('',(#16442));
#16442 = SURFACE_STYLE_FILL_AREA(#16443);
#16443 = FILL_AREA_STYLE('',(#16444));
#16444 = FILL_AREA_STYLE_COLOUR('',#16345);
#16445 = CURVE_STYLE('',#16446,POSITIVE_LENGTH_MEASURE(0.1),#16345);
#16446 = DRAUGHTING_PRE_DEFINED_CURVE_FONT('continuous');
#16447 = OVER_RIDING_STYLED_ITEM('overriding color',(#16448),#7804,
  #16329);
#16448 = PRESENTATION_STYLE_ASSIGNMENT((#16449,#16454));
#16449 = SURFACE_STYLE_USAGE(.BOTH.,#16450);
#16450 = SURFACE_SIDE_STYLE('',(#16451));
#16451 = SURFACE_STYLE_FILL_AREA(#16452);
#16452 = FILL_AREA_STYLE('',(#16453));
#16453 = FILL_AREA_STYLE_COLOUR('',#16345);
#16454 = CURVE_STYLE('',#16455,POSITIVE_LENGTH_MEASURE(0.1),#16345);
#16455 = DRAUGHTING_PRE_DEFINED_CURVE_FONT('continuous');
#16456 = OVER_RIDING_STYLED_ITEM('overriding color',(#16457),#7836,
  #16329);
#16457 = PRESENTATION_STYLE_ASSIGNMENT((#16458,#16463));
#16458 = SURFACE_STYLE_USAGE(.BOTH.,#16459);
#16459 = SURFACE_SIDE_STYLE('',(#16460));
#16460 = SURFACE_STYLE_FILL_AREA(#16461);
#16461 = FILL_AREA_STYLE('',(#16462));
#16462 = FILL_AREA_STYLE_COLOUR('',#16345);
#16463 = CURVE_STYLE('',#16464,POSITIVE_LENGTH_MEASURE(0.1),#16345);
#16464 = DRAUGHTING_PRE_DEFINED_CURVE_FONT('continuous');
#16465 = STYLED_ITEM('color',(#16466),#7854);
#16466 = PRESENTATION_STYLE_ASSIGNMENT((#16467,#16472));
#16467 = SURFACE_STYLE_USAGE(.BOTH.,#16468);
#16468 = SURFACE_SIDE_STYLE('',(#16469));
#16469 = SURFACE_STYLE_FILL_AREA(#16470);
#16470 = FILL_AREA_STYLE('',(#16471));
#16471 = FILL_AREA_STYLE_COLOUR('',#16272);
#16472 = CURVE_STYLE('',#16473,POSITIVE_LENGTH_MEASURE(0.1),#16272);
#16473 = DRAUGHTING_PRE_DEFINED_CURVE_FONT('continuous');
#16474 = STYLED_ITEM('color',(#16475),#7866);
#16475 = PRESENTATION_STYLE_ASSIGNMENT((#16476,#16481));
#16476 = SURFACE_STYLE_USAGE(.BOTH.,#16477);
#16477 = SURFACE_SIDE_STYLE('',(#16478));
#16478 = SURFACE_STYLE_FILL_AREA(#16479);
#16479 = FILL_AREA_STYLE('',(#16480));
#16480 = FILL_AREA_STYLE_COLOUR('',#16272);
#16481 = CURVE_STYLE('',#16482,POSITIVE_LENGTH_MEASURE(0.1),#16272);
#16482 = DRAUGHTING_PRE_DEFINED_CURVE_FONT('continuous');
#16483 = STYLED_ITEM('color',(#16484),#7878);
#16484 = PRESENTATION_STYLE_ASSIGNMENT((#16485,#16490));
#16485 = SURFACE_STYLE_USAGE(.BOTH.,#16486);
#16486 = SURFACE_SIDE_STYLE('',(#16487));
#16487 = SURFACE_STYLE_FILL_AREA(#16488);
#16488 = FILL_AREA_STYLE('',(#16489));
#16489 = FILL_AREA_STYLE_COLOUR('',#16272);
#16490 = CURVE_STYLE('',#16491,POSITIVE_LENGTH_MEASURE(0.1),#16272);
#16491 = DRAUGHTING_PRE_DEFINED_CURVE_FONT('continuous');
#16492 = STYLED_ITEM('color',(#16493),#7909);
#16493 = PRESENTATION_STYLE_ASSIGNMENT((#16494,#16499));
#16494 = SURFACE_STYLE_USAGE(.BOTH.,#16495);
#16495 = SURFACE_SIDE_STYLE('',(#16496));
#16496 = SURFACE_STYLE_FILL_AREA(#16497);
#16497 = FILL_AREA_STYLE('',(#16498));
#16498 = FILL_AREA_STYLE_COLOUR('',#16272);
#16499 = CURVE_STYLE('',#16500,POSITIVE_LENGTH_MEASURE(0.1),#16272);
#16500 = DRAUGHTING_PRE_DEFINED_CURVE_FONT('continuous');
#16501 = STYLED_ITEM('color',(#16502),#7933);
#16502 = PRESENTATION_STYLE_ASSIGNMENT((#16503,#16508));
#16503 = SURFACE_STYLE_USAGE(.BOTH.,#16504);
#16504 = SURFACE_SIDE_STYLE('',(#16505));
#16505 = SURFACE_STYLE_FILL_AREA(#16506);
#16506 = FILL_AREA_STYLE('',(#16507));
#16507 = FILL_AREA_STYLE_COLOUR('',#16272);
#16508 = CURVE_STYLE('',#16509,POSITIVE_LENGTH_MEASURE(0.1),#16272);
#16509 = DRAUGHTING_PRE_DEFINED_CURVE_FONT('continuous');
#16510 = STYLED_ITEM('color',(#16511),#7957);
#16511 = PRESENTATION_STYLE_ASSIGNMENT((#16512,#16517));
#16512 = SURFACE_STYLE_USAGE(.BOTH.,#16513);
#16513 = SURFACE_SIDE_STYLE('',(#16514));
#16514 = SURFACE_STYLE_FILL_AREA(#16515);
#16515 = FILL_AREA_STYLE('',(#16516));
#16516 = FILL_AREA_STYLE_COLOUR('',#16272);
#16517 = CURVE_STYLE('',#16518,POSITIVE_LENGTH_MEASURE(0.1),#16272);
#16518 = DRAUGHTING_PRE_DEFINED_CURVE_FONT('continuous');
#16519 = STYLED_ITEM('color',(#16520),#7974);
#16520 = PRESENTATION_STYLE_ASSIGNMENT((#16521,#16526));
#16521 = SURFACE_STYLE_USAGE(.BOTH.,#16522);
#16522 = SURFACE_SIDE_STYLE('',(#16523));
#16523 = SURFACE_STYLE_FILL_AREA(#16524);
#16524 = FILL_AREA_STYLE('',(#16525));
#16525 = FILL_AREA_STYLE_COLOUR('',#16272);
#16526 = CURVE_STYLE('',#16527,POSITIVE_LENGTH_MEASURE(0.1),#16272);
#16527 = DRAUGHTING_PRE_DEFINED_CURVE_FONT('continuous');
#16528 = STYLED_ITEM('color',(#16529),#8005);
#16529 = PRESENTATION_STYLE_ASSIGNMENT((#16530,#16535));
#16530 = SURFACE_STYLE_USAGE(.BOTH.,#16531);
#16531 = SURFACE_SIDE_STYLE('',(#16532));
#16532 = SURFACE_STYLE_FILL_AREA(#16533);
#16533 = FILL_AREA_STYLE('',(#16534));
#16534 = FILL_AREA_STYLE_COLOUR('',#16272);
#16535 = CURVE_STYLE('',#16536,POSITIVE_LENGTH_MEASURE(0.1),#16272);
#16536 = DRAUGHTING_PRE_DEFINED_CURVE_FONT('continuous');
#16537 = STYLED_ITEM('color',(#16538),#8029);
#16538 = PRESENTATION_STYLE_ASSIGNMENT((#16539,#16544));
#16539 = SURFACE_STYLE_USAGE(.BOTH.,#16540);
#16540 = SURFACE_SIDE_STYLE('',(#16541));
#16541 = SURFACE_STYLE_FILL_AREA(#16542);
#16542 = FILL_AREA_STYLE('',(#16543));
#16543 = FILL_AREA_STYLE_COLOUR('',#16272);
#16544 = CURVE_STYLE('',#16545,POSITIVE_LENGTH_MEASURE(0.1),#16272);
#16545 = DRAUGHTING_PRE_DEFINED_CURVE_FONT('continuous');
#16546 = STYLED_ITEM('color',(#16547),#8053);
#16547 = PRESENTATION_STYLE_ASSIGNMENT((#16548,#16553));
#16548 = SURFACE_STYLE_USAGE(.BOTH.,#16549);
#16549 = SURFACE_SIDE_STYLE('',(#16550));
#16550 = SURFACE_STYLE_FILL_AREA(#16551);
#16551 = FILL_AREA_STYLE('',(#16552));
#16552 = FILL_AREA_STYLE_COLOUR('',#16272);
#16553 = CURVE_STYLE('',#16554,POSITIVE_LENGTH_MEASURE(0.1),#16272);
#16554 = DRAUGHTING_PRE_DEFINED_CURVE_FONT('continuous');
#16555 = STYLED_ITEM('color',(#16556),#8070);
#16556 = PRESENTATION_STYLE_ASSIGNMENT((#16557,#16562));
#16557 = SURFACE_STYLE_USAGE(.BOTH.,#16558);
#16558 = SURFACE_SIDE_STYLE('',(#16559));
#16559 = SURFACE_STYLE_FILL_AREA(#16560);
#16560 = FILL_AREA_STYLE('',(#16561));
#16561 = FILL_AREA_STYLE_COLOUR('',#16272);
#16562 = CURVE_STYLE('',#16563,POSITIVE_LENGTH_MEASURE(0.1),#16272);
#16563 = DRAUGHTING_PRE_DEFINED_CURVE_FONT('continuous');
#16564 = STYLED_ITEM('color',(#16565),#8101);
#16565 = PRESENTATION_STYLE_ASSIGNMENT((#16566,#16571));
#16566 = SURFACE_STYLE_USAGE(.BOTH.,#16567);
#16567 = SURFACE_SIDE_STYLE('',(#16568));
#16568 = SURFACE_STYLE_FILL_AREA(#16569);
#16569 = FILL_AREA_STYLE('',(#16570));
#16570 = FILL_AREA_STYLE_COLOUR('',#16272);
#16571 = CURVE_STYLE('',#16572,POSITIVE_LENGTH_MEASURE(0.1),#16272);
#16572 = DRAUGHTING_PRE_DEFINED_CURVE_FONT('continuous');
#16573 = STYLED_ITEM('color',(#16574),#8125);
#16574 = PRESENTATION_STYLE_ASSIGNMENT((#16575,#16580));
#16575 = SURFACE_STYLE_USAGE(.BOTH.,#16576);
#16576 = SURFACE_SIDE_STYLE('',(#16577));
#16577 = SURFACE_STYLE_FILL_AREA(#16578);
#16578 = FILL_AREA_STYLE('',(#16579));
#16579 = FILL_AREA_STYLE_COLOUR('',#16272);
#16580 = CURVE_STYLE('',#16581,POSITIVE_LENGTH_MEASURE(0.1),#16272);
#16581 = DRAUGHTING_PRE_DEFINED_CURVE_FONT('continuous');
#16582 = STYLED_ITEM('color',(#16583),#8149);
#16583 = PRESENTATION_STYLE_ASSIGNMENT((#16584,#16589));
#16584 = SURFACE_STYLE_USAGE(.BOTH.,#16585);
#16585 = SURFACE_SIDE_STYLE('',(#16586));
#16586 = SURFACE_STYLE_FILL_AREA(#16587);
#16587 = FILL_AREA_STYLE('',(#16588));
#16588 = FILL_AREA_STYLE_COLOUR('',#16272);
#16589 = CURVE_STYLE('',#16590,POSITIVE_LENGTH_MEASURE(0.1),#16272);
#16590 = DRAUGHTING_PRE_DEFINED_CURVE_FONT('continuous');
#16591 = STYLED_ITEM('color',(#16592),#8166);
#16592 = PRESENTATION_STYLE_ASSIGNMENT((#16593,#16598));
#16593 = SURFACE_STYLE_USAGE(.BOTH.,#16594);
#16594 = SURFACE_SIDE_STYLE('',(#16595));
#16595 = SURFACE_STYLE_FILL_AREA(#16596);
#16596 = FILL_AREA_STYLE('',(#16597));
#16597 = FILL_AREA_STYLE_COLOUR('',#16272);
#16598 = CURVE_STYLE('',#16599,POSITIVE_LENGTH_MEASURE(0.1),#16272);
#16599 = DRAUGHTING_PRE_DEFINED_CURVE_FONT('continuous');
#16600 = STYLED_ITEM('color',(#16601),#8197);
#16601 = PRESENTATION_STYLE_ASSIGNMENT((#16602,#16607));
#16602 = SURFACE_STYLE_USAGE(.BOTH.,#16603);
#16603 = SURFACE_SIDE_STYLE('',(#16604));
#16604 = SURFACE_STYLE_FILL_AREA(#16605);
#16605 = FILL_AREA_STYLE('',(#16606));
#16606 = FILL_AREA_STYLE_COLOUR('',#16272);
#16607 = CURVE_STYLE('',#16608,POSITIVE_LENGTH_MEASURE(0.1),#16272);
#16608 = DRAUGHTING_PRE_DEFINED_CURVE_FONT('continuous');
#16609 = STYLED_ITEM('color',(#16610),#8221);
#16610 = PRESENTATION_STYLE_ASSIGNMENT((#16611,#16616));
#16611 = SURFACE_STYLE_USAGE(.BOTH.,#16612);
#16612 = SURFACE_SIDE_STYLE('',(#16613));
#16613 = SURFACE_STYLE_FILL_AREA(#16614);
#16614 = FILL_AREA_STYLE('',(#16615));
#16615 = FILL_AREA_STYLE_COLOUR('',#16272);
#16616 = CURVE_STYLE('',#16617,POSITIVE_LENGTH_MEASURE(0.1),#16272);
#16617 = DRAUGHTING_PRE_DEFINED_CURVE_FONT('continuous');
#16618 = STYLED_ITEM('color',(#16619),#8245);
#16619 = PRESENTATION_STYLE_ASSIGNMENT((#16620,#16625));
#16620 = SURFACE_STYLE_USAGE(.BOTH.,#16621);
#16621 = SURFACE_SIDE_STYLE('',(#16622));
#16622 = SURFACE_STYLE_FILL_AREA(#16623);
#16623 = FILL_AREA_STYLE('',(#16624));
#16624 = FILL_AREA_STYLE_COLOUR('',#16272);
#16625 = CURVE_STYLE('',#16626,POSITIVE_LENGTH_MEASURE(0.1),#16272);
#16626 = DRAUGHTING_PRE_DEFINED_CURVE_FONT('continuous');
#16627 = STYLED_ITEM('color',(#16628),#8262);
#16628 = PRESENTATION_STYLE_ASSIGNMENT((#16629,#16634));
#16629 = SURFACE_STYLE_USAGE(.BOTH.,#16630);
#16630 = SURFACE_SIDE_STYLE('',(#16631));
#16631 = SURFACE_STYLE_FILL_AREA(#16632);
#16632 = FILL_AREA_STYLE('',(#16633));
#16633 = FILL_AREA_STYLE_COLOUR('',#16272);
#16634 = CURVE_STYLE('',#16635,POSITIVE_LENGTH_MEASURE(0.1),#16272);
#16635 = DRAUGHTING_PRE_DEFINED_CURVE_FONT('continuous');
#16636 = STYLED_ITEM('color',(#16637),#8293);
#16637 = PRESENTATION_STYLE_ASSIGNMENT((#16638,#16643));
#16638 = SURFACE_STYLE_USAGE(.BOTH.,#16639);
#16639 = SURFACE_SIDE_STYLE('',(#16640));
#16640 = SURFACE_STYLE_FILL_AREA(#16641);
#16641 = FILL_AREA_STYLE('',(#16642));
#16642 = FILL_AREA_STYLE_COLOUR('',#16272);
#16643 = CURVE_STYLE('',#16644,POSITIVE_LENGTH_MEASURE(0.1),#16272);
#16644 = DRAUGHTING_PRE_DEFINED_CURVE_FONT('continuous');
#16645 = STYLED_ITEM('color',(#16646),#8317);
#16646 = PRESENTATION_STYLE_ASSIGNMENT((#16647,#16652));
#16647 = SURFACE_STYLE_USAGE(.BOTH.,#16648);
#16648 = SURFACE_SIDE_STYLE('',(#16649));
#16649 = SURFACE_STYLE_FILL_AREA(#16650);
#16650 = FILL_AREA_STYLE('',(#16651));
#16651 = FILL_AREA_STYLE_COLOUR('',#16272);
#16652 = CURVE_STYLE('',#16653,POSITIVE_LENGTH_MEASURE(0.1),#16272);
#16653 = DRAUGHTING_PRE_DEFINED_CURVE_FONT('continuous');
#16654 = STYLED_ITEM('color',(#16655),#8341);
#16655 = PRESENTATION_STYLE_ASSIGNMENT((#16656,#16661));
#16656 = SURFACE_STYLE_USAGE(.BOTH.,#16657);
#16657 = SURFACE_SIDE_STYLE('',(#16658));
#16658 = SURFACE_STYLE_FILL_AREA(#16659);
#16659 = FILL_AREA_STYLE('',(#16660));
#16660 = FILL_AREA_STYLE_COLOUR('',#16272);
#16661 = CURVE_STYLE('',#16662,POSITIVE_LENGTH_MEASURE(0.1),#16272);
#16662 = DRAUGHTING_PRE_DEFINED_CURVE_FONT('continuous');
#16663 = STYLED_ITEM('color',(#16664),#8358);
#16664 = PRESENTATION_STYLE_ASSIGNMENT((#16665,#16670));
#16665 = SURFACE_STYLE_USAGE(.BOTH.,#16666);
#16666 = SURFACE_SIDE_STYLE('',(#16667));
#16667 = SURFACE_STYLE_FILL_AREA(#16668);
#16668 = FILL_AREA_STYLE('',(#16669));
#16669 = FILL_AREA_STYLE_COLOUR('',#16272);
#16670 = CURVE_STYLE('',#16671,POSITIVE_LENGTH_MEASURE(0.1),#16272);
#16671 = DRAUGHTING_PRE_DEFINED_CURVE_FONT('continuous');
#16672 = STYLED_ITEM('color',(#16673),#8389);
#16673 = PRESENTATION_STYLE_ASSIGNMENT((#16674,#16679));
#16674 = SURFACE_STYLE_USAGE(.BOTH.,#16675);
#16675 = SURFACE_SIDE_STYLE('',(#16676));
#16676 = SURFACE_STYLE_FILL_AREA(#16677);
#16677 = FILL_AREA_STYLE('',(#16678));
#16678 = FILL_AREA_STYLE_COLOUR('',#16272);
#16679 = CURVE_STYLE('',#16680,POSITIVE_LENGTH_MEASURE(0.1),#16272);
#16680 = DRAUGHTING_PRE_DEFINED_CURVE_FONT('continuous');
#16681 = STYLED_ITEM('color',(#16682),#8413);
#16682 = PRESENTATION_STYLE_ASSIGNMENT((#16683,#16688));
#16683 = SURFACE_STYLE_USAGE(.BOTH.,#16684);
#16684 = SURFACE_SIDE_STYLE('',(#16685));
#16685 = SURFACE_STYLE_FILL_AREA(#16686);
#16686 = FILL_AREA_STYLE('',(#16687));
#16687 = FILL_AREA_STYLE_COLOUR('',#16272);
#16688 = CURVE_STYLE('',#16689,POSITIVE_LENGTH_MEASURE(0.1),#16272);
#16689 = DRAUGHTING_PRE_DEFINED_CURVE_FONT('continuous');
#16690 = STYLED_ITEM('color',(#16691),#8437);
#16691 = PRESENTATION_STYLE_ASSIGNMENT((#16692,#16697));
#16692 = SURFACE_STYLE_USAGE(.BOTH.,#16693);
#16693 = SURFACE_SIDE_STYLE('',(#16694));
#16694 = SURFACE_STYLE_FILL_AREA(#16695);
#16695 = FILL_AREA_STYLE('',(#16696));
#16696 = FILL_AREA_STYLE_COLOUR('',#16272);
#16697 = CURVE_STYLE('',#16698,POSITIVE_LENGTH_MEASURE(0.1),#16272);
#16698 = DRAUGHTING_PRE_DEFINED_CURVE_FONT('continuous');
#16699 = STYLED_ITEM('color',(#16700),#8454);
#16700 = PRESENTATION_STYLE_ASSIGNMENT((#16701,#16706));
#16701 = SURFACE_STYLE_USAGE(.BOTH.,#16702);
#16702 = SURFACE_SIDE_STYLE('',(#16703));
#16703 = SURFACE_STYLE_FILL_AREA(#16704);
#16704 = FILL_AREA_STYLE('',(#16705));
#16705 = FILL_AREA_STYLE_COLOUR('',#16272);
#16706 = CURVE_STYLE('',#16707,POSITIVE_LENGTH_MEASURE(0.1),#16272);
#16707 = DRAUGHTING_PRE_DEFINED_CURVE_FONT('continuous');
#16708 = STYLED_ITEM('color',(#16709),#8485);
#16709 = PRESENTATION_STYLE_ASSIGNMENT((#16710,#16715));
#16710 = SURFACE_STYLE_USAGE(.BOTH.,#16711);
#16711 = SURFACE_SIDE_STYLE('',(#16712));
#16712 = SURFACE_STYLE_FILL_AREA(#16713);
#16713 = FILL_AREA_STYLE('',(#16714));
#16714 = FILL_AREA_STYLE_COLOUR('',#16272);
#16715 = CURVE_STYLE('',#16716,POSITIVE_LENGTH_MEASURE(0.1),#16272);
#16716 = DRAUGHTING_PRE_DEFINED_CURVE_FONT('continuous');
#16717 = STYLED_ITEM('color',(#16718),#8509);
#16718 = PRESENTATION_STYLE_ASSIGNMENT((#16719,#16724));
#16719 = SURFACE_STYLE_USAGE(.BOTH.,#16720);
#16720 = SURFACE_SIDE_STYLE('',(#16721));
#16721 = SURFACE_STYLE_FILL_AREA(#16722);
#16722 = FILL_AREA_STYLE('',(#16723));
#16723 = FILL_AREA_STYLE_COLOUR('',#16272);
#16724 = CURVE_STYLE('',#16725,POSITIVE_LENGTH_MEASURE(0.1),#16272);
#16725 = DRAUGHTING_PRE_DEFINED_CURVE_FONT('continuous');
#16726 = STYLED_ITEM('color',(#16727),#8533);
#16727 = PRESENTATION_STYLE_ASSIGNMENT((#16728,#16733));
#16728 = SURFACE_STYLE_USAGE(.BOTH.,#16729);
#16729 = SURFACE_SIDE_STYLE('',(#16730));
#16730 = SURFACE_STYLE_FILL_AREA(#16731);
#16731 = FILL_AREA_STYLE('',(#16732));
#16732 = FILL_AREA_STYLE_COLOUR('',#16272);
#16733 = CURVE_STYLE('',#16734,POSITIVE_LENGTH_MEASURE(0.1),#16272);
#16734 = DRAUGHTING_PRE_DEFINED_CURVE_FONT('continuous');
#16735 = STYLED_ITEM('color',(#16736),#8550);
#16736 = PRESENTATION_STYLE_ASSIGNMENT((#16737,#16742));
#16737 = SURFACE_STYLE_USAGE(.BOTH.,#16738);
#16738 = SURFACE_SIDE_STYLE('',(#16739));
#16739 = SURFACE_STYLE_FILL_AREA(#16740);
#16740 = FILL_AREA_STYLE('',(#16741));
#16741 = FILL_AREA_STYLE_COLOUR('',#16345);
#16742 = CURVE_STYLE('',#16743,POSITIVE_LENGTH_MEASURE(0.1),#16345);
#16743 = DRAUGHTING_PRE_DEFINED_CURVE_FONT('continuous');
#16744 = STYLED_ITEM('color',(#16745),#8567);
#16745 = PRESENTATION_STYLE_ASSIGNMENT((#16746,#16751));
#16746 = SURFACE_STYLE_USAGE(.BOTH.,#16747);
#16747 = SURFACE_SIDE_STYLE('',(#16748));
#16748 = SURFACE_STYLE_FILL_AREA(#16749);
#16749 = FILL_AREA_STYLE('',(#16750));
#16750 = FILL_AREA_STYLE_COLOUR('',#16345);
#16751 = CURVE_STYLE('',#16752,POSITIVE_LENGTH_MEASURE(0.1),#16345);
#16752 = DRAUGHTING_PRE_DEFINED_CURVE_FONT('continuous');
#16753 = STYLED_ITEM('color',(#16754),#8614);
#16754 = PRESENTATION_STYLE_ASSIGNMENT((#16755,#16760));
#16755 = SURFACE_STYLE_USAGE(.BOTH.,#16756);
#16756 = SURFACE_SIDE_STYLE('',(#16757));
#16757 = SURFACE_STYLE_FILL_AREA(#16758);
#16758 = FILL_AREA_STYLE('',(#16759));
#16759 = FILL_AREA_STYLE_COLOUR('',#16345);
#16760 = CURVE_STYLE('',#16761,POSITIVE_LENGTH_MEASURE(0.1),#16345);
#16761 = DRAUGHTING_PRE_DEFINED_CURVE_FONT('continuous');
#16762 = STYLED_ITEM('color',(#16763),#8631);
#16763 = PRESENTATION_STYLE_ASSIGNMENT((#16764,#16769));
#16764 = SURFACE_STYLE_USAGE(.BOTH.,#16765);
#16765 = SURFACE_SIDE_STYLE('',(#16766));
#16766 = SURFACE_STYLE_FILL_AREA(#16767);
#16767 = FILL_AREA_STYLE('',(#16768));
#16768 = FILL_AREA_STYLE_COLOUR('',#16345);
#16769 = CURVE_STYLE('',#16770,POSITIVE_LENGTH_MEASURE(0.1),#16345);
#16770 = DRAUGHTING_PRE_DEFINED_CURVE_FONT('continuous');
#16771 = STYLED_ITEM('color',(#16772),#8678);
#16772 = PRESENTATION_STYLE_ASSIGNMENT((#16773,#16778));
#16773 = SURFACE_STYLE_USAGE(.BOTH.,#16774);
#16774 = SURFACE_SIDE_STYLE('',(#16775));
#16775 = SURFACE_STYLE_FILL_AREA(#16776);
#16776 = FILL_AREA_STYLE('',(#16777));
#16777 = FILL_AREA_STYLE_COLOUR('',#16345);
#16778 = CURVE_STYLE('',#16779,POSITIVE_LENGTH_MEASURE(0.1),#16345);
#16779 = DRAUGHTING_PRE_DEFINED_CURVE_FONT('continuous');
#16780 = STYLED_ITEM('color',(#16781),#8695);
#16781 = PRESENTATION_STYLE_ASSIGNMENT((#16782,#16787));
#16782 = SURFACE_STYLE_USAGE(.BOTH.,#16783);
#16783 = SURFACE_SIDE_STYLE('',(#16784));
#16784 = SURFACE_STYLE_FILL_AREA(#16785);
#16785 = FILL_AREA_STYLE('',(#16786));
#16786 = FILL_AREA_STYLE_COLOUR('',#16345);
#16787 = CURVE_STYLE('',#16788,POSITIVE_LENGTH_MEASURE(0.1),#16345);
#16788 = DRAUGHTING_PRE_DEFINED_CURVE_FONT('continuous');
#16789 = STYLED_ITEM('color',(#16790),#8742);
#16790 = PRESENTATION_STYLE_ASSIGNMENT((#16791,#16796));
#16791 = SURFACE_STYLE_USAGE(.BOTH.,#16792);
#16792 = SURFACE_SIDE_STYLE('',(#16793));
#16793 = SURFACE_STYLE_FILL_AREA(#16794);
#16794 = FILL_AREA_STYLE('',(#16795));
#16795 = FILL_AREA_STYLE_COLOUR('',#16345);
#16796 = CURVE_STYLE('',#16797,POSITIVE_LENGTH_MEASURE(0.1),#16345);
#16797 = DRAUGHTING_PRE_DEFINED_CURVE_FONT('continuous');
#16798 = STYLED_ITEM('color',(#16799),#8759);
#16799 = PRESENTATION_STYLE_ASSIGNMENT((#16800,#16805));
#16800 = SURFACE_STYLE_USAGE(.BOTH.,#16801);
#16801 = SURFACE_SIDE_STYLE('',(#16802));
#16802 = SURFACE_STYLE_FILL_AREA(#16803);
#16803 = FILL_AREA_STYLE('',(#16804));
#16804 = FILL_AREA_STYLE_COLOUR('',#16345);
#16805 = CURVE_STYLE('',#16806,POSITIVE_LENGTH_MEASURE(0.1),#16345);
#16806 = DRAUGHTING_PRE_DEFINED_CURVE_FONT('continuous');
#16807 = STYLED_ITEM('color',(#16808),#8806);
#16808 = PRESENTATION_STYLE_ASSIGNMENT((#16809,#16814));
#16809 = SURFACE_STYLE_USAGE(.BOTH.,#16810);
#16810 = SURFACE_SIDE_STYLE('',(#16811));
#16811 = SURFACE_STYLE_FILL_AREA(#16812);
#16812 = FILL_AREA_STYLE('',(#16813));
#16813 = FILL_AREA_STYLE_COLOUR('',#16345);
#16814 = CURVE_STYLE('',#16815,POSITIVE_LENGTH_MEASURE(0.1),#16345);
#16815 = DRAUGHTING_PRE_DEFINED_CURVE_FONT('continuous');
#16816 = STYLED_ITEM('color',(#16817),#8823);
#16817 = PRESENTATION_STYLE_ASSIGNMENT((#16818,#16823));
#16818 = SURFACE_STYLE_USAGE(.BOTH.,#16819);
#16819 = SURFACE_SIDE_STYLE('',(#16820));
#16820 = SURFACE_STYLE_FILL_AREA(#16821);
#16821 = FILL_AREA_STYLE('',(#16822));
#16822 = FILL_AREA_STYLE_COLOUR('',#16345);
#16823 = CURVE_STYLE('',#16824,POSITIVE_LENGTH_MEASURE(0.1),#16345);
#16824 = DRAUGHTING_PRE_DEFINED_CURVE_FONT('continuous');
#16825 = STYLED_ITEM('color',(#16826),#8870);
#16826 = PRESENTATION_STYLE_ASSIGNMENT((#16827,#16832));
#16827 = SURFACE_STYLE_USAGE(.BOTH.,#16828);
#16828 = SURFACE_SIDE_STYLE('',(#16829));
#16829 = SURFACE_STYLE_FILL_AREA(#16830);
#16830 = FILL_AREA_STYLE('',(#16831));
#16831 = FILL_AREA_STYLE_COLOUR('',#16345);
#16832 = CURVE_STYLE('',#16833,POSITIVE_LENGTH_MEASURE(0.1),#16345);
#16833 = DRAUGHTING_PRE_DEFINED_CURVE_FONT('continuous');
#16834 = STYLED_ITEM('color',(#16835),#8887);
#16835 = PRESENTATION_STYLE_ASSIGNMENT((#16836,#16841));
#16836 = SURFACE_STYLE_USAGE(.BOTH.,#16837);
#16837 = SURFACE_SIDE_STYLE('',(#16838));
#16838 = SURFACE_STYLE_FILL_AREA(#16839);
#16839 = FILL_AREA_STYLE('',(#16840));
#16840 = FILL_AREA_STYLE_COLOUR('',#16345);
#16841 = CURVE_STYLE('',#16842,POSITIVE_LENGTH_MEASURE(0.1),#16345);
#16842 = DRAUGHTING_PRE_DEFINED_CURVE_FONT('continuous');
#16843 = STYLED_ITEM('color',(#16844),#8934);
#16844 = PRESENTATION_STYLE_ASSIGNMENT((#16845,#16850));
#16845 = SURFACE_STYLE_USAGE(.BOTH.,#16846);
#16846 = SURFACE_SIDE_STYLE('',(#16847));
#16847 = SURFACE_STYLE_FILL_AREA(#16848);
#16848 = FILL_AREA_STYLE('',(#16849));
#16849 = FILL_AREA_STYLE_COLOUR('',#16345);
#16850 = CURVE_STYLE('',#16851,POSITIVE_LENGTH_MEASURE(0.1),#16345);
#16851 = DRAUGHTING_PRE_DEFINED_CURVE_FONT('continuous');
#16852 = STYLED_ITEM('color',(#16853),#8951);
#16853 = PRESENTATION_STYLE_ASSIGNMENT((#16854,#16859));
#16854 = SURFACE_STYLE_USAGE(.BOTH.,#16855);
#16855 = SURFACE_SIDE_STYLE('',(#16856));
#16856 = SURFACE_STYLE_FILL_AREA(#16857);
#16857 = FILL_AREA_STYLE('',(#16858));
#16858 = FILL_AREA_STYLE_COLOUR('',#16345);
#16859 = CURVE_STYLE('',#16860,POSITIVE_LENGTH_MEASURE(0.1),#16345);
#16860 = DRAUGHTING_PRE_DEFINED_CURVE_FONT('continuous');
#16861 = STYLED_ITEM('color',(#16862),#8998);
#16862 = PRESENTATION_STYLE_ASSIGNMENT((#16863,#16868));
#16863 = SURFACE_STYLE_USAGE(.BOTH.,#16864);
#16864 = SURFACE_SIDE_STYLE('',(#16865));
#16865 = SURFACE_STYLE_FILL_AREA(#16866);
#16866 = FILL_AREA_STYLE('',(#16867));
#16867 = FILL_AREA_STYLE_COLOUR('',#16345);
#16868 = CURVE_STYLE('',#16869,POSITIVE_LENGTH_MEASURE(0.1),#16345);
#16869 = DRAUGHTING_PRE_DEFINED_CURVE_FONT('continuous');
#16870 = STYLED_ITEM('color',(#16871),#9015);
#16871 = PRESENTATION_STYLE_ASSIGNMENT((#16872,#16877));
#16872 = SURFACE_STYLE_USAGE(.BOTH.,#16873);
#16873 = SURFACE_SIDE_STYLE('',(#16874));
#16874 = SURFACE_STYLE_FILL_AREA(#16875);
#16875 = FILL_AREA_STYLE('',(#16876));
#16876 = FILL_AREA_STYLE_COLOUR('',#16345);
#16877 = CURVE_STYLE('',#16878,POSITIVE_LENGTH_MEASURE(0.1),#16345);
#16878 = DRAUGHTING_PRE_DEFINED_CURVE_FONT('continuous');
#16879 = STYLED_ITEM('color',(#16880),#9062);
#16880 = PRESENTATION_STYLE_ASSIGNMENT((#16881,#16886));
#16881 = SURFACE_STYLE_USAGE(.BOTH.,#16882);
#16882 = SURFACE_SIDE_STYLE('',(#16883));
#16883 = SURFACE_STYLE_FILL_AREA(#16884);
#16884 = FILL_AREA_STYLE('',(#16885));
#16885 = FILL_AREA_STYLE_COLOUR('',#16345);
#16886 = CURVE_STYLE('',#16887,POSITIVE_LENGTH_MEASURE(0.1),#16345);
#16887 = DRAUGHTING_PRE_DEFINED_CURVE_FONT('continuous');
#16888 = STYLED_ITEM('color',(#16889),#9079);
#16889 = PRESENTATION_STYLE_ASSIGNMENT((#16890,#16895));
#16890 = SURFACE_STYLE_USAGE(.BOTH.,#16891);
#16891 = SURFACE_SIDE_STYLE('',(#16892));
#16892 = SURFACE_STYLE_FILL_AREA(#16893);
#16893 = FILL_AREA_STYLE('',(#16894));
#16894 = FILL_AREA_STYLE_COLOUR('',#16345);
#16895 = CURVE_STYLE('',#16896,POSITIVE_LENGTH_MEASURE(0.1),#16345);
#16896 = DRAUGHTING_PRE_DEFINED_CURVE_FONT('continuous');
#16897 = STYLED_ITEM('color',(#16898),#9126);
#16898 = PRESENTATION_STYLE_ASSIGNMENT((#16899,#16904));
#16899 = SURFACE_STYLE_USAGE(.BOTH.,#16900);
#16900 = SURFACE_SIDE_STYLE('',(#16901));
#16901 = SURFACE_STYLE_FILL_AREA(#16902);
#16902 = FILL_AREA_STYLE('',(#16903));
#16903 = FILL_AREA_STYLE_COLOUR('',#16345);
#16904 = CURVE_STYLE('',#16905,POSITIVE_LENGTH_MEASURE(0.1),#16345);
#16905 = DRAUGHTING_PRE_DEFINED_CURVE_FONT('continuous');
#16906 = STYLED_ITEM('color',(#16907),#9143);
#16907 = PRESENTATION_STYLE_ASSIGNMENT((#16908,#16913));
#16908 = SURFACE_STYLE_USAGE(.BOTH.,#16909);
#16909 = SURFACE_SIDE_STYLE('',(#16910));
#16910 = SURFACE_STYLE_FILL_AREA(#16911);
#16911 = FILL_AREA_STYLE('',(#16912));
#16912 = FILL_AREA_STYLE_COLOUR('',#16345);
#16913 = CURVE_STYLE('',#16914,POSITIVE_LENGTH_MEASURE(0.1),#16345);
#16914 = DRAUGHTING_PRE_DEFINED_CURVE_FONT('continuous');
#16915 = STYLED_ITEM('color',(#16916),#9190);
#16916 = PRESENTATION_STYLE_ASSIGNMENT((#16917,#16922));
#16917 = SURFACE_STYLE_USAGE(.BOTH.,#16918);
#16918 = SURFACE_SIDE_STYLE('',(#16919));
#16919 = SURFACE_STYLE_FILL_AREA(#16920);
#16920 = FILL_AREA_STYLE('',(#16921));
#16921 = FILL_AREA_STYLE_COLOUR('',#16345);
#16922 = CURVE_STYLE('',#16923,POSITIVE_LENGTH_MEASURE(0.1),#16345);
#16923 = DRAUGHTING_PRE_DEFINED_CURVE_FONT('continuous');
#16924 = STYLED_ITEM('color',(#16925),#9207);
#16925 = PRESENTATION_STYLE_ASSIGNMENT((#16926,#16931));
#16926 = SURFACE_STYLE_USAGE(.BOTH.,#16927);
#16927 = SURFACE_SIDE_STYLE('',(#16928));
#16928 = SURFACE_STYLE_FILL_AREA(#16929);
#16929 = FILL_AREA_STYLE('',(#16930));
#16930 = FILL_AREA_STYLE_COLOUR('',#16345);
#16931 = CURVE_STYLE('',#16932,POSITIVE_LENGTH_MEASURE(0.1),#16345);
#16932 = DRAUGHTING_PRE_DEFINED_CURVE_FONT('continuous');
#16933 = STYLED_ITEM('color',(#16934),#9254);
#16934 = PRESENTATION_STYLE_ASSIGNMENT((#16935,#16940));
#16935 = SURFACE_STYLE_USAGE(.BOTH.,#16936);
#16936 = SURFACE_SIDE_STYLE('',(#16937));
#16937 = SURFACE_STYLE_FILL_AREA(#16938);
#16938 = FILL_AREA_STYLE('',(#16939));
#16939 = FILL_AREA_STYLE_COLOUR('',#16345);
#16940 = CURVE_STYLE('',#16941,POSITIVE_LENGTH_MEASURE(0.1),#16345);
#16941 = DRAUGHTING_PRE_DEFINED_CURVE_FONT('continuous');
#16942 = STYLED_ITEM('color',(#16943),#9271);
#16943 = PRESENTATION_STYLE_ASSIGNMENT((#16944,#16949));
#16944 = SURFACE_STYLE_USAGE(.BOTH.,#16945);
#16945 = SURFACE_SIDE_STYLE('',(#16946));
#16946 = SURFACE_STYLE_FILL_AREA(#16947);
#16947 = FILL_AREA_STYLE('',(#16948));
#16948 = FILL_AREA_STYLE_COLOUR('',#16345);
#16949 = CURVE_STYLE('',#16950,POSITIVE_LENGTH_MEASURE(0.1),#16345);
#16950 = DRAUGHTING_PRE_DEFINED_CURVE_FONT('continuous');
#16951 = STYLED_ITEM('color',(#16952),#9318);
#16952 = PRESENTATION_STYLE_ASSIGNMENT((#16953,#16958));
#16953 = SURFACE_STYLE_USAGE(.BOTH.,#16954);
#16954 = SURFACE_SIDE_STYLE('',(#16955));
#16955 = SURFACE_STYLE_FILL_AREA(#16956);
#16956 = FILL_AREA_STYLE('',(#16957));
#16957 = FILL_AREA_STYLE_COLOUR('',#16345);
#16958 = CURVE_STYLE('',#16959,POSITIVE_LENGTH_MEASURE(0.1),#16345);
#16959 = DRAUGHTING_PRE_DEFINED_CURVE_FONT('continuous');
#16960 = STYLED_ITEM('color',(#16961),#9335);
#16961 = PRESENTATION_STYLE_ASSIGNMENT((#16962,#16967));
#16962 = SURFACE_STYLE_USAGE(.BOTH.,#16963);
#16963 = SURFACE_SIDE_STYLE('',(#16964));
#16964 = SURFACE_STYLE_FILL_AREA(#16965);
#16965 = FILL_AREA_STYLE('',(#16966));
#16966 = FILL_AREA_STYLE_COLOUR('',#16345);
#16967 = CURVE_STYLE('',#16968,POSITIVE_LENGTH_MEASURE(0.1),#16345);
#16968 = DRAUGHTING_PRE_DEFINED_CURVE_FONT('continuous');
#16969 = STYLED_ITEM('color',(#16970),#9382);
#16970 = PRESENTATION_STYLE_ASSIGNMENT((#16971,#16976));
#16971 = SURFACE_STYLE_USAGE(.BOTH.,#16972);
#16972 = SURFACE_SIDE_STYLE('',(#16973));
#16973 = SURFACE_STYLE_FILL_AREA(#16974);
#16974 = FILL_AREA_STYLE('',(#16975));
#16975 = FILL_AREA_STYLE_COLOUR('',#16345);
#16976 = CURVE_STYLE('',#16977,POSITIVE_LENGTH_MEASURE(0.1),#16345);
#16977 = DRAUGHTING_PRE_DEFINED_CURVE_FONT('continuous');
#16978 = STYLED_ITEM('color',(#16979),#9399);
#16979 = PRESENTATION_STYLE_ASSIGNMENT((#16980,#16985));
#16980 = SURFACE_STYLE_USAGE(.BOTH.,#16981);
#16981 = SURFACE_SIDE_STYLE('',(#16982));
#16982 = SURFACE_STYLE_FILL_AREA(#16983);
#16983 = FILL_AREA_STYLE('',(#16984));
#16984 = FILL_AREA_STYLE_COLOUR('',#16345);
#16985 = CURVE_STYLE('',#16986,POSITIVE_LENGTH_MEASURE(0.1),#16345);
#16986 = DRAUGHTING_PRE_DEFINED_CURVE_FONT('continuous');
#16987 = STYLED_ITEM('color',(#16988),#9446);
#16988 = PRESENTATION_STYLE_ASSIGNMENT((#16989,#16994));
#16989 = SURFACE_STYLE_USAGE(.BOTH.,#16990);
#16990 = SURFACE_SIDE_STYLE('',(#16991));
#16991 = SURFACE_STYLE_FILL_AREA(#16992);
#16992 = FILL_AREA_STYLE('',(#16993));
#16993 = FILL_AREA_STYLE_COLOUR('',#16272);
#16994 = CURVE_STYLE('',#16995,POSITIVE_LENGTH_MEASURE(0.1),#16272);
#16995 = DRAUGHTING_PRE_DEFINED_CURVE_FONT('continuous');
#16996 = STYLED_ITEM('color',(#16997),#9477);
#16997 = PRESENTATION_STYLE_ASSIGNMENT((#16998,#17003));
#16998 = SURFACE_STYLE_USAGE(.BOTH.,#16999);
#16999 = SURFACE_SIDE_STYLE('',(#17000));
#17000 = SURFACE_STYLE_FILL_AREA(#17001);
#17001 = FILL_AREA_STYLE('',(#17002));
#17002 = FILL_AREA_STYLE_COLOUR('',#16272);
#17003 = CURVE_STYLE('',#17004,POSITIVE_LENGTH_MEASURE(0.1),#16272);
#17004 = DRAUGHTING_PRE_DEFINED_CURVE_FONT('continuous');
#17005 = OVER_RIDING_STYLED_ITEM('overriding color',(#17006),#9491,
  #16996);
#17006 = PRESENTATION_STYLE_ASSIGNMENT((#17007,#17012));
#17007 = SURFACE_STYLE_USAGE(.BOTH.,#17008);
#17008 = SURFACE_SIDE_STYLE('',(#17009));
#17009 = SURFACE_STYLE_FILL_AREA(#17010);
#17010 = FILL_AREA_STYLE('',(#17011));
#17011 = FILL_AREA_STYLE_COLOUR('',#16345);
#17012 = CURVE_STYLE('',#17013,POSITIVE_LENGTH_MEASURE(0.1),#16345);
#17013 = DRAUGHTING_PRE_DEFINED_CURVE_FONT('continuous');
#17014 = OVER_RIDING_STYLED_ITEM('overriding color',(#17015),#9507,
  #16996);
#17015 = PRESENTATION_STYLE_ASSIGNMENT((#17016,#17021));
#17016 = SURFACE_STYLE_USAGE(.BOTH.,#17017);
#17017 = SURFACE_SIDE_STYLE('',(#17018));
#17018 = SURFACE_STYLE_FILL_AREA(#17019);
#17019 = FILL_AREA_STYLE('',(#17020));
#17020 = FILL_AREA_STYLE_COLOUR('',#16345);
#17021 = CURVE_STYLE('',#17022,POSITIVE_LENGTH_MEASURE(0.1),#16345);
#17022 = DRAUGHTING_PRE_DEFINED_CURVE_FONT('continuous');
#17023 = STYLED_ITEM('color',(#17024),#9533);
#17024 = PRESENTATION_STYLE_ASSIGNMENT((#17025,#17030));
#17025 = SURFACE_STYLE_USAGE(.BOTH.,#17026);
#17026 = SURFACE_SIDE_STYLE('',(#17027));
#17027 = SURFACE_STYLE_FILL_AREA(#17028);
#17028 = FILL_AREA_STYLE('',(#17029));
#17029 = FILL_AREA_STYLE_COLOUR('',#16272);
#17030 = CURVE_STYLE('',#17031,POSITIVE_LENGTH_MEASURE(0.1),#16272);
#17031 = DRAUGHTING_PRE_DEFINED_CURVE_FONT('continuous');
#17032 = STYLED_ITEM('color',(#17033),#9557);
#17033 = PRESENTATION_STYLE_ASSIGNMENT((#17034,#17039));
#17034 = SURFACE_STYLE_USAGE(.BOTH.,#17035);
#17035 = SURFACE_SIDE_STYLE('',(#17036));
#17036 = SURFACE_STYLE_FILL_AREA(#17037);
#17037 = FILL_AREA_STYLE('',(#17038));
#17038 = FILL_AREA_STYLE_COLOUR('',#16272);
#17039 = CURVE_STYLE('',#17040,POSITIVE_LENGTH_MEASURE(0.1),#16272);
#17040 = DRAUGHTING_PRE_DEFINED_CURVE_FONT('continuous');
#17041 = OVER_RIDING_STYLED_ITEM('overriding color',(#17042),#9571,
  #17032);
#17042 = PRESENTATION_STYLE_ASSIGNMENT((#17043,#17048));
#17043 = SURFACE_STYLE_USAGE(.BOTH.,#17044);
#17044 = SURFACE_SIDE_STYLE('',(#17045));
#17045 = SURFACE_STYLE_FILL_AREA(#17046);
#17046 = FILL_AREA_STYLE('',(#17047));
#17047 = FILL_AREA_STYLE_COLOUR('',#16345);
#17048 = CURVE_STYLE('',#17049,POSITIVE_LENGTH_MEASURE(0.1),#16345);
#17049 = DRAUGHTING_PRE_DEFINED_CURVE_FONT('continuous');
#17050 = OVER_RIDING_STYLED_ITEM('overriding color',(#17051),#9587,
  #17032);
#17051 = PRESENTATION_STYLE_ASSIGNMENT((#17052,#17057));
#17052 = SURFACE_STYLE_USAGE(.BOTH.,#17053);
#17053 = SURFACE_SIDE_STYLE('',(#17054));
#17054 = SURFACE_STYLE_FILL_AREA(#17055);
#17055 = FILL_AREA_STYLE('',(#17056));
#17056 = FILL_AREA_STYLE_COLOUR('',#16345);
#17057 = CURVE_STYLE('',#17058,POSITIVE_LENGTH_MEASURE(0.1),#16345);
#17058 = DRAUGHTING_PRE_DEFINED_CURVE_FONT('continuous');
#17059 = STYLED_ITEM('color',(#17060),#9606);
#17060 = PRESENTATION_STYLE_ASSIGNMENT((#17061,#17066));
#17061 = SURFACE_STYLE_USAGE(.BOTH.,#17062);
#17062 = SURFACE_SIDE_STYLE('',(#17063));
#17063 = SURFACE_STYLE_FILL_AREA(#17064);
#17064 = FILL_AREA_STYLE('',(#17065));
#17065 = FILL_AREA_STYLE_COLOUR('',#16272);
#17066 = CURVE_STYLE('',#17067,POSITIVE_LENGTH_MEASURE(0.1),#16272);
#17067 = DRAUGHTING_PRE_DEFINED_CURVE_FONT('continuous');
#17068 = STYLED_ITEM('color',(#17069),#9637);
#17069 = PRESENTATION_STYLE_ASSIGNMENT((#17070,#17075));
#17070 = SURFACE_STYLE_USAGE(.BOTH.,#17071);
#17071 = SURFACE_SIDE_STYLE('',(#17072));
#17072 = SURFACE_STYLE_FILL_AREA(#17073);
#17073 = FILL_AREA_STYLE('',(#17074));
#17074 = FILL_AREA_STYLE_COLOUR('',#16272);
#17075 = CURVE_STYLE('',#17076,POSITIVE_LENGTH_MEASURE(0.1),#16272);
#17076 = DRAUGHTING_PRE_DEFINED_CURVE_FONT('continuous');
#17077 = OVER_RIDING_STYLED_ITEM('overriding color',(#17078),#9651,
  #17068);
#17078 = PRESENTATION_STYLE_ASSIGNMENT((#17079,#17084));
#17079 = SURFACE_STYLE_USAGE(.BOTH.,#17080);
#17080 = SURFACE_SIDE_STYLE('',(#17081));
#17081 = SURFACE_STYLE_FILL_AREA(#17082);
#17082 = FILL_AREA_STYLE('',(#17083));
#17083 = FILL_AREA_STYLE_COLOUR('',#16345);
#17084 = CURVE_STYLE('',#17085,POSITIVE_LENGTH_MEASURE(0.1),#16345);
#17085 = DRAUGHTING_PRE_DEFINED_CURVE_FONT('continuous');
#17086 = OVER_RIDING_STYLED_ITEM('overriding color',(#17087),#9667,
  #17068);
#17087 = PRESENTATION_STYLE_ASSIGNMENT((#17088,#17093));
#17088 = SURFACE_STYLE_USAGE(.BOTH.,#17089);
#17089 = SURFACE_SIDE_STYLE('',(#17090));
#17090 = SURFACE_STYLE_FILL_AREA(#17091);
#17091 = FILL_AREA_STYLE('',(#17092));
#17092 = FILL_AREA_STYLE_COLOUR('',#16345);
#17093 = CURVE_STYLE('',#17094,POSITIVE_LENGTH_MEASURE(0.1),#16345);
#17094 = DRAUGHTING_PRE_DEFINED_CURVE_FONT('continuous');
#17095 = STYLED_ITEM('color',(#17096),#9693);
#17096 = PRESENTATION_STYLE_ASSIGNMENT((#17097,#17102));
#17097 = SURFACE_STYLE_USAGE(.BOTH.,#17098);
#17098 = SURFACE_SIDE_STYLE('',(#17099));
#17099 = SURFACE_STYLE_FILL_AREA(#17100);
#17100 = FILL_AREA_STYLE('',(#17101));
#17101 = FILL_AREA_STYLE_COLOUR('',#16272);
#17102 = CURVE_STYLE('',#17103,POSITIVE_LENGTH_MEASURE(0.1),#16272);
#17103 = DRAUGHTING_PRE_DEFINED_CURVE_FONT('continuous');
#17104 = STYLED_ITEM('color',(#17105),#9717);
#17105 = PRESENTATION_STYLE_ASSIGNMENT((#17106,#17111));
#17106 = SURFACE_STYLE_USAGE(.BOTH.,#17107);
#17107 = SURFACE_SIDE_STYLE('',(#17108));
#17108 = SURFACE_STYLE_FILL_AREA(#17109);
#17109 = FILL_AREA_STYLE('',(#17110));
#17110 = FILL_AREA_STYLE_COLOUR('',#16272);
#17111 = CURVE_STYLE('',#17112,POSITIVE_LENGTH_MEASURE(0.1),#16272);
#17112 = DRAUGHTING_PRE_DEFINED_CURVE_FONT('continuous');
#17113 = OVER_RIDING_STYLED_ITEM('overriding color',(#17114),#9731,
  #17104);
#17114 = PRESENTATION_STYLE_ASSIGNMENT((#17115,#17120));
#17115 = SURFACE_STYLE_USAGE(.BOTH.,#17116);
#17116 = SURFACE_SIDE_STYLE('',(#17117));
#17117 = SURFACE_STYLE_FILL_AREA(#17118);
#17118 = FILL_AREA_STYLE('',(#17119));
#17119 = FILL_AREA_STYLE_COLOUR('',#16345);
#17120 = CURVE_STYLE('',#17121,POSITIVE_LENGTH_MEASURE(0.1),#16345);
#17121 = DRAUGHTING_PRE_DEFINED_CURVE_FONT('continuous');
#17122 = OVER_RIDING_STYLED_ITEM('overriding color',(#17123),#9747,
  #17104);
#17123 = PRESENTATION_STYLE_ASSIGNMENT((#17124,#17129));
#17124 = SURFACE_STYLE_USAGE(.BOTH.,#17125);
#17125 = SURFACE_SIDE_STYLE('',(#17126));
#17126 = SURFACE_STYLE_FILL_AREA(#17127);
#17127 = FILL_AREA_STYLE('',(#17128));
#17128 = FILL_AREA_STYLE_COLOUR('',#16345);
#17129 = CURVE_STYLE('',#17130,POSITIVE_LENGTH_MEASURE(0.1),#16345);
#17130 = DRAUGHTING_PRE_DEFINED_CURVE_FONT('continuous');
#17131 = STYLED_ITEM('color',(#17132),#9766);
#17132 = PRESENTATION_STYLE_ASSIGNMENT((#17133,#17138));
#17133 = SURFACE_STYLE_USAGE(.BOTH.,#17134);
#17134 = SURFACE_SIDE_STYLE('',(#17135));
#17135 = SURFACE_STYLE_FILL_AREA(#17136);
#17136 = FILL_AREA_STYLE('',(#17137));
#17137 = FILL_AREA_STYLE_COLOUR('',#16272);
#17138 = CURVE_STYLE('',#17139,POSITIVE_LENGTH_MEASURE(0.1),#16272);
#17139 = DRAUGHTING_PRE_DEFINED_CURVE_FONT('continuous');
#17140 = STYLED_ITEM('color',(#17141),#9797);
#17141 = PRESENTATION_STYLE_ASSIGNMENT((#17142,#17147));
#17142 = SURFACE_STYLE_USAGE(.BOTH.,#17143);
#17143 = SURFACE_SIDE_STYLE('',(#17144));
#17144 = SURFACE_STYLE_FILL_AREA(#17145);
#17145 = FILL_AREA_STYLE('',(#17146));
#17146 = FILL_AREA_STYLE_COLOUR('',#16272);
#17147 = CURVE_STYLE('',#17148,POSITIVE_LENGTH_MEASURE(0.1),#16272);
#17148 = DRAUGHTING_PRE_DEFINED_CURVE_FONT('continuous');
#17149 = OVER_RIDING_STYLED_ITEM('overriding color',(#17150),#9811,
  #17140);
#17150 = PRESENTATION_STYLE_ASSIGNMENT((#17151,#17156));
#17151 = SURFACE_STYLE_USAGE(.BOTH.,#17152);
#17152 = SURFACE_SIDE_STYLE('',(#17153));
#17153 = SURFACE_STYLE_FILL_AREA(#17154);
#17154 = FILL_AREA_STYLE('',(#17155));
#17155 = FILL_AREA_STYLE_COLOUR('',#16345);
#17156 = CURVE_STYLE('',#17157,POSITIVE_LENGTH_MEASURE(0.1),#16345);
#17157 = DRAUGHTING_PRE_DEFINED_CURVE_FONT('continuous');
#17158 = OVER_RIDING_STYLED_ITEM('overriding color',(#17159),#9827,
  #17140);
#17159 = PRESENTATION_STYLE_ASSIGNMENT((#17160,#17165));
#17160 = SURFACE_STYLE_USAGE(.BOTH.,#17161);
#17161 = SURFACE_SIDE_STYLE('',(#17162));
#17162 = SURFACE_STYLE_FILL_AREA(#17163);
#17163 = FILL_AREA_STYLE('',(#17164));
#17164 = FILL_AREA_STYLE_COLOUR('',#16345);
#17165 = CURVE_STYLE('',#17166,POSITIVE_LENGTH_MEASURE(0.1),#16345);
#17166 = DRAUGHTING_PRE_DEFINED_CURVE_FONT('continuous');
#17167 = STYLED_ITEM('color',(#17168),#9853);
#17168 = PRESENTATION_STYLE_ASSIGNMENT((#17169,#17174));
#17169 = SURFACE_STYLE_USAGE(.BOTH.,#17170);
#17170 = SURFACE_SIDE_STYLE('',(#17171));
#17171 = SURFACE_STYLE_FILL_AREA(#17172);
#17172 = FILL_AREA_STYLE('',(#17173));
#17173 = FILL_AREA_STYLE_COLOUR('',#16272);
#17174 = CURVE_STYLE('',#17175,POSITIVE_LENGTH_MEASURE(0.1),#16272);
#17175 = DRAUGHTING_PRE_DEFINED_CURVE_FONT('continuous');
#17176 = STYLED_ITEM('color',(#17177),#9877);
#17177 = PRESENTATION_STYLE_ASSIGNMENT((#17178,#17183));
#17178 = SURFACE_STYLE_USAGE(.BOTH.,#17179);
#17179 = SURFACE_SIDE_STYLE('',(#17180));
#17180 = SURFACE_STYLE_FILL_AREA(#17181);
#17181 = FILL_AREA_STYLE('',(#17182));
#17182 = FILL_AREA_STYLE_COLOUR('',#16272);
#17183 = CURVE_STYLE('',#17184,POSITIVE_LENGTH_MEASURE(0.1),#16272);
#17184 = DRAUGHTING_PRE_DEFINED_CURVE_FONT('continuous');
#17185 = OVER_RIDING_STYLED_ITEM('overriding color',(#17186),#9891,
  #17176);
#17186 = PRESENTATION_STYLE_ASSIGNMENT((#17187,#17192));
#17187 = SURFACE_STYLE_USAGE(.BOTH.,#17188);
#17188 = SURFACE_SIDE_STYLE('',(#17189));
#17189 = SURFACE_STYLE_FILL_AREA(#17190);
#17190 = FILL_AREA_STYLE('',(#17191));
#17191 = FILL_AREA_STYLE_COLOUR('',#16345);
#17192 = CURVE_STYLE('',#17193,POSITIVE_LENGTH_MEASURE(0.1),#16345);
#17193 = DRAUGHTING_PRE_DEFINED_CURVE_FONT('continuous');
#17194 = OVER_RIDING_STYLED_ITEM('overriding color',(#17195),#9907,
  #17176);
#17195 = PRESENTATION_STYLE_ASSIGNMENT((#17196,#17201));
#17196 = SURFACE_STYLE_USAGE(.BOTH.,#17197);
#17197 = SURFACE_SIDE_STYLE('',(#17198));
#17198 = SURFACE_STYLE_FILL_AREA(#17199);
#17199 = FILL_AREA_STYLE('',(#17200));
#17200 = FILL_AREA_STYLE_COLOUR('',#16345);
#17201 = CURVE_STYLE('',#17202,POSITIVE_LENGTH_MEASURE(0.1),#16345);
#17202 = DRAUGHTING_PRE_DEFINED_CURVE_FONT('continuous');
#17203 = STYLED_ITEM('color',(#17204),#9926);
#17204 = PRESENTATION_STYLE_ASSIGNMENT((#17205,#17210));
#17205 = SURFACE_STYLE_USAGE(.BOTH.,#17206);
#17206 = SURFACE_SIDE_STYLE('',(#17207));
#17207 = SURFACE_STYLE_FILL_AREA(#17208);
#17208 = FILL_AREA_STYLE('',(#17209));
#17209 = FILL_AREA_STYLE_COLOUR('',#16272);
#17210 = CURVE_STYLE('',#17211,POSITIVE_LENGTH_MEASURE(0.1),#16272);
#17211 = DRAUGHTING_PRE_DEFINED_CURVE_FONT('continuous');
#17212 = STYLED_ITEM('color',(#17213),#9957);
#17213 = PRESENTATION_STYLE_ASSIGNMENT((#17214,#17219));
#17214 = SURFACE_STYLE_USAGE(.BOTH.,#17215);
#17215 = SURFACE_SIDE_STYLE('',(#17216));
#17216 = SURFACE_STYLE_FILL_AREA(#17217);
#17217 = FILL_AREA_STYLE('',(#17218));
#17218 = FILL_AREA_STYLE_COLOUR('',#16272);
#17219 = CURVE_STYLE('',#17220,POSITIVE_LENGTH_MEASURE(0.1),#16272);
#17220 = DRAUGHTING_PRE_DEFINED_CURVE_FONT('continuous');
#17221 = OVER_RIDING_STYLED_ITEM('overriding color',(#17222),#9971,
  #17212);
#17222 = PRESENTATION_STYLE_ASSIGNMENT((#17223,#17228));
#17223 = SURFACE_STYLE_USAGE(.BOTH.,#17224);
#17224 = SURFACE_SIDE_STYLE('',(#17225));
#17225 = SURFACE_STYLE_FILL_AREA(#17226);
#17226 = FILL_AREA_STYLE('',(#17227));
#17227 = FILL_AREA_STYLE_COLOUR('',#16345);
#17228 = CURVE_STYLE('',#17229,POSITIVE_LENGTH_MEASURE(0.1),#16345);
#17229 = DRAUGHTING_PRE_DEFINED_CURVE_FONT('continuous');
#17230 = OVER_RIDING_STYLED_ITEM('overriding color',(#17231),#9987,
  #17212);
#17231 = PRESENTATION_STYLE_ASSIGNMENT((#17232,#17237));
#17232 = SURFACE_STYLE_USAGE(.BOTH.,#17233);
#17233 = SURFACE_SIDE_STYLE('',(#17234));
#17234 = SURFACE_STYLE_FILL_AREA(#17235);
#17235 = FILL_AREA_STYLE('',(#17236));
#17236 = FILL_AREA_STYLE_COLOUR('',#16345);
#17237 = CURVE_STYLE('',#17238,POSITIVE_LENGTH_MEASURE(0.1),#16345);
#17238 = DRAUGHTING_PRE_DEFINED_CURVE_FONT('continuous');
#17239 = STYLED_ITEM('color',(#17240),#10013);
#17240 = PRESENTATION_STYLE_ASSIGNMENT((#17241,#17246));
#17241 = SURFACE_STYLE_USAGE(.BOTH.,#17242);
#17242 = SURFACE_SIDE_STYLE('',(#17243));
#17243 = SURFACE_STYLE_FILL_AREA(#17244);
#17244 = FILL_AREA_STYLE('',(#17245));
#17245 = FILL_AREA_STYLE_COLOUR('',#16272);
#17246 = CURVE_STYLE('',#17247,POSITIVE_LENGTH_MEASURE(0.1),#16272);
#17247 = DRAUGHTING_PRE_DEFINED_CURVE_FONT('continuous');
#17248 = STYLED_ITEM('color',(#17249),#10037);
#17249 = PRESENTATION_STYLE_ASSIGNMENT((#17250,#17255));
#17250 = SURFACE_STYLE_USAGE(.BOTH.,#17251);
#17251 = SURFACE_SIDE_STYLE('',(#17252));
#17252 = SURFACE_STYLE_FILL_AREA(#17253);
#17253 = FILL_AREA_STYLE('',(#17254));
#17254 = FILL_AREA_STYLE_COLOUR('',#16272);
#17255 = CURVE_STYLE('',#17256,POSITIVE_LENGTH_MEASURE(0.1),#16272);
#17256 = DRAUGHTING_PRE_DEFINED_CURVE_FONT('continuous');
#17257 = OVER_RIDING_STYLED_ITEM('overriding color',(#17258),#10051,
  #17248);
#17258 = PRESENTATION_STYLE_ASSIGNMENT((#17259,#17264));
#17259 = SURFACE_STYLE_USAGE(.BOTH.,#17260);
#17260 = SURFACE_SIDE_STYLE('',(#17261));
#17261 = SURFACE_STYLE_FILL_AREA(#17262);
#17262 = FILL_AREA_STYLE('',(#17263));
#17263 = FILL_AREA_STYLE_COLOUR('',#16345);
#17264 = CURVE_STYLE('',#17265,POSITIVE_LENGTH_MEASURE(0.1),#16345);
#17265 = DRAUGHTING_PRE_DEFINED_CURVE_FONT('continuous');
#17266 = OVER_RIDING_STYLED_ITEM('overriding color',(#17267),#10067,
  #17248);
#17267 = PRESENTATION_STYLE_ASSIGNMENT((#17268,#17273));
#17268 = SURFACE_STYLE_USAGE(.BOTH.,#17269);
#17269 = SURFACE_SIDE_STYLE('',(#17270));
#17270 = SURFACE_STYLE_FILL_AREA(#17271);
#17271 = FILL_AREA_STYLE('',(#17272));
#17272 = FILL_AREA_STYLE_COLOUR('',#16345);
#17273 = CURVE_STYLE('',#17274,POSITIVE_LENGTH_MEASURE(0.1),#16345);
#17274 = DRAUGHTING_PRE_DEFINED_CURVE_FONT('continuous');
#17275 = STYLED_ITEM('color',(#17276),#10086);
#17276 = PRESENTATION_STYLE_ASSIGNMENT((#17277,#17282));
#17277 = SURFACE_STYLE_USAGE(.BOTH.,#17278);
#17278 = SURFACE_SIDE_STYLE('',(#17279));
#17279 = SURFACE_STYLE_FILL_AREA(#17280);
#17280 = FILL_AREA_STYLE('',(#17281));
#17281 = FILL_AREA_STYLE_COLOUR('',#16272);
#17282 = CURVE_STYLE('',#17283,POSITIVE_LENGTH_MEASURE(0.1),#16272);
#17283 = DRAUGHTING_PRE_DEFINED_CURVE_FONT('continuous');
#17284 = STYLED_ITEM('color',(#17285),#10117);
#17285 = PRESENTATION_STYLE_ASSIGNMENT((#17286,#17291));
#17286 = SURFACE_STYLE_USAGE(.BOTH.,#17287);
#17287 = SURFACE_SIDE_STYLE('',(#17288));
#17288 = SURFACE_STYLE_FILL_AREA(#17289);
#17289 = FILL_AREA_STYLE('',(#17290));
#17290 = FILL_AREA_STYLE_COLOUR('',#16272);
#17291 = CURVE_STYLE('',#17292,POSITIVE_LENGTH_MEASURE(0.1),#16272);
#17292 = DRAUGHTING_PRE_DEFINED_CURVE_FONT('continuous');
#17293 = OVER_RIDING_STYLED_ITEM('overriding color',(#17294),#10131,
  #17284);
#17294 = PRESENTATION_STYLE_ASSIGNMENT((#17295,#17300));
#17295 = SURFACE_STYLE_USAGE(.BOTH.,#17296);
#17296 = SURFACE_SIDE_STYLE('',(#17297));
#17297 = SURFACE_STYLE_FILL_AREA(#17298);
#17298 = FILL_AREA_STYLE('',(#17299));
#17299 = FILL_AREA_STYLE_COLOUR('',#16345);
#17300 = CURVE_STYLE('',#17301,POSITIVE_LENGTH_MEASURE(0.1),#16345);
#17301 = DRAUGHTING_PRE_DEFINED_CURVE_FONT('continuous');
#17302 = OVER_RIDING_STYLED_ITEM('overriding color',(#17303),#10147,
  #17284);
#17303 = PRESENTATION_STYLE_ASSIGNMENT((#17304,#17309));
#17304 = SURFACE_STYLE_USAGE(.BOTH.,#17305);
#17305 = SURFACE_SIDE_STYLE('',(#17306));
#17306 = SURFACE_STYLE_FILL_AREA(#17307);
#17307 = FILL_AREA_STYLE('',(#17308));
#17308 = FILL_AREA_STYLE_COLOUR('',#16345);
#17309 = CURVE_STYLE('',#17310,POSITIVE_LENGTH_MEASURE(0.1),#16345);
#17310 = DRAUGHTING_PRE_DEFINED_CURVE_FONT('continuous');
#17311 = STYLED_ITEM('color',(#17312),#10173);
#17312 = PRESENTATION_STYLE_ASSIGNMENT((#17313,#17318));
#17313 = SURFACE_STYLE_USAGE(.BOTH.,#17314);
#17314 = SURFACE_SIDE_STYLE('',(#17315));
#17315 = SURFACE_STYLE_FILL_AREA(#17316);
#17316 = FILL_AREA_STYLE('',(#17317));
#17317 = FILL_AREA_STYLE_COLOUR('',#16272);
#17318 = CURVE_STYLE('',#17319,POSITIVE_LENGTH_MEASURE(0.1),#16272);
#17319 = DRAUGHTING_PRE_DEFINED_CURVE_FONT('continuous');
#17320 = STYLED_ITEM('color',(#17321),#10197);
#17321 = PRESENTATION_STYLE_ASSIGNMENT((#17322,#17327));
#17322 = SURFACE_STYLE_USAGE(.BOTH.,#17323);
#17323 = SURFACE_SIDE_STYLE('',(#17324));
#17324 = SURFACE_STYLE_FILL_AREA(#17325);
#17325 = FILL_AREA_STYLE('',(#17326));
#17326 = FILL_AREA_STYLE_COLOUR('',#16272);
#17327 = CURVE_STYLE('',#17328,POSITIVE_LENGTH_MEASURE(0.1),#16272);
#17328 = DRAUGHTING_PRE_DEFINED_CURVE_FONT('continuous');
#17329 = OVER_RIDING_STYLED_ITEM('overriding color',(#17330),#10211,
  #17320);
#17330 = PRESENTATION_STYLE_ASSIGNMENT((#17331,#17336));
#17331 = SURFACE_STYLE_USAGE(.BOTH.,#17332);
#17332 = SURFACE_SIDE_STYLE('',(#17333));
#17333 = SURFACE_STYLE_FILL_AREA(#17334);
#17334 = FILL_AREA_STYLE('',(#17335));
#17335 = FILL_AREA_STYLE_COLOUR('',#16345);
#17336 = CURVE_STYLE('',#17337,POSITIVE_LENGTH_MEASURE(0.1),#16345);
#17337 = DRAUGHTING_PRE_DEFINED_CURVE_FONT('continuous');
#17338 = OVER_RIDING_STYLED_ITEM('overriding color',(#17339),#10227,
  #17320);
#17339 = PRESENTATION_STYLE_ASSIGNMENT((#17340,#17345));
#17340 = SURFACE_STYLE_USAGE(.BOTH.,#17341);
#17341 = SURFACE_SIDE_STYLE('',(#17342));
#17342 = SURFACE_STYLE_FILL_AREA(#17343);
#17343 = FILL_AREA_STYLE('',(#17344));
#17344 = FILL_AREA_STYLE_COLOUR('',#16345);
#17345 = CURVE_STYLE('',#17346,POSITIVE_LENGTH_MEASURE(0.1),#16345);
#17346 = DRAUGHTING_PRE_DEFINED_CURVE_FONT('continuous');
#17347 = STYLED_ITEM('color',(#17348),#10246);
#17348 = PRESENTATION_STYLE_ASSIGNMENT((#17349,#17354));
#17349 = SURFACE_STYLE_USAGE(.BOTH.,#17350);
#17350 = SURFACE_SIDE_STYLE('',(#17351));
#17351 = SURFACE_STYLE_FILL_AREA(#17352);
#17352 = FILL_AREA_STYLE('',(#17353));
#17353 = FILL_AREA_STYLE_COLOUR('',#16272);
#17354 = CURVE_STYLE('',#17355,POSITIVE_LENGTH_MEASURE(0.1),#16272);
#17355 = DRAUGHTING_PRE_DEFINED_CURVE_FONT('continuous');
#17356 = STYLED_ITEM('color',(#17357),#10277);
#17357 = PRESENTATION_STYLE_ASSIGNMENT((#17358,#17363));
#17358 = SURFACE_STYLE_USAGE(.BOTH.,#17359);
#17359 = SURFACE_SIDE_STYLE('',(#17360));
#17360 = SURFACE_STYLE_FILL_AREA(#17361);
#17361 = FILL_AREA_STYLE('',(#17362));
#17362 = FILL_AREA_STYLE_COLOUR('',#16272);
#17363 = CURVE_STYLE('',#17364,POSITIVE_LENGTH_MEASURE(0.1),#16272);
#17364 = DRAUGHTING_PRE_DEFINED_CURVE_FONT('continuous');
#17365 = OVER_RIDING_STYLED_ITEM('overriding color',(#17366),#10291,
  #17356);
#17366 = PRESENTATION_STYLE_ASSIGNMENT((#17367,#17372));
#17367 = SURFACE_STYLE_USAGE(.BOTH.,#17368);
#17368 = SURFACE_SIDE_STYLE('',(#17369));
#17369 = SURFACE_STYLE_FILL_AREA(#17370);
#17370 = FILL_AREA_STYLE('',(#17371));
#17371 = FILL_AREA_STYLE_COLOUR('',#16345);
#17372 = CURVE_STYLE('',#17373,POSITIVE_LENGTH_MEASURE(0.1),#16345);
#17373 = DRAUGHTING_PRE_DEFINED_CURVE_FONT('continuous');
#17374 = OVER_RIDING_STYLED_ITEM('overriding color',(#17375),#10307,
  #17356);
#17375 = PRESENTATION_STYLE_ASSIGNMENT((#17376,#17381));
#17376 = SURFACE_STYLE_USAGE(.BOTH.,#17377);
#17377 = SURFACE_SIDE_STYLE('',(#17378));
#17378 = SURFACE_STYLE_FILL_AREA(#17379);
#17379 = FILL_AREA_STYLE('',(#17380));
#17380 = FILL_AREA_STYLE_COLOUR('',#16345);
#17381 = CURVE_STYLE('',#17382,POSITIVE_LENGTH_MEASURE(0.1),#16345);
#17382 = DRAUGHTING_PRE_DEFINED_CURVE_FONT('continuous');
#17383 = STYLED_ITEM('color',(#17384),#10333);
#17384 = PRESENTATION_STYLE_ASSIGNMENT((#17385,#17390));
#17385 = SURFACE_STYLE_USAGE(.BOTH.,#17386);
#17386 = SURFACE_SIDE_STYLE('',(#17387));
#17387 = SURFACE_STYLE_FILL_AREA(#17388);
#17388 = FILL_AREA_STYLE('',(#17389));
#17389 = FILL_AREA_STYLE_COLOUR('',#16272);
#17390 = CURVE_STYLE('',#17391,POSITIVE_LENGTH_MEASURE(0.1),#16272);
#17391 = DRAUGHTING_PRE_DEFINED_CURVE_FONT('continuous');
#17392 = STYLED_ITEM('color',(#17393),#10357);
#17393 = PRESENTATION_STYLE_ASSIGNMENT((#17394,#17399));
#17394 = SURFACE_STYLE_USAGE(.BOTH.,#17395);
#17395 = SURFACE_SIDE_STYLE('',(#17396));
#17396 = SURFACE_STYLE_FILL_AREA(#17397);
#17397 = FILL_AREA_STYLE('',(#17398));
#17398 = FILL_AREA_STYLE_COLOUR('',#16272);
#17399 = CURVE_STYLE('',#17400,POSITIVE_LENGTH_MEASURE(0.1),#16272);
#17400 = DRAUGHTING_PRE_DEFINED_CURVE_FONT('continuous');
#17401 = OVER_RIDING_STYLED_ITEM('overriding color',(#17402),#10371,
  #17392);
#17402 = PRESENTATION_STYLE_ASSIGNMENT((#17403,#17408));
#17403 = SURFACE_STYLE_USAGE(.BOTH.,#17404);
#17404 = SURFACE_SIDE_STYLE('',(#17405));
#17405 = SURFACE_STYLE_FILL_AREA(#17406);
#17406 = FILL_AREA_STYLE('',(#17407));
#17407 = FILL_AREA_STYLE_COLOUR('',#16345);
#17408 = CURVE_STYLE('',#17409,POSITIVE_LENGTH_MEASURE(0.1),#16345);
#17409 = DRAUGHTING_PRE_DEFINED_CURVE_FONT('continuous');
#17410 = OVER_RIDING_STYLED_ITEM('overriding color',(#17411),#10387,
  #17392);
#17411 = PRESENTATION_STYLE_ASSIGNMENT((#17412,#17417));
#17412 = SURFACE_STYLE_USAGE(.BOTH.,#17413);
#17413 = SURFACE_SIDE_STYLE('',(#17414));
#17414 = SURFACE_STYLE_FILL_AREA(#17415);
#17415 = FILL_AREA_STYLE('',(#17416));
#17416 = FILL_AREA_STYLE_COLOUR('',#16345);
#17417 = CURVE_STYLE('',#17418,POSITIVE_LENGTH_MEASURE(0.1),#16345);
#17418 = DRAUGHTING_PRE_DEFINED_CURVE_FONT('continuous');
#17419 = STYLED_ITEM('color',(#17420),#10406);
#17420 = PRESENTATION_STYLE_ASSIGNMENT((#17421,#17426));
#17421 = SURFACE_STYLE_USAGE(.BOTH.,#17422);
#17422 = SURFACE_SIDE_STYLE('',(#17423));
#17423 = SURFACE_STYLE_FILL_AREA(#17424);
#17424 = FILL_AREA_STYLE('',(#17425));
#17425 = FILL_AREA_STYLE_COLOUR('',#16272);
#17426 = CURVE_STYLE('',#17427,POSITIVE_LENGTH_MEASURE(0.1),#16272);
#17427 = DRAUGHTING_PRE_DEFINED_CURVE_FONT('continuous');
#17428 = STYLED_ITEM('color',(#17429),#10437);
#17429 = PRESENTATION_STYLE_ASSIGNMENT((#17430,#17435));
#17430 = SURFACE_STYLE_USAGE(.BOTH.,#17431);
#17431 = SURFACE_SIDE_STYLE('',(#17432));
#17432 = SURFACE_STYLE_FILL_AREA(#17433);
#17433 = FILL_AREA_STYLE('',(#17434));
#17434 = FILL_AREA_STYLE_COLOUR('',#16272);
#17435 = CURVE_STYLE('',#17436,POSITIVE_LENGTH_MEASURE(0.1),#16272);
#17436 = DRAUGHTING_PRE_DEFINED_CURVE_FONT('continuous');
#17437 = OVER_RIDING_STYLED_ITEM('overriding color',(#17438),#10451,
  #17428);
#17438 = PRESENTATION_STYLE_ASSIGNMENT((#17439,#17444));
#17439 = SURFACE_STYLE_USAGE(.BOTH.,#17440);
#17440 = SURFACE_SIDE_STYLE('',(#17441));
#17441 = SURFACE_STYLE_FILL_AREA(#17442);
#17442 = FILL_AREA_STYLE('',(#17443));
#17443 = FILL_AREA_STYLE_COLOUR('',#16345);
#17444 = CURVE_STYLE('',#17445,POSITIVE_LENGTH_MEASURE(0.1),#16345);
#17445 = DRAUGHTING_PRE_DEFINED_CURVE_FONT('continuous');
#17446 = OVER_RIDING_STYLED_ITEM('overriding color',(#17447),#10467,
  #17428);
#17447 = PRESENTATION_STYLE_ASSIGNMENT((#17448,#17453));
#17448 = SURFACE_STYLE_USAGE(.BOTH.,#17449);
#17449 = SURFACE_SIDE_STYLE('',(#17450));
#17450 = SURFACE_STYLE_FILL_AREA(#17451);
#17451 = FILL_AREA_STYLE('',(#17452));
#17452 = FILL_AREA_STYLE_COLOUR('',#16345);
#17453 = CURVE_STYLE('',#17454,POSITIVE_LENGTH_MEASURE(0.1),#16345);
#17454 = DRAUGHTING_PRE_DEFINED_CURVE_FONT('continuous');
#17455 = STYLED_ITEM('color',(#17456),#10493);
#17456 = PRESENTATION_STYLE_ASSIGNMENT((#17457,#17462));
#17457 = SURFACE_STYLE_USAGE(.BOTH.,#17458);
#17458 = SURFACE_SIDE_STYLE('',(#17459));
#17459 = SURFACE_STYLE_FILL_AREA(#17460);
#17460 = FILL_AREA_STYLE('',(#17461));
#17461 = FILL_AREA_STYLE_COLOUR('',#16272);
#17462 = CURVE_STYLE('',#17463,POSITIVE_LENGTH_MEASURE(0.1),#16272);
#17463 = DRAUGHTING_PRE_DEFINED_CURVE_FONT('continuous');
#17464 = STYLED_ITEM('color',(#17465),#10517);
#17465 = PRESENTATION_STYLE_ASSIGNMENT((#17466,#17471));
#17466 = SURFACE_STYLE_USAGE(.BOTH.,#17467);
#17467 = SURFACE_SIDE_STYLE('',(#17468));
#17468 = SURFACE_STYLE_FILL_AREA(#17469);
#17469 = FILL_AREA_STYLE('',(#17470));
#17470 = FILL_AREA_STYLE_COLOUR('',#16272);
#17471 = CURVE_STYLE('',#17472,POSITIVE_LENGTH_MEASURE(0.1),#16272);
#17472 = DRAUGHTING_PRE_DEFINED_CURVE_FONT('continuous');
#17473 = OVER_RIDING_STYLED_ITEM('overriding color',(#17474),#10531,
  #17464);
#17474 = PRESENTATION_STYLE_ASSIGNMENT((#17475,#17480));
#17475 = SURFACE_STYLE_USAGE(.BOTH.,#17476);
#17476 = SURFACE_SIDE_STYLE('',(#17477));
#17477 = SURFACE_STYLE_FILL_AREA(#17478);
#17478 = FILL_AREA_STYLE('',(#17479));
#17479 = FILL_AREA_STYLE_COLOUR('',#16345);
#17480 = CURVE_STYLE('',#17481,POSITIVE_LENGTH_MEASURE(0.1),#16345);
#17481 = DRAUGHTING_PRE_DEFINED_CURVE_FONT('continuous');
#17482 = OVER_RIDING_STYLED_ITEM('overriding color',(#17483),#10547,
  #17464);
#17483 = PRESENTATION_STYLE_ASSIGNMENT((#17484,#17489));
#17484 = SURFACE_STYLE_USAGE(.BOTH.,#17485);
#17485 = SURFACE_SIDE_STYLE('',(#17486));
#17486 = SURFACE_STYLE_FILL_AREA(#17487);
#17487 = FILL_AREA_STYLE('',(#17488));
#17488 = FILL_AREA_STYLE_COLOUR('',#16345);
#17489 = CURVE_STYLE('',#17490,POSITIVE_LENGTH_MEASURE(0.1),#16345);
#17490 = DRAUGHTING_PRE_DEFINED_CURVE_FONT('continuous');
#17491 = STYLED_ITEM('color',(#17492),#10566);
#17492 = PRESENTATION_STYLE_ASSIGNMENT((#17493,#17498));
#17493 = SURFACE_STYLE_USAGE(.BOTH.,#17494);
#17494 = SURFACE_SIDE_STYLE('',(#17495));
#17495 = SURFACE_STYLE_FILL_AREA(#17496);
#17496 = FILL_AREA_STYLE('',(#17497));
#17497 = FILL_AREA_STYLE_COLOUR('',#16345);
#17498 = CURVE_STYLE('',#17499,POSITIVE_LENGTH_MEASURE(0.1),#16345);
#17499 = DRAUGHTING_PRE_DEFINED_CURVE_FONT('continuous');
#17500 = STYLED_ITEM('color',(#17501),#10583);
#17501 = PRESENTATION_STYLE_ASSIGNMENT((#17502,#17507));
#17502 = SURFACE_STYLE_USAGE(.BOTH.,#17503);
#17503 = SURFACE_SIDE_STYLE('',(#17504));
#17504 = SURFACE_STYLE_FILL_AREA(#17505);
#17505 = FILL_AREA_STYLE('',(#17506));
#17506 = FILL_AREA_STYLE_COLOUR('',#16345);
#17507 = CURVE_STYLE('',#17508,POSITIVE_LENGTH_MEASURE(0.1),#16345);
#17508 = DRAUGHTING_PRE_DEFINED_CURVE_FONT('continuous');
#17509 = STYLED_ITEM('color',(#17510),#10600);
#17510 = PRESENTATION_STYLE_ASSIGNMENT((#17511,#17516));
#17511 = SURFACE_STYLE_USAGE(.BOTH.,#17512);
#17512 = SURFACE_SIDE_STYLE('',(#17513));
#17513 = SURFACE_STYLE_FILL_AREA(#17514);
#17514 = FILL_AREA_STYLE('',(#17515));
#17515 = FILL_AREA_STYLE_COLOUR('',#16345);
#17516 = CURVE_STYLE('',#17517,POSITIVE_LENGTH_MEASURE(0.1),#16345);
#17517 = DRAUGHTING_PRE_DEFINED_CURVE_FONT('continuous');
#17518 = STYLED_ITEM('color',(#17519),#10617);
#17519 = PRESENTATION_STYLE_ASSIGNMENT((#17520,#17525));
#17520 = SURFACE_STYLE_USAGE(.BOTH.,#17521);
#17521 = SURFACE_SIDE_STYLE('',(#17522));
#17522 = SURFACE_STYLE_FILL_AREA(#17523);
#17523 = FILL_AREA_STYLE('',(#17524));
#17524 = FILL_AREA_STYLE_COLOUR('',#16345);
#17525 = CURVE_STYLE('',#17526,POSITIVE_LENGTH_MEASURE(0.1),#16345);
#17526 = DRAUGHTING_PRE_DEFINED_CURVE_FONT('continuous');
#17527 = STYLED_ITEM('color',(#17528),#10634);
#17528 = PRESENTATION_STYLE_ASSIGNMENT((#17529,#17534));
#17529 = SURFACE_STYLE_USAGE(.BOTH.,#17530);
#17530 = SURFACE_SIDE_STYLE('',(#17531));
#17531 = SURFACE_STYLE_FILL_AREA(#17532);
#17532 = FILL_AREA_STYLE('',(#17533));
#17533 = FILL_AREA_STYLE_COLOUR('',#16345);
#17534 = CURVE_STYLE('',#17535,POSITIVE_LENGTH_MEASURE(0.1),#16345);
#17535 = DRAUGHTING_PRE_DEFINED_CURVE_FONT('continuous');
#17536 = STYLED_ITEM('color',(#17537),#10646);
#17537 = PRESENTATION_STYLE_ASSIGNMENT((#17538,#17543));
#17538 = SURFACE_STYLE_USAGE(.BOTH.,#17539);
#17539 = SURFACE_SIDE_STYLE('',(#17540));
#17540 = SURFACE_STYLE_FILL_AREA(#17541);
#17541 = FILL_AREA_STYLE('',(#17542));
#17542 = FILL_AREA_STYLE_COLOUR('',#16345);
#17543 = CURVE_STYLE('',#17544,POSITIVE_LENGTH_MEASURE(0.1),#16345);
#17544 = DRAUGHTING_PRE_DEFINED_CURVE_FONT('continuous');
#17545 = STYLED_ITEM('color',(#17546),#10663);
#17546 = PRESENTATION_STYLE_ASSIGNMENT((#17547,#17552));
#17547 = SURFACE_STYLE_USAGE(.BOTH.,#17548);
#17548 = SURFACE_SIDE_STYLE('',(#17549));
#17549 = SURFACE_STYLE_FILL_AREA(#17550);
#17550 = FILL_AREA_STYLE('',(#17551));
#17551 = FILL_AREA_STYLE_COLOUR('',#16345);
#17552 = CURVE_STYLE('',#17553,POSITIVE_LENGTH_MEASURE(0.1),#16345);
#17553 = DRAUGHTING_PRE_DEFINED_CURVE_FONT('continuous');
#17554 = STYLED_ITEM('color',(#17555),#10680);
#17555 = PRESENTATION_STYLE_ASSIGNMENT((#17556,#17561));
#17556 = SURFACE_STYLE_USAGE(.BOTH.,#17557);
#17557 = SURFACE_SIDE_STYLE('',(#17558));
#17558 = SURFACE_STYLE_FILL_AREA(#17559);
#17559 = FILL_AREA_STYLE('',(#17560));
#17560 = FILL_AREA_STYLE_COLOUR('',#16345);
#17561 = CURVE_STYLE('',#17562,POSITIVE_LENGTH_MEASURE(0.1),#16345);
#17562 = DRAUGHTING_PRE_DEFINED_CURVE_FONT('continuous');
#17563 = STYLED_ITEM('color',(#17564),#10697);
#17564 = PRESENTATION_STYLE_ASSIGNMENT((#17565,#17570));
#17565 = SURFACE_STYLE_USAGE(.BOTH.,#17566);
#17566 = SURFACE_SIDE_STYLE('',(#17567));
#17567 = SURFACE_STYLE_FILL_AREA(#17568);
#17568 = FILL_AREA_STYLE('',(#17569));
#17569 = FILL_AREA_STYLE_COLOUR('',#16345);
#17570 = CURVE_STYLE('',#17571,POSITIVE_LENGTH_MEASURE(0.1),#16345);
#17571 = DRAUGHTING_PRE_DEFINED_CURVE_FONT('continuous');
#17572 = STYLED_ITEM('color',(#17573),#10714);
#17573 = PRESENTATION_STYLE_ASSIGNMENT((#17574,#17579));
#17574 = SURFACE_STYLE_USAGE(.BOTH.,#17575);
#17575 = SURFACE_SIDE_STYLE('',(#17576));
#17576 = SURFACE_STYLE_FILL_AREA(#17577);
#17577 = FILL_AREA_STYLE('',(#17578));
#17578 = FILL_AREA_STYLE_COLOUR('',#16345);
#17579 = CURVE_STYLE('',#17580,POSITIVE_LENGTH_MEASURE(0.1),#16345);
#17580 = DRAUGHTING_PRE_DEFINED_CURVE_FONT('continuous');
#17581 = STYLED_ITEM('color',(#17582),#10726);
#17582 = PRESENTATION_STYLE_ASSIGNMENT((#17583,#17588));
#17583 = SURFACE_STYLE_USAGE(.BOTH.,#17584);
#17584 = SURFACE_SIDE_STYLE('',(#17585));
#17585 = SURFACE_STYLE_FILL_AREA(#17586);
#17586 = FILL_AREA_STYLE('',(#17587));
#17587 = FILL_AREA_STYLE_COLOUR('',#16345);
#17588 = CURVE_STYLE('',#17589,POSITIVE_LENGTH_MEASURE(0.1),#16345);
#17589 = DRAUGHTING_PRE_DEFINED_CURVE_FONT('continuous');
#17590 = STYLED_ITEM('color',(#17591),#10743);
#17591 = PRESENTATION_STYLE_ASSIGNMENT((#17592,#17597));
#17592 = SURFACE_STYLE_USAGE(.BOTH.,#17593);
#17593 = SURFACE_SIDE_STYLE('',(#17594));
#17594 = SURFACE_STYLE_FILL_AREA(#17595);
#17595 = FILL_AREA_STYLE('',(#17596));
#17596 = FILL_AREA_STYLE_COLOUR('',#16345);
#17597 = CURVE_STYLE('',#17598,POSITIVE_LENGTH_MEASURE(0.1),#16345);
#17598 = DRAUGHTING_PRE_DEFINED_CURVE_FONT('continuous');
#17599 = STYLED_ITEM('color',(#17600),#10760);
#17600 = PRESENTATION_STYLE_ASSIGNMENT((#17601,#17606));
#17601 = SURFACE_STYLE_USAGE(.BOTH.,#17602);
#17602 = SURFACE_SIDE_STYLE('',(#17603));
#17603 = SURFACE_STYLE_FILL_AREA(#17604);
#17604 = FILL_AREA_STYLE('',(#17605));
#17605 = FILL_AREA_STYLE_COLOUR('',#16345);
#17606 = CURVE_STYLE('',#17607,POSITIVE_LENGTH_MEASURE(0.1),#16345);
#17607 = DRAUGHTING_PRE_DEFINED_CURVE_FONT('continuous');
#17608 = STYLED_ITEM('color',(#17609),#10777);
#17609 = PRESENTATION_STYLE_ASSIGNMENT((#17610,#17615));
#17610 = SURFACE_STYLE_USAGE(.BOTH.,#17611);
#17611 = SURFACE_SIDE_STYLE('',(#17612));
#17612 = SURFACE_STYLE_FILL_AREA(#17613);
#17613 = FILL_AREA_STYLE('',(#17614));
#17614 = FILL_AREA_STYLE_COLOUR('',#16345);
#17615 = CURVE_STYLE('',#17616,POSITIVE_LENGTH_MEASURE(0.1),#16345);
#17616 = DRAUGHTING_PRE_DEFINED_CURVE_FONT('continuous');
#17617 = STYLED_ITEM('color',(#17618),#10794);
#17618 = PRESENTATION_STYLE_ASSIGNMENT((#17619,#17624));
#17619 = SURFACE_STYLE_USAGE(.BOTH.,#17620);
#17620 = SURFACE_SIDE_STYLE('',(#17621));
#17621 = SURFACE_STYLE_FILL_AREA(#17622);
#17622 = FILL_AREA_STYLE('',(#17623));
#17623 = FILL_AREA_STYLE_COLOUR('',#16345);
#17624 = CURVE_STYLE('',#17625,POSITIVE_LENGTH_MEASURE(0.1),#16345);
#17625 = DRAUGHTING_PRE_DEFINED_CURVE_FONT('continuous');
#17626 = STYLED_ITEM('color',(#17627),#10806);
#17627 = PRESENTATION_STYLE_ASSIGNMENT((#17628,#17633));
#17628 = SURFACE_STYLE_USAGE(.BOTH.,#17629);
#17629 = SURFACE_SIDE_STYLE('',(#17630));
#17630 = SURFACE_STYLE_FILL_AREA(#17631);
#17631 = FILL_AREA_STYLE('',(#17632));
#17632 = FILL_AREA_STYLE_COLOUR('',#16345);
#17633 = CURVE_STYLE('',#17634,POSITIVE_LENGTH_MEASURE(0.1),#16345);
#17634 = DRAUGHTING_PRE_DEFINED_CURVE_FONT('continuous');
#17635 = STYLED_ITEM('color',(#17636),#10823);
#17636 = PRESENTATION_STYLE_ASSIGNMENT((#17637,#17642));
#17637 = SURFACE_STYLE_USAGE(.BOTH.,#17638);
#17638 = SURFACE_SIDE_STYLE('',(#17639));
#17639 = SURFACE_STYLE_FILL_AREA(#17640);
#17640 = FILL_AREA_STYLE('',(#17641));
#17641 = FILL_AREA_STYLE_COLOUR('',#16345);
#17642 = CURVE_STYLE('',#17643,POSITIVE_LENGTH_MEASURE(0.1),#16345);
#17643 = DRAUGHTING_PRE_DEFINED_CURVE_FONT('continuous');
#17644 = STYLED_ITEM('color',(#17645),#10840);
#17645 = PRESENTATION_STYLE_ASSIGNMENT((#17646,#17651));
#17646 = SURFACE_STYLE_USAGE(.BOTH.,#17647);
#17647 = SURFACE_SIDE_STYLE('',(#17648));
#17648 = SURFACE_STYLE_FILL_AREA(#17649);
#17649 = FILL_AREA_STYLE('',(#17650));
#17650 = FILL_AREA_STYLE_COLOUR('',#16345);
#17651 = CURVE_STYLE('',#17652,POSITIVE_LENGTH_MEASURE(0.1),#16345);
#17652 = DRAUGHTING_PRE_DEFINED_CURVE_FONT('continuous');
#17653 = STYLED_ITEM('color',(#17654),#10857);
#17654 = PRESENTATION_STYLE_ASSIGNMENT((#17655,#17660));
#17655 = SURFACE_STYLE_USAGE(.BOTH.,#17656);
#17656 = SURFACE_SIDE_STYLE('',(#17657));
#17657 = SURFACE_STYLE_FILL_AREA(#17658);
#17658 = FILL_AREA_STYLE('',(#17659));
#17659 = FILL_AREA_STYLE_COLOUR('',#16345);
#17660 = CURVE_STYLE('',#17661,POSITIVE_LENGTH_MEASURE(0.1),#16345);
#17661 = DRAUGHTING_PRE_DEFINED_CURVE_FONT('continuous');
#17662 = STYLED_ITEM('color',(#17663),#10874);
#17663 = PRESENTATION_STYLE_ASSIGNMENT((#17664,#17669));
#17664 = SURFACE_STYLE_USAGE(.BOTH.,#17665);
#17665 = SURFACE_SIDE_STYLE('',(#17666));
#17666 = SURFACE_STYLE_FILL_AREA(#17667);
#17667 = FILL_AREA_STYLE('',(#17668));
#17668 = FILL_AREA_STYLE_COLOUR('',#16345);
#17669 = CURVE_STYLE('',#17670,POSITIVE_LENGTH_MEASURE(0.1),#16345);
#17670 = DRAUGHTING_PRE_DEFINED_CURVE_FONT('continuous');
#17671 = STYLED_ITEM('color',(#17672),#10886);
#17672 = PRESENTATION_STYLE_ASSIGNMENT((#17673,#17678));
#17673 = SURFACE_STYLE_USAGE(.BOTH.,#17674);
#17674 = SURFACE_SIDE_STYLE('',(#17675));
#17675 = SURFACE_STYLE_FILL_AREA(#17676);
#17676 = FILL_AREA_STYLE('',(#17677));
#17677 = FILL_AREA_STYLE_COLOUR('',#16345);
#17678 = CURVE_STYLE('',#17679,POSITIVE_LENGTH_MEASURE(0.1),#16345);
#17679 = DRAUGHTING_PRE_DEFINED_CURVE_FONT('continuous');
#17680 = STYLED_ITEM('color',(#17681),#10903);
#17681 = PRESENTATION_STYLE_ASSIGNMENT((#17682,#17687));
#17682 = SURFACE_STYLE_USAGE(.BOTH.,#17683);
#17683 = SURFACE_SIDE_STYLE('',(#17684));
#17684 = SURFACE_STYLE_FILL_AREA(#17685);
#17685 = FILL_AREA_STYLE('',(#17686));
#17686 = FILL_AREA_STYLE_COLOUR('',#16345);
#17687 = CURVE_STYLE('',#17688,POSITIVE_LENGTH_MEASURE(0.1),#16345);
#17688 = DRAUGHTING_PRE_DEFINED_CURVE_FONT('continuous');
#17689 = STYLED_ITEM('color',(#17690),#10920);
#17690 = PRESENTATION_STYLE_ASSIGNMENT((#17691,#17696));
#17691 = SURFACE_STYLE_USAGE(.BOTH.,#17692);
#17692 = SURFACE_SIDE_STYLE('',(#17693));
#17693 = SURFACE_STYLE_FILL_AREA(#17694);
#17694 = FILL_AREA_STYLE('',(#17695));
#17695 = FILL_AREA_STYLE_COLOUR('',#16345);
#17696 = CURVE_STYLE('',#17697,POSITIVE_LENGTH_MEASURE(0.1),#16345);
#17697 = DRAUGHTING_PRE_DEFINED_CURVE_FONT('continuous');
#17698 = STYLED_ITEM('color',(#17699),#10937);
#17699 = PRESENTATION_STYLE_ASSIGNMENT((#17700,#17705));
#17700 = SURFACE_STYLE_USAGE(.BOTH.,#17701);
#17701 = SURFACE_SIDE_STYLE('',(#17702));
#17702 = SURFACE_STYLE_FILL_AREA(#17703);
#17703 = FILL_AREA_STYLE('',(#17704));
#17704 = FILL_AREA_STYLE_COLOUR('',#16345);
#17705 = CURVE_STYLE('',#17706,POSITIVE_LENGTH_MEASURE(0.1),#16345);
#17706 = DRAUGHTING_PRE_DEFINED_CURVE_FONT('continuous');
#17707 = STYLED_ITEM('color',(#17708),#10954);
#17708 = PRESENTATION_STYLE_ASSIGNMENT((#17709,#17714));
#17709 = SURFACE_STYLE_USAGE(.BOTH.,#17710);
#17710 = SURFACE_SIDE_STYLE('',(#17711));
#17711 = SURFACE_STYLE_FILL_AREA(#17712);
#17712 = FILL_AREA_STYLE('',(#17713));
#17713 = FILL_AREA_STYLE_COLOUR('',#16345);
#17714 = CURVE_STYLE('',#17715,POSITIVE_LENGTH_MEASURE(0.1),#16345);
#17715 = DRAUGHTING_PRE_DEFINED_CURVE_FONT('continuous');
#17716 = STYLED_ITEM('color',(#17717),#10966);
#17717 = PRESENTATION_STYLE_ASSIGNMENT((#17718,#17723));
#17718 = SURFACE_STYLE_USAGE(.BOTH.,#17719);
#17719 = SURFACE_SIDE_STYLE('',(#17720));
#17720 = SURFACE_STYLE_FILL_AREA(#17721);
#17721 = FILL_AREA_STYLE('',(#17722));
#17722 = FILL_AREA_STYLE_COLOUR('',#16345);
#17723 = CURVE_STYLE('',#17724,POSITIVE_LENGTH_MEASURE(0.1),#16345);
#17724 = DRAUGHTING_PRE_DEFINED_CURVE_FONT('continuous');
#17725 = STYLED_ITEM('color',(#17726),#10983);
#17726 = PRESENTATION_STYLE_ASSIGNMENT((#17727,#17732));
#17727 = SURFACE_STYLE_USAGE(.BOTH.,#17728);
#17728 = SURFACE_SIDE_STYLE('',(#17729));
#17729 = SURFACE_STYLE_FILL_AREA(#17730);
#17730 = FILL_AREA_STYLE('',(#17731));
#17731 = FILL_AREA_STYLE_COLOUR('',#16345);
#17732 = CURVE_STYLE('',#17733,POSITIVE_LENGTH_MEASURE(0.1),#16345);
#17733 = DRAUGHTING_PRE_DEFINED_CURVE_FONT('continuous');
#17734 = STYLED_ITEM('color',(#17735),#11000);
#17735 = PRESENTATION_STYLE_ASSIGNMENT((#17736,#17741));
#17736 = SURFACE_STYLE_USAGE(.BOTH.,#17737);
#17737 = SURFACE_SIDE_STYLE('',(#17738));
#17738 = SURFACE_STYLE_FILL_AREA(#17739);
#17739 = FILL_AREA_STYLE('',(#17740));
#17740 = FILL_AREA_STYLE_COLOUR('',#16345);
#17741 = CURVE_STYLE('',#17742,POSITIVE_LENGTH_MEASURE(0.1),#16345);
#17742 = DRAUGHTING_PRE_DEFINED_CURVE_FONT('continuous');
#17743 = STYLED_ITEM('color',(#17744),#11017);
#17744 = PRESENTATION_STYLE_ASSIGNMENT((#17745,#17750));
#17745 = SURFACE_STYLE_USAGE(.BOTH.,#17746);
#17746 = SURFACE_SIDE_STYLE('',(#17747));
#17747 = SURFACE_STYLE_FILL_AREA(#17748);
#17748 = FILL_AREA_STYLE('',(#17749));
#17749 = FILL_AREA_STYLE_COLOUR('',#16345);
#17750 = CURVE_STYLE('',#17751,POSITIVE_LENGTH_MEASURE(0.1),#16345);
#17751 = DRAUGHTING_PRE_DEFINED_CURVE_FONT('continuous');
#17752 = STYLED_ITEM('color',(#17753),#11034);
#17753 = PRESENTATION_STYLE_ASSIGNMENT((#17754,#17759));
#17754 = SURFACE_STYLE_USAGE(.BOTH.,#17755);
#17755 = SURFACE_SIDE_STYLE('',(#17756));
#17756 = SURFACE_STYLE_FILL_AREA(#17757);
#17757 = FILL_AREA_STYLE('',(#17758));
#17758 = FILL_AREA_STYLE_COLOUR('',#16345);
#17759 = CURVE_STYLE('',#17760,POSITIVE_LENGTH_MEASURE(0.1),#16345);
#17760 = DRAUGHTING_PRE_DEFINED_CURVE_FONT('continuous');
#17761 = STYLED_ITEM('color',(#17762),#11046);
#17762 = PRESENTATION_STYLE_ASSIGNMENT((#17763,#17768));
#17763 = SURFACE_STYLE_USAGE(.BOTH.,#17764);
#17764 = SURFACE_SIDE_STYLE('',(#17765));
#17765 = SURFACE_STYLE_FILL_AREA(#17766);
#17766 = FILL_AREA_STYLE('',(#17767));
#17767 = FILL_AREA_STYLE_COLOUR('',#16345);
#17768 = CURVE_STYLE('',#17769,POSITIVE_LENGTH_MEASURE(0.1),#16345);
#17769 = DRAUGHTING_PRE_DEFINED_CURVE_FONT('continuous');
#17770 = STYLED_ITEM('color',(#17771),#11063);
#17771 = PRESENTATION_STYLE_ASSIGNMENT((#17772,#17777));
#17772 = SURFACE_STYLE_USAGE(.BOTH.,#17773);
#17773 = SURFACE_SIDE_STYLE('',(#17774));
#17774 = SURFACE_STYLE_FILL_AREA(#17775);
#17775 = FILL_AREA_STYLE('',(#17776));
#17776 = FILL_AREA_STYLE_COLOUR('',#16345);
#17777 = CURVE_STYLE('',#17778,POSITIVE_LENGTH_MEASURE(0.1),#16345);
#17778 = DRAUGHTING_PRE_DEFINED_CURVE_FONT('continuous');
#17779 = STYLED_ITEM('color',(#17780),#11080);
#17780 = PRESENTATION_STYLE_ASSIGNMENT((#17781,#17786));
#17781 = SURFACE_STYLE_USAGE(.BOTH.,#17782);
#17782 = SURFACE_SIDE_STYLE('',(#17783));
#17783 = SURFACE_STYLE_FILL_AREA(#17784);
#17784 = FILL_AREA_STYLE('',(#17785));
#17785 = FILL_AREA_STYLE_COLOUR('',#16345);
#17786 = CURVE_STYLE('',#17787,POSITIVE_LENGTH_MEASURE(0.1),#16345);
#17787 = DRAUGHTING_PRE_DEFINED_CURVE_FONT('continuous');
#17788 = STYLED_ITEM('color',(#17789),#11097);
#17789 = PRESENTATION_STYLE_ASSIGNMENT((#17790,#17795));
#17790 = SURFACE_STYLE_USAGE(.BOTH.,#17791);
#17791 = SURFACE_SIDE_STYLE('',(#17792));
#17792 = SURFACE_STYLE_FILL_AREA(#17793);
#17793 = FILL_AREA_STYLE('',(#17794));
#17794 = FILL_AREA_STYLE_COLOUR('',#16345);
#17795 = CURVE_STYLE('',#17796,POSITIVE_LENGTH_MEASURE(0.1),#16345);
#17796 = DRAUGHTING_PRE_DEFINED_CURVE_FONT('continuous');
#17797 = STYLED_ITEM('color',(#17798),#11114);
#17798 = PRESENTATION_STYLE_ASSIGNMENT((#17799,#17804));
#17799 = SURFACE_STYLE_USAGE(.BOTH.,#17800);
#17800 = SURFACE_SIDE_STYLE('',(#17801));
#17801 = SURFACE_STYLE_FILL_AREA(#17802);
#17802 = FILL_AREA_STYLE('',(#17803));
#17803 = FILL_AREA_STYLE_COLOUR('',#16345);
#17804 = CURVE_STYLE('',#17805,POSITIVE_LENGTH_MEASURE(0.1),#16345);
#17805 = DRAUGHTING_PRE_DEFINED_CURVE_FONT('continuous');
#17806 = STYLED_ITEM('color',(#17807),#11126);
#17807 = PRESENTATION_STYLE_ASSIGNMENT((#17808,#17813));
#17808 = SURFACE_STYLE_USAGE(.BOTH.,#17809);
#17809 = SURFACE_SIDE_STYLE('',(#17810));
#17810 = SURFACE_STYLE_FILL_AREA(#17811);
#17811 = FILL_AREA_STYLE('',(#17812));
#17812 = FILL_AREA_STYLE_COLOUR('',#16272);
#17813 = CURVE_STYLE('',#17814,POSITIVE_LENGTH_MEASURE(0.1),#16272);
#17814 = DRAUGHTING_PRE_DEFINED_CURVE_FONT('continuous');
#17815 = OVER_RIDING_STYLED_ITEM('overriding color',(#17816),#11133,
  #17806);
#17816 = PRESENTATION_STYLE_ASSIGNMENT((#17817,#17822));
#17817 = SURFACE_STYLE_USAGE(.BOTH.,#17818);
#17818 = SURFACE_SIDE_STYLE('',(#17819));
#17819 = SURFACE_STYLE_FILL_AREA(#17820);
#17820 = FILL_AREA_STYLE('',(#17821));
#17821 = FILL_AREA_STYLE_COLOUR('',#16345);
#17822 = CURVE_STYLE('',#17823,POSITIVE_LENGTH_MEASURE(0.1),#16345);
#17823 = DRAUGHTING_PRE_DEFINED_CURVE_FONT('continuous');
#17824 = STYLED_ITEM('color',(#17825),#11143);
#17825 = PRESENTATION_STYLE_ASSIGNMENT((#17826,#17831));
#17826 = SURFACE_STYLE_USAGE(.BOTH.,#17827);
#17827 = SURFACE_SIDE_STYLE('',(#17828));
#17828 = SURFACE_STYLE_FILL_AREA(#17829);
#17829 = FILL_AREA_STYLE('',(#17830));
#17830 = FILL_AREA_STYLE_COLOUR('',#16272);
#17831 = CURVE_STYLE('',#17832,POSITIVE_LENGTH_MEASURE(0.1),#16272);
#17832 = DRAUGHTING_PRE_DEFINED_CURVE_FONT('continuous');
#17833 = OVER_RIDING_STYLED_ITEM('overriding color',(#17834),#11148,
  #17824);
#17834 = PRESENTATION_STYLE_ASSIGNMENT((#17835,#17840));
#17835 = SURFACE_STYLE_USAGE(.BOTH.,#17836);
#17836 = SURFACE_SIDE_STYLE('',(#17837));
#17837 = SURFACE_STYLE_FILL_AREA(#17838);
#17838 = FILL_AREA_STYLE('',(#17839));
#17839 = FILL_AREA_STYLE_COLOUR('',#16345);
#17840 = CURVE_STYLE('',#17841,POSITIVE_LENGTH_MEASURE(0.1),#16345);
#17841 = DRAUGHTING_PRE_DEFINED_CURVE_FONT('continuous');
#17842 = STYLED_ITEM('color',(#17843),#11160);
#17843 = PRESENTATION_STYLE_ASSIGNMENT((#17844,#17849));
#17844 = SURFACE_STYLE_USAGE(.BOTH.,#17845);
#17845 = SURFACE_SIDE_STYLE('',(#17846));
#17846 = SURFACE_STYLE_FILL_AREA(#17847);
#17847 = FILL_AREA_STYLE('',(#17848));
#17848 = FILL_AREA_STYLE_COLOUR('',#16345);
#17849 = CURVE_STYLE('',#17850,POSITIVE_LENGTH_MEASURE(0.1),#16345);
#17850 = DRAUGHTING_PRE_DEFINED_CURVE_FONT('continuous');
#17851 = STYLED_ITEM('color',(#17852),#11209);
#17852 = PRESENTATION_STYLE_ASSIGNMENT((#17853,#17858));
#17853 = SURFACE_STYLE_USAGE(.BOTH.,#17854);
#17854 = SURFACE_SIDE_STYLE('',(#17855));
#17855 = SURFACE_STYLE_FILL_AREA(#17856);
#17856 = FILL_AREA_STYLE('',(#17857));
#17857 = FILL_AREA_STYLE_COLOUR('',#16345);
#17858 = CURVE_STYLE('',#17859,POSITIVE_LENGTH_MEASURE(0.1),#16345);
#17859 = DRAUGHTING_PRE_DEFINED_CURVE_FONT('continuous');
#17860 = STYLED_ITEM('color',(#17861),#11233);
#17861 = PRESENTATION_STYLE_ASSIGNMENT((#17862,#17867));
#17862 = SURFACE_STYLE_USAGE(.BOTH.,#17863);
#17863 = SURFACE_SIDE_STYLE('',(#17864));
#17864 = SURFACE_STYLE_FILL_AREA(#17865);
#17865 = FILL_AREA_STYLE('',(#17866));
#17866 = FILL_AREA_STYLE_COLOUR('',#16345);
#17867 = CURVE_STYLE('',#17868,POSITIVE_LENGTH_MEASURE(0.1),#16345);
#17868 = DRAUGHTING_PRE_DEFINED_CURVE_FONT('continuous');
#17869 = STYLED_ITEM('color',(#17870),#11275);
#17870 = PRESENTATION_STYLE_ASSIGNMENT((#17871,#17876));
#17871 = SURFACE_STYLE_USAGE(.BOTH.,#17872);
#17872 = SURFACE_SIDE_STYLE('',(#17873));
#17873 = SURFACE_STYLE_FILL_AREA(#17874);
#17874 = FILL_AREA_STYLE('',(#17875));
#17875 = FILL_AREA_STYLE_COLOUR('',#16345);
#17876 = CURVE_STYLE('',#17877,POSITIVE_LENGTH_MEASURE(0.1),#16345);
#17877 = DRAUGHTING_PRE_DEFINED_CURVE_FONT('continuous');
#17878 = STYLED_ITEM('color',(#17879),#11292);
#17879 = PRESENTATION_STYLE_ASSIGNMENT((#17880,#17885));
#17880 = SURFACE_STYLE_USAGE(.BOTH.,#17881);
#17881 = SURFACE_SIDE_STYLE('',(#17882));
#17882 = SURFACE_STYLE_FILL_AREA(#17883);
#17883 = FILL_AREA_STYLE('',(#17884));
#17884 = FILL_AREA_STYLE_COLOUR('',#16272);
#17885 = CURVE_STYLE('',#17886,POSITIVE_LENGTH_MEASURE(0.1),#16272);
#17886 = DRAUGHTING_PRE_DEFINED_CURVE_FONT('continuous');
#17887 = OVER_RIDING_STYLED_ITEM('overriding color',(#17888),#11299,
  #17878);
#17888 = PRESENTATION_STYLE_ASSIGNMENT((#17889,#17894));
#17889 = SURFACE_STYLE_USAGE(.BOTH.,#17890);
#17890 = SURFACE_SIDE_STYLE('',(#17891));
#17891 = SURFACE_STYLE_FILL_AREA(#17892);
#17892 = FILL_AREA_STYLE('',(#17893));
#17893 = FILL_AREA_STYLE_COLOUR('',#16345);
#17894 = CURVE_STYLE('',#17895,POSITIVE_LENGTH_MEASURE(0.1),#16345);
#17895 = DRAUGHTING_PRE_DEFINED_CURVE_FONT('continuous');
#17896 = STYLED_ITEM('color',(#17897),#11309);
#17897 = PRESENTATION_STYLE_ASSIGNMENT((#17898,#17903));
#17898 = SURFACE_STYLE_USAGE(.BOTH.,#17899);
#17899 = SURFACE_SIDE_STYLE('',(#17900));
#17900 = SURFACE_STYLE_FILL_AREA(#17901);
#17901 = FILL_AREA_STYLE('',(#17902));
#17902 = FILL_AREA_STYLE_COLOUR('',#16272);
#17903 = CURVE_STYLE('',#17904,POSITIVE_LENGTH_MEASURE(0.1),#16272);
#17904 = DRAUGHTING_PRE_DEFINED_CURVE_FONT('continuous');
#17905 = OVER_RIDING_STYLED_ITEM('overriding color',(#17906),#11314,
  #17896);
#17906 = PRESENTATION_STYLE_ASSIGNMENT((#17907,#17912));
#17907 = SURFACE_STYLE_USAGE(.BOTH.,#17908);
#17908 = SURFACE_SIDE_STYLE('',(#17909));
#17909 = SURFACE_STYLE_FILL_AREA(#17910);
#17910 = FILL_AREA_STYLE('',(#17911));
#17911 = FILL_AREA_STYLE_COLOUR('',#16345);
#17912 = CURVE_STYLE('',#17913,POSITIVE_LENGTH_MEASURE(0.1),#16345);
#17913 = DRAUGHTING_PRE_DEFINED_CURVE_FONT('continuous');
#17914 = STYLED_ITEM('color',(#17915),#11326);
#17915 = PRESENTATION_STYLE_ASSIGNMENT((#17916,#17921));
#17916 = SURFACE_STYLE_USAGE(.BOTH.,#17917);
#17917 = SURFACE_SIDE_STYLE('',(#17918));
#17918 = SURFACE_STYLE_FILL_AREA(#17919);
#17919 = FILL_AREA_STYLE('',(#17920));
#17920 = FILL_AREA_STYLE_COLOUR('',#16345);
#17921 = CURVE_STYLE('',#17922,POSITIVE_LENGTH_MEASURE(0.1),#16345);
#17922 = DRAUGHTING_PRE_DEFINED_CURVE_FONT('continuous');
#17923 = STYLED_ITEM('color',(#17924),#11375);
#17924 = PRESENTATION_STYLE_ASSIGNMENT((#17925,#17930));
#17925 = SURFACE_STYLE_USAGE(.BOTH.,#17926);
#17926 = SURFACE_SIDE_STYLE('',(#17927));
#17927 = SURFACE_STYLE_FILL_AREA(#17928);
#17928 = FILL_AREA_STYLE('',(#17929));
#17929 = FILL_AREA_STYLE_COLOUR('',#16345);
#17930 = CURVE_STYLE('',#17931,POSITIVE_LENGTH_MEASURE(0.1),#16345);
#17931 = DRAUGHTING_PRE_DEFINED_CURVE_FONT('continuous');
#17932 = STYLED_ITEM('color',(#17933),#11399);
#17933 = PRESENTATION_STYLE_ASSIGNMENT((#17934,#17939));
#17934 = SURFACE_STYLE_USAGE(.BOTH.,#17935);
#17935 = SURFACE_SIDE_STYLE('',(#17936));
#17936 = SURFACE_STYLE_FILL_AREA(#17937);
#17937 = FILL_AREA_STYLE('',(#17938));
#17938 = FILL_AREA_STYLE_COLOUR('',#16345);
#17939 = CURVE_STYLE('',#17940,POSITIVE_LENGTH_MEASURE(0.1),#16345);
#17940 = DRAUGHTING_PRE_DEFINED_CURVE_FONT('continuous');
#17941 = STYLED_ITEM('color',(#17942),#11441);
#17942 = PRESENTATION_STYLE_ASSIGNMENT((#17943,#17948));
#17943 = SURFACE_STYLE_USAGE(.BOTH.,#17944);
#17944 = SURFACE_SIDE_STYLE('',(#17945));
#17945 = SURFACE_STYLE_FILL_AREA(#17946);
#17946 = FILL_AREA_STYLE('',(#17947));
#17947 = FILL_AREA_STYLE_COLOUR('',#16345);
#17948 = CURVE_STYLE('',#17949,POSITIVE_LENGTH_MEASURE(0.1),#16345);
#17949 = DRAUGHTING_PRE_DEFINED_CURVE_FONT('continuous');
#17950 = STYLED_ITEM('color',(#17951),#11458);
#17951 = PRESENTATION_STYLE_ASSIGNMENT((#17952,#17957));
#17952 = SURFACE_STYLE_USAGE(.BOTH.,#17953);
#17953 = SURFACE_SIDE_STYLE('',(#17954));
#17954 = SURFACE_STYLE_FILL_AREA(#17955);
#17955 = FILL_AREA_STYLE('',(#17956));
#17956 = FILL_AREA_STYLE_COLOUR('',#16272);
#17957 = CURVE_STYLE('',#17958,POSITIVE_LENGTH_MEASURE(0.1),#16272);
#17958 = DRAUGHTING_PRE_DEFINED_CURVE_FONT('continuous');
#17959 = OVER_RIDING_STYLED_ITEM('overriding color',(#17960),#11465,
  #17950);
#17960 = PRESENTATION_STYLE_ASSIGNMENT((#17961,#17966));
#17961 = SURFACE_STYLE_USAGE(.BOTH.,#17962);
#17962 = SURFACE_SIDE_STYLE('',(#17963));
#17963 = SURFACE_STYLE_FILL_AREA(#17964);
#17964 = FILL_AREA_STYLE('',(#17965));
#17965 = FILL_AREA_STYLE_COLOUR('',#16345);
#17966 = CURVE_STYLE('',#17967,POSITIVE_LENGTH_MEASURE(0.1),#16345);
#17967 = DRAUGHTING_PRE_DEFINED_CURVE_FONT('continuous');
#17968 = STYLED_ITEM('color',(#17969),#11475);
#17969 = PRESENTATION_STYLE_ASSIGNMENT((#17970,#17975));
#17970 = SURFACE_STYLE_USAGE(.BOTH.,#17971);
#17971 = SURFACE_SIDE_STYLE('',(#17972));
#17972 = SURFACE_STYLE_FILL_AREA(#17973);
#17973 = FILL_AREA_STYLE('',(#17974));
#17974 = FILL_AREA_STYLE_COLOUR('',#16272);
#17975 = CURVE_STYLE('',#17976,POSITIVE_LENGTH_MEASURE(0.1),#16272);
#17976 = DRAUGHTING_PRE_DEFINED_CURVE_FONT('continuous');
#17977 = OVER_RIDING_STYLED_ITEM('overriding color',(#17978),#11480,
  #17968);
#17978 = PRESENTATION_STYLE_ASSIGNMENT((#17979,#17984));
#17979 = SURFACE_STYLE_USAGE(.BOTH.,#17980);
#17980 = SURFACE_SIDE_STYLE('',(#17981));
#17981 = SURFACE_STYLE_FILL_AREA(#17982);
#17982 = FILL_AREA_STYLE('',(#17983));
#17983 = FILL_AREA_STYLE_COLOUR('',#16345);
#17984 = CURVE_STYLE('',#17985,POSITIVE_LENGTH_MEASURE(0.1),#16345);
#17985 = DRAUGHTING_PRE_DEFINED_CURVE_FONT('continuous');
#17986 = STYLED_ITEM('color',(#17987),#11492);
#17987 = PRESENTATION_STYLE_ASSIGNMENT((#17988,#17993));
#17988 = SURFACE_STYLE_USAGE(.BOTH.,#17989);
#17989 = SURFACE_SIDE_STYLE('',(#17990));
#17990 = SURFACE_STYLE_FILL_AREA(#17991);
#17991 = FILL_AREA_STYLE('',(#17992));
#17992 = FILL_AREA_STYLE_COLOUR('',#16345);
#17993 = CURVE_STYLE('',#17994,POSITIVE_LENGTH_MEASURE(0.1),#16345);
#17994 = DRAUGHTING_PRE_DEFINED_CURVE_FONT('continuous');
#17995 = STYLED_ITEM('color',(#17996),#11541);
#17996 = PRESENTATION_STYLE_ASSIGNMENT((#17997,#18002));
#17997 = SURFACE_STYLE_USAGE(.BOTH.,#17998);
#17998 = SURFACE_SIDE_STYLE('',(#17999));
#17999 = SURFACE_STYLE_FILL_AREA(#18000);
#18000 = FILL_AREA_STYLE('',(#18001));
#18001 = FILL_AREA_STYLE_COLOUR('',#16345);
#18002 = CURVE_STYLE('',#18003,POSITIVE_LENGTH_MEASURE(0.1),#16345);
#18003 = DRAUGHTING_PRE_DEFINED_CURVE_FONT('continuous');
#18004 = STYLED_ITEM('color',(#18005),#11565);
#18005 = PRESENTATION_STYLE_ASSIGNMENT((#18006,#18011));
#18006 = SURFACE_STYLE_USAGE(.BOTH.,#18007);
#18007 = SURFACE_SIDE_STYLE('',(#18008));
#18008 = SURFACE_STYLE_FILL_AREA(#18009);
#18009 = FILL_AREA_STYLE('',(#18010));
#18010 = FILL_AREA_STYLE_COLOUR('',#16345);
#18011 = CURVE_STYLE('',#18012,POSITIVE_LENGTH_MEASURE(0.1),#16345);
#18012 = DRAUGHTING_PRE_DEFINED_CURVE_FONT('continuous');
#18013 = STYLED_ITEM('color',(#18014),#11607);
#18014 = PRESENTATION_STYLE_ASSIGNMENT((#18015,#18020));
#18015 = SURFACE_STYLE_USAGE(.BOTH.,#18016);
#18016 = SURFACE_SIDE_STYLE('',(#18017));
#18017 = SURFACE_STYLE_FILL_AREA(#18018);
#18018 = FILL_AREA_STYLE('',(#18019));
#18019 = FILL_AREA_STYLE_COLOUR('',#16345);
#18020 = CURVE_STYLE('',#18021,POSITIVE_LENGTH_MEASURE(0.1),#16345);
#18021 = DRAUGHTING_PRE_DEFINED_CURVE_FONT('continuous');
#18022 = STYLED_ITEM('color',(#18023),#11624);
#18023 = PRESENTATION_STYLE_ASSIGNMENT((#18024,#18029));
#18024 = SURFACE_STYLE_USAGE(.BOTH.,#18025);
#18025 = SURFACE_SIDE_STYLE('',(#18026));
#18026 = SURFACE_STYLE_FILL_AREA(#18027);
#18027 = FILL_AREA_STYLE('',(#18028));
#18028 = FILL_AREA_STYLE_COLOUR('',#16272);
#18029 = CURVE_STYLE('',#18030,POSITIVE_LENGTH_MEASURE(0.1),#16272);
#18030 = DRAUGHTING_PRE_DEFINED_CURVE_FONT('continuous');
#18031 = OVER_RIDING_STYLED_ITEM('overriding color',(#18032),#11631,
  #18022);
#18032 = PRESENTATION_STYLE_ASSIGNMENT((#18033,#18038));
#18033 = SURFACE_STYLE_USAGE(.BOTH.,#18034);
#18034 = SURFACE_SIDE_STYLE('',(#18035));
#18035 = SURFACE_STYLE_FILL_AREA(#18036);
#18036 = FILL_AREA_STYLE('',(#18037));
#18037 = FILL_AREA_STYLE_COLOUR('',#16345);
#18038 = CURVE_STYLE('',#18039,POSITIVE_LENGTH_MEASURE(0.1),#16345);
#18039 = DRAUGHTING_PRE_DEFINED_CURVE_FONT('continuous');
#18040 = STYLED_ITEM('color',(#18041),#11641);
#18041 = PRESENTATION_STYLE_ASSIGNMENT((#18042,#18047));
#18042 = SURFACE_STYLE_USAGE(.BOTH.,#18043);
#18043 = SURFACE_SIDE_STYLE('',(#18044));
#18044 = SURFACE_STYLE_FILL_AREA(#18045);
#18045 = FILL_AREA_STYLE('',(#18046));
#18046 = FILL_AREA_STYLE_COLOUR('',#16272);
#18047 = CURVE_STYLE('',#18048,POSITIVE_LENGTH_MEASURE(0.1),#16272);
#18048 = DRAUGHTING_PRE_DEFINED_CURVE_FONT('continuous');
#18049 = OVER_RIDING_STYLED_ITEM('overriding color',(#18050),#11646,
  #18040);
#18050 = PRESENTATION_STYLE_ASSIGNMENT((#18051,#18056));
#18051 = SURFACE_STYLE_USAGE(.BOTH.,#18052);
#18052 = SURFACE_SIDE_STYLE('',(#18053));
#18053 = SURFACE_STYLE_FILL_AREA(#18054);
#18054 = FILL_AREA_STYLE('',(#18055));
#18055 = FILL_AREA_STYLE_COLOUR('',#16345);
#18056 = CURVE_STYLE('',#18057,POSITIVE_LENGTH_MEASURE(0.1),#16345);
#18057 = DRAUGHTING_PRE_DEFINED_CURVE_FONT('continuous');
#18058 = STYLED_ITEM('color',(#18059),#11658);
#18059 = PRESENTATION_STYLE_ASSIGNMENT((#18060,#18065));
#18060 = SURFACE_STYLE_USAGE(.BOTH.,#18061);
#18061 = SURFACE_SIDE_STYLE('',(#18062));
#18062 = SURFACE_STYLE_FILL_AREA(#18063);
#18063 = FILL_AREA_STYLE('',(#18064));
#18064 = FILL_AREA_STYLE_COLOUR('',#16345);
#18065 = CURVE_STYLE('',#18066,POSITIVE_LENGTH_MEASURE(0.1),#16345);
#18066 = DRAUGHTING_PRE_DEFINED_CURVE_FONT('continuous');
#18067 = STYLED_ITEM('color',(#18068),#11707);
#18068 = PRESENTATION_STYLE_ASSIGNMENT((#18069,#18074));
#18069 = SURFACE_STYLE_USAGE(.BOTH.,#18070);
#18070 = SURFACE_SIDE_STYLE('',(#18071));
#18071 = SURFACE_STYLE_FILL_AREA(#18072);
#18072 = FILL_AREA_STYLE('',(#18073));
#18073 = FILL_AREA_STYLE_COLOUR('',#16345);
#18074 = CURVE_STYLE('',#18075,POSITIVE_LENGTH_MEASURE(0.1),#16345);
#18075 = DRAUGHTING_PRE_DEFINED_CURVE_FONT('continuous');
#18076 = STYLED_ITEM('color',(#18077),#11731);
#18077 = PRESENTATION_STYLE_ASSIGNMENT((#18078,#18083));
#18078 = SURFACE_STYLE_USAGE(.BOTH.,#18079);
#18079 = SURFACE_SIDE_STYLE('',(#18080));
#18080 = SURFACE_STYLE_FILL_AREA(#18081);
#18081 = FILL_AREA_STYLE('',(#18082));
#18082 = FILL_AREA_STYLE_COLOUR('',#16345);
#18083 = CURVE_STYLE('',#18084,POSITIVE_LENGTH_MEASURE(0.1),#16345);
#18084 = DRAUGHTING_PRE_DEFINED_CURVE_FONT('continuous');
#18085 = STYLED_ITEM('color',(#18086),#11773);
#18086 = PRESENTATION_STYLE_ASSIGNMENT((#18087,#18092));
#18087 = SURFACE_STYLE_USAGE(.BOTH.,#18088);
#18088 = SURFACE_SIDE_STYLE('',(#18089));
#18089 = SURFACE_STYLE_FILL_AREA(#18090);
#18090 = FILL_AREA_STYLE('',(#18091));
#18091 = FILL_AREA_STYLE_COLOUR('',#16345);
#18092 = CURVE_STYLE('',#18093,POSITIVE_LENGTH_MEASURE(0.1),#16345);
#18093 = DRAUGHTING_PRE_DEFINED_CURVE_FONT('continuous');
#18094 = STYLED_ITEM('color',(#18095),#11790);
#18095 = PRESENTATION_STYLE_ASSIGNMENT((#18096,#18101));
#18096 = SURFACE_STYLE_USAGE(.BOTH.,#18097);
#18097 = SURFACE_SIDE_STYLE('',(#18098));
#18098 = SURFACE_STYLE_FILL_AREA(#18099);
#18099 = FILL_AREA_STYLE('',(#18100));
#18100 = FILL_AREA_STYLE_COLOUR('',#16272);
#18101 = CURVE_STYLE('',#18102,POSITIVE_LENGTH_MEASURE(0.1),#16272);
#18102 = DRAUGHTING_PRE_DEFINED_CURVE_FONT('continuous');
#18103 = OVER_RIDING_STYLED_ITEM('overriding color',(#18104),#11797,
  #18094);
#18104 = PRESENTATION_STYLE_ASSIGNMENT((#18105,#18110));
#18105 = SURFACE_STYLE_USAGE(.BOTH.,#18106);
#18106 = SURFACE_SIDE_STYLE('',(#18107));
#18107 = SURFACE_STYLE_FILL_AREA(#18108);
#18108 = FILL_AREA_STYLE('',(#18109));
#18109 = FILL_AREA_STYLE_COLOUR('',#16345);
#18110 = CURVE_STYLE('',#18111,POSITIVE_LENGTH_MEASURE(0.1),#16345);
#18111 = DRAUGHTING_PRE_DEFINED_CURVE_FONT('continuous');
#18112 = STYLED_ITEM('color',(#18113),#11807);
#18113 = PRESENTATION_STYLE_ASSIGNMENT((#18114,#18119));
#18114 = SURFACE_STYLE_USAGE(.BOTH.,#18115);
#18115 = SURFACE_SIDE_STYLE('',(#18116));
#18116 = SURFACE_STYLE_FILL_AREA(#18117);
#18117 = FILL_AREA_STYLE('',(#18118));
#18118 = FILL_AREA_STYLE_COLOUR('',#16272);
#18119 = CURVE_STYLE('',#18120,POSITIVE_LENGTH_MEASURE(0.1),#16272);
#18120 = DRAUGHTING_PRE_DEFINED_CURVE_FONT('continuous');
#18121 = OVER_RIDING_STYLED_ITEM('overriding color',(#18122),#11812,
  #18112);
#18122 = PRESENTATION_STYLE_ASSIGNMENT((#18123,#18128));
#18123 = SURFACE_STYLE_USAGE(.BOTH.,#18124);
#18124 = SURFACE_SIDE_STYLE('',(#18125));
#18125 = SURFACE_STYLE_FILL_AREA(#18126);
#18126 = FILL_AREA_STYLE('',(#18127));
#18127 = FILL_AREA_STYLE_COLOUR('',#16345);
#18128 = CURVE_STYLE('',#18129,POSITIVE_LENGTH_MEASURE(0.1),#16345);
#18129 = DRAUGHTING_PRE_DEFINED_CURVE_FONT('continuous');
#18130 = STYLED_ITEM('color',(#18131),#11824);
#18131 = PRESENTATION_STYLE_ASSIGNMENT((#18132,#18137));
#18132 = SURFACE_STYLE_USAGE(.BOTH.,#18133);
#18133 = SURFACE_SIDE_STYLE('',(#18134));
#18134 = SURFACE_STYLE_FILL_AREA(#18135);
#18135 = FILL_AREA_STYLE('',(#18136));
#18136 = FILL_AREA_STYLE_COLOUR('',#16345);
#18137 = CURVE_STYLE('',#18138,POSITIVE_LENGTH_MEASURE(0.1),#16345);
#18138 = DRAUGHTING_PRE_DEFINED_CURVE_FONT('continuous');
#18139 = STYLED_ITEM('color',(#18140),#11873);
#18140 = PRESENTATION_STYLE_ASSIGNMENT((#18141,#18146));
#18141 = SURFACE_STYLE_USAGE(.BOTH.,#18142);
#18142 = SURFACE_SIDE_STYLE('',(#18143));
#18143 = SURFACE_STYLE_FILL_AREA(#18144);
#18144 = FILL_AREA_STYLE('',(#18145));
#18145 = FILL_AREA_STYLE_COLOUR('',#16345);
#18146 = CURVE_STYLE('',#18147,POSITIVE_LENGTH_MEASURE(0.1),#16345);
#18147 = DRAUGHTING_PRE_DEFINED_CURVE_FONT('continuous');
#18148 = STYLED_ITEM('color',(#18149),#11897);
#18149 = PRESENTATION_STYLE_ASSIGNMENT((#18150,#18155));
#18150 = SURFACE_STYLE_USAGE(.BOTH.,#18151);
#18151 = SURFACE_SIDE_STYLE('',(#18152));
#18152 = SURFACE_STYLE_FILL_AREA(#18153);
#18153 = FILL_AREA_STYLE('',(#18154));
#18154 = FILL_AREA_STYLE_COLOUR('',#16345);
#18155 = CURVE_STYLE('',#18156,POSITIVE_LENGTH_MEASURE(0.1),#16345);
#18156 = DRAUGHTING_PRE_DEFINED_CURVE_FONT('continuous');
#18157 = STYLED_ITEM('color',(#18158),#11939);
#18158 = PRESENTATION_STYLE_ASSIGNMENT((#18159,#18164));
#18159 = SURFACE_STYLE_USAGE(.BOTH.,#18160);
#18160 = SURFACE_SIDE_STYLE('',(#18161));
#18161 = SURFACE_STYLE_FILL_AREA(#18162);
#18162 = FILL_AREA_STYLE('',(#18163));
#18163 = FILL_AREA_STYLE_COLOUR('',#16345);
#18164 = CURVE_STYLE('',#18165,POSITIVE_LENGTH_MEASURE(0.1),#16345);
#18165 = DRAUGHTING_PRE_DEFINED_CURVE_FONT('continuous');
#18166 = STYLED_ITEM('color',(#18167),#11956);
#18167 = PRESENTATION_STYLE_ASSIGNMENT((#18168,#18173));
#18168 = SURFACE_STYLE_USAGE(.BOTH.,#18169);
#18169 = SURFACE_SIDE_STYLE('',(#18170));
#18170 = SURFACE_STYLE_FILL_AREA(#18171);
#18171 = FILL_AREA_STYLE('',(#18172));
#18172 = FILL_AREA_STYLE_COLOUR('',#16272);
#18173 = CURVE_STYLE('',#18174,POSITIVE_LENGTH_MEASURE(0.1),#16272);
#18174 = DRAUGHTING_PRE_DEFINED_CURVE_FONT('continuous');
#18175 = OVER_RIDING_STYLED_ITEM('overriding color',(#18176),#11963,
  #18166);
#18176 = PRESENTATION_STYLE_ASSIGNMENT((#18177,#18182));
#18177 = SURFACE_STYLE_USAGE(.BOTH.,#18178);
#18178 = SURFACE_SIDE_STYLE('',(#18179));
#18179 = SURFACE_STYLE_FILL_AREA(#18180);
#18180 = FILL_AREA_STYLE('',(#18181));
#18181 = FILL_AREA_STYLE_COLOUR('',#16345);
#18182 = CURVE_STYLE('',#18183,POSITIVE_LENGTH_MEASURE(0.1),#16345);
#18183 = DRAUGHTING_PRE_DEFINED_CURVE_FONT('continuous');
#18184 = STYLED_ITEM('color',(#18185),#11973);
#18185 = PRESENTATION_STYLE_ASSIGNMENT((#18186,#18191));
#18186 = SURFACE_STYLE_USAGE(.BOTH.,#18187);
#18187 = SURFACE_SIDE_STYLE('',(#18188));
#18188 = SURFACE_STYLE_FILL_AREA(#18189);
#18189 = FILL_AREA_STYLE('',(#18190));
#18190 = FILL_AREA_STYLE_COLOUR('',#16272);
#18191 = CURVE_STYLE('',#18192,POSITIVE_LENGTH_MEASURE(0.1),#16272);
#18192 = DRAUGHTING_PRE_DEFINED_CURVE_FONT('continuous');
#18193 = OVER_RIDING_STYLED_ITEM('overriding color',(#18194),#11978,
  #18184);
#18194 = PRESENTATION_STYLE_ASSIGNMENT((#18195,#18200));
#18195 = SURFACE_STYLE_USAGE(.BOTH.,#18196);
#18196 = SURFACE_SIDE_STYLE('',(#18197));
#18197 = SURFACE_STYLE_FILL_AREA(#18198);
#18198 = FILL_AREA_STYLE('',(#18199));
#18199 = FILL_AREA_STYLE_COLOUR('',#16345);
#18200 = CURVE_STYLE('',#18201,POSITIVE_LENGTH_MEASURE(0.1),#16345);
#18201 = DRAUGHTING_PRE_DEFINED_CURVE_FONT('continuous');
#18202 = STYLED_ITEM('color',(#18203),#11990);
#18203 = PRESENTATION_STYLE_ASSIGNMENT((#18204,#18209));
#18204 = SURFACE_STYLE_USAGE(.BOTH.,#18205);
#18205 = SURFACE_SIDE_STYLE('',(#18206));
#18206 = SURFACE_STYLE_FILL_AREA(#18207);
#18207 = FILL_AREA_STYLE('',(#18208));
#18208 = FILL_AREA_STYLE_COLOUR('',#16345);
#18209 = CURVE_STYLE('',#18210,POSITIVE_LENGTH_MEASURE(0.1),#16345);
#18210 = DRAUGHTING_PRE_DEFINED_CURVE_FONT('continuous');
#18211 = STYLED_ITEM('color',(#18212),#12039);
#18212 = PRESENTATION_STYLE_ASSIGNMENT((#18213,#18218));
#18213 = SURFACE_STYLE_USAGE(.BOTH.,#18214);
#18214 = SURFACE_SIDE_STYLE('',(#18215));
#18215 = SURFACE_STYLE_FILL_AREA(#18216);
#18216 = FILL_AREA_STYLE('',(#18217));
#18217 = FILL_AREA_STYLE_COLOUR('',#16345);
#18218 = CURVE_STYLE('',#18219,POSITIVE_LENGTH_MEASURE(0.1),#16345);
#18219 = DRAUGHTING_PRE_DEFINED_CURVE_FONT('continuous');
#18220 = STYLED_ITEM('color',(#18221),#12063);
#18221 = PRESENTATION_STYLE_ASSIGNMENT((#18222,#18227));
#18222 = SURFACE_STYLE_USAGE(.BOTH.,#18223);
#18223 = SURFACE_SIDE_STYLE('',(#18224));
#18224 = SURFACE_STYLE_FILL_AREA(#18225);
#18225 = FILL_AREA_STYLE('',(#18226));
#18226 = FILL_AREA_STYLE_COLOUR('',#16345);
#18227 = CURVE_STYLE('',#18228,POSITIVE_LENGTH_MEASURE(0.1),#16345);
#18228 = DRAUGHTING_PRE_DEFINED_CURVE_FONT('continuous');
#18229 = STYLED_ITEM('color',(#18230),#12105);
#18230 = PRESENTATION_STYLE_ASSIGNMENT((#18231,#18236));
#18231 = SURFACE_STYLE_USAGE(.BOTH.,#18232);
#18232 = SURFACE_SIDE_STYLE('',(#18233));
#18233 = SURFACE_STYLE_FILL_AREA(#18234);
#18234 = FILL_AREA_STYLE('',(#18235));
#18235 = FILL_AREA_STYLE_COLOUR('',#16345);
#18236 = CURVE_STYLE('',#18237,POSITIVE_LENGTH_MEASURE(0.1),#16345);
#18237 = DRAUGHTING_PRE_DEFINED_CURVE_FONT('continuous');
#18238 = STYLED_ITEM('color',(#18239),#12122);
#18239 = PRESENTATION_STYLE_ASSIGNMENT((#18240,#18245));
#18240 = SURFACE_STYLE_USAGE(.BOTH.,#18241);
#18241 = SURFACE_SIDE_STYLE('',(#18242));
#18242 = SURFACE_STYLE_FILL_AREA(#18243);
#18243 = FILL_AREA_STYLE('',(#18244));
#18244 = FILL_AREA_STYLE_COLOUR('',#16272);
#18245 = CURVE_STYLE('',#18246,POSITIVE_LENGTH_MEASURE(0.1),#16272);
#18246 = DRAUGHTING_PRE_DEFINED_CURVE_FONT('continuous');
#18247 = OVER_RIDING_STYLED_ITEM('overriding color',(#18248),#12129,
  #18238);
#18248 = PRESENTATION_STYLE_ASSIGNMENT((#18249,#18254));
#18249 = SURFACE_STYLE_USAGE(.BOTH.,#18250);
#18250 = SURFACE_SIDE_STYLE('',(#18251));
#18251 = SURFACE_STYLE_FILL_AREA(#18252);
#18252 = FILL_AREA_STYLE('',(#18253));
#18253 = FILL_AREA_STYLE_COLOUR('',#16345);
#18254 = CURVE_STYLE('',#18255,POSITIVE_LENGTH_MEASURE(0.1),#16345);
#18255 = DRAUGHTING_PRE_DEFINED_CURVE_FONT('continuous');
#18256 = STYLED_ITEM('color',(#18257),#12139);
#18257 = PRESENTATION_STYLE_ASSIGNMENT((#18258,#18263));
#18258 = SURFACE_STYLE_USAGE(.BOTH.,#18259);
#18259 = SURFACE_SIDE_STYLE('',(#18260));
#18260 = SURFACE_STYLE_FILL_AREA(#18261);
#18261 = FILL_AREA_STYLE('',(#18262));
#18262 = FILL_AREA_STYLE_COLOUR('',#16272);
#18263 = CURVE_STYLE('',#18264,POSITIVE_LENGTH_MEASURE(0.1),#16272);
#18264 = DRAUGHTING_PRE_DEFINED_CURVE_FONT('continuous');
#18265 = OVER_RIDING_STYLED_ITEM('overriding color',(#18266),#12144,
  #18256);
#18266 = PRESENTATION_STYLE_ASSIGNMENT((#18267,#18272));
#18267 = SURFACE_STYLE_USAGE(.BOTH.,#18268);
#18268 = SURFACE_SIDE_STYLE('',(#18269));
#18269 = SURFACE_STYLE_FILL_AREA(#18270);
#18270 = FILL_AREA_STYLE('',(#18271));
#18271 = FILL_AREA_STYLE_COLOUR('',#16345);
#18272 = CURVE_STYLE('',#18273,POSITIVE_LENGTH_MEASURE(0.1),#16345);
#18273 = DRAUGHTING_PRE_DEFINED_CURVE_FONT('continuous');
#18274 = STYLED_ITEM('color',(#18275),#12156);
#18275 = PRESENTATION_STYLE_ASSIGNMENT((#18276,#18281));
#18276 = SURFACE_STYLE_USAGE(.BOTH.,#18277);
#18277 = SURFACE_SIDE_STYLE('',(#18278));
#18278 = SURFACE_STYLE_FILL_AREA(#18279);
#18279 = FILL_AREA_STYLE('',(#18280));
#18280 = FILL_AREA_STYLE_COLOUR('',#16345);
#18281 = CURVE_STYLE('',#18282,POSITIVE_LENGTH_MEASURE(0.1),#16345);
#18282 = DRAUGHTING_PRE_DEFINED_CURVE_FONT('continuous');
#18283 = STYLED_ITEM('color',(#18284),#12205);
#18284 = PRESENTATION_STYLE_ASSIGNMENT((#18285,#18290));
#18285 = SURFACE_STYLE_USAGE(.BOTH.,#18286);
#18286 = SURFACE_SIDE_STYLE('',(#18287));
#18287 = SURFACE_STYLE_FILL_AREA(#18288);
#18288 = FILL_AREA_STYLE('',(#18289));
#18289 = FILL_AREA_STYLE_COLOUR('',#16345);
#18290 = CURVE_STYLE('',#18291,POSITIVE_LENGTH_MEASURE(0.1),#16345);
#18291 = DRAUGHTING_PRE_DEFINED_CURVE_FONT('continuous');
#18292 = STYLED_ITEM('color',(#18293),#12229);
#18293 = PRESENTATION_STYLE_ASSIGNMENT((#18294,#18299));
#18294 = SURFACE_STYLE_USAGE(.BOTH.,#18295);
#18295 = SURFACE_SIDE_STYLE('',(#18296));
#18296 = SURFACE_STYLE_FILL_AREA(#18297);
#18297 = FILL_AREA_STYLE('',(#18298));
#18298 = FILL_AREA_STYLE_COLOUR('',#16345);
#18299 = CURVE_STYLE('',#18300,POSITIVE_LENGTH_MEASURE(0.1),#16345);
#18300 = DRAUGHTING_PRE_DEFINED_CURVE_FONT('continuous');
#18301 = STYLED_ITEM('color',(#18302),#12271);
#18302 = PRESENTATION_STYLE_ASSIGNMENT((#18303,#18308));
#18303 = SURFACE_STYLE_USAGE(.BOTH.,#18304);
#18304 = SURFACE_SIDE_STYLE('',(#18305));
#18305 = SURFACE_STYLE_FILL_AREA(#18306);
#18306 = FILL_AREA_STYLE('',(#18307));
#18307 = FILL_AREA_STYLE_COLOUR('',#16345);
#18308 = CURVE_STYLE('',#18309,POSITIVE_LENGTH_MEASURE(0.1),#16345);
#18309 = DRAUGHTING_PRE_DEFINED_CURVE_FONT('continuous');
#18310 = STYLED_ITEM('color',(#18311),#12288);
#18311 = PRESENTATION_STYLE_ASSIGNMENT((#18312,#18317));
#18312 = SURFACE_STYLE_USAGE(.BOTH.,#18313);
#18313 = SURFACE_SIDE_STYLE('',(#18314));
#18314 = SURFACE_STYLE_FILL_AREA(#18315);
#18315 = FILL_AREA_STYLE('',(#18316));
#18316 = FILL_AREA_STYLE_COLOUR('',#16345);
#18317 = CURVE_STYLE('',#18318,POSITIVE_LENGTH_MEASURE(0.1),#16345);
#18318 = DRAUGHTING_PRE_DEFINED_CURVE_FONT('continuous');
#18319 = STYLED_ITEM('color',(#18320),#12305);
#18320 = PRESENTATION_STYLE_ASSIGNMENT((#18321,#18326));
#18321 = SURFACE_STYLE_USAGE(.BOTH.,#18322);
#18322 = SURFACE_SIDE_STYLE('',(#18323));
#18323 = SURFACE_STYLE_FILL_AREA(#18324);
#18324 = FILL_AREA_STYLE('',(#18325));
#18325 = FILL_AREA_STYLE_COLOUR('',#16345);
#18326 = CURVE_STYLE('',#18327,POSITIVE_LENGTH_MEASURE(0.1),#16345);
#18327 = DRAUGHTING_PRE_DEFINED_CURVE_FONT('continuous');
#18328 = STYLED_ITEM('color',(#18329),#12322);
#18329 = PRESENTATION_STYLE_ASSIGNMENT((#18330,#18335));
#18330 = SURFACE_STYLE_USAGE(.BOTH.,#18331);
#18331 = SURFACE_SIDE_STYLE('',(#18332));
#18332 = SURFACE_STYLE_FILL_AREA(#18333);
#18333 = FILL_AREA_STYLE('',(#18334));
#18334 = FILL_AREA_STYLE_COLOUR('',#16345);
#18335 = CURVE_STYLE('',#18336,POSITIVE_LENGTH_MEASURE(0.1),#16345);
#18336 = DRAUGHTING_PRE_DEFINED_CURVE_FONT('continuous');
#18337 = STYLED_ITEM('color',(#18338),#12334);
#18338 = PRESENTATION_STYLE_ASSIGNMENT((#18339,#18344));
#18339 = SURFACE_STYLE_USAGE(.BOTH.,#18340);
#18340 = SURFACE_SIDE_STYLE('',(#18341));
#18341 = SURFACE_STYLE_FILL_AREA(#18342);
#18342 = FILL_AREA_STYLE('',(#18343));
#18343 = FILL_AREA_STYLE_COLOUR('',#16345);
#18344 = CURVE_STYLE('',#18345,POSITIVE_LENGTH_MEASURE(0.1),#16345);
#18345 = DRAUGHTING_PRE_DEFINED_CURVE_FONT('continuous');
#18346 = STYLED_ITEM('color',(#18347),#12351);
#18347 = PRESENTATION_STYLE_ASSIGNMENT((#18348,#18353));
#18348 = SURFACE_STYLE_USAGE(.BOTH.,#18349);
#18349 = SURFACE_SIDE_STYLE('',(#18350));
#18350 = SURFACE_STYLE_FILL_AREA(#18351);
#18351 = FILL_AREA_STYLE('',(#18352));
#18352 = FILL_AREA_STYLE_COLOUR('',#16345);
#18353 = CURVE_STYLE('',#18354,POSITIVE_LENGTH_MEASURE(0.1),#16345);
#18354 = DRAUGHTING_PRE_DEFINED_CURVE_FONT('continuous');
#18355 = STYLED_ITEM('color',(#18356),#12368);
#18356 = PRESENTATION_STYLE_ASSIGNMENT((#18357,#18362));
#18357 = SURFACE_STYLE_USAGE(.BOTH.,#18358);
#18358 = SURFACE_SIDE_STYLE('',(#18359));
#18359 = SURFACE_STYLE_FILL_AREA(#18360);
#18360 = FILL_AREA_STYLE('',(#18361));
#18361 = FILL_AREA_STYLE_COLOUR('',#16345);
#18362 = CURVE_STYLE('',#18363,POSITIVE_LENGTH_MEASURE(0.1),#16345);
#18363 = DRAUGHTING_PRE_DEFINED_CURVE_FONT('continuous');
#18364 = STYLED_ITEM('color',(#18365),#12380);
#18365 = PRESENTATION_STYLE_ASSIGNMENT((#18366,#18371));
#18366 = SURFACE_STYLE_USAGE(.BOTH.,#18367);
#18367 = SURFACE_SIDE_STYLE('',(#18368));
#18368 = SURFACE_STYLE_FILL_AREA(#18369);
#18369 = FILL_AREA_STYLE('',(#18370));
#18370 = FILL_AREA_STYLE_COLOUR('',#16345);
#18371 = CURVE_STYLE('',#18372,POSITIVE_LENGTH_MEASURE(0.1),#16345);
#18372 = DRAUGHTING_PRE_DEFINED_CURVE_FONT('continuous');
#18373 = STYLED_ITEM('color',(#18374),#12397);
#18374 = PRESENTATION_STYLE_ASSIGNMENT((#18375,#18380));
#18375 = SURFACE_STYLE_USAGE(.BOTH.,#18376);
#18376 = SURFACE_SIDE_STYLE('',(#18377));
#18377 = SURFACE_STYLE_FILL_AREA(#18378);
#18378 = FILL_AREA_STYLE('',(#18379));
#18379 = FILL_AREA_STYLE_COLOUR('',#16345);
#18380 = CURVE_STYLE('',#18381,POSITIVE_LENGTH_MEASURE(0.1),#16345);
#18381 = DRAUGHTING_PRE_DEFINED_CURVE_FONT('continuous');
#18382 = STYLED_ITEM('color',(#18383),#12414);
#18383 = PRESENTATION_STYLE_ASSIGNMENT((#18384,#18389));
#18384 = SURFACE_STYLE_USAGE(.BOTH.,#18385);
#18385 = SURFACE_SIDE_STYLE('',(#18386));
#18386 = SURFACE_STYLE_FILL_AREA(#18387);
#18387 = FILL_AREA_STYLE('',(#18388));
#18388 = FILL_AREA_STYLE_COLOUR('',#16345);
#18389 = CURVE_STYLE('',#18390,POSITIVE_LENGTH_MEASURE(0.1),#16345);
#18390 = DRAUGHTING_PRE_DEFINED_CURVE_FONT('continuous');
#18391 = STYLED_ITEM('color',(#18392),#12426);
#18392 = PRESENTATION_STYLE_ASSIGNMENT((#18393,#18398));
#18393 = SURFACE_STYLE_USAGE(.BOTH.,#18394);
#18394 = SURFACE_SIDE_STYLE('',(#18395));
#18395 = SURFACE_STYLE_FILL_AREA(#18396);
#18396 = FILL_AREA_STYLE('',(#18397));
#18397 = FILL_AREA_STYLE_COLOUR('',#16345);
#18398 = CURVE_STYLE('',#18399,POSITIVE_LENGTH_MEASURE(0.1),#16345);
#18399 = DRAUGHTING_PRE_DEFINED_CURVE_FONT('continuous');
#18400 = STYLED_ITEM('color',(#18401),#12443);
#18401 = PRESENTATION_STYLE_ASSIGNMENT((#18402,#18407));
#18402 = SURFACE_STYLE_USAGE(.BOTH.,#18403);
#18403 = SURFACE_SIDE_STYLE('',(#18404));
#18404 = SURFACE_STYLE_FILL_AREA(#18405);
#18405 = FILL_AREA_STYLE('',(#18406));
#18406 = FILL_AREA_STYLE_COLOUR('',#16345);
#18407 = CURVE_STYLE('',#18408,POSITIVE_LENGTH_MEASURE(0.1),#16345);
#18408 = DRAUGHTING_PRE_DEFINED_CURVE_FONT('continuous');
#18409 = STYLED_ITEM('color',(#18410),#12460);
#18410 = PRESENTATION_STYLE_ASSIGNMENT((#18411,#18416));
#18411 = SURFACE_STYLE_USAGE(.BOTH.,#18412);
#18412 = SURFACE_SIDE_STYLE('',(#18413));
#18413 = SURFACE_STYLE_FILL_AREA(#18414);
#18414 = FILL_AREA_STYLE('',(#18415));
#18415 = FILL_AREA_STYLE_COLOUR('',#16345);
#18416 = CURVE_STYLE('',#18417,POSITIVE_LENGTH_MEASURE(0.1),#16345);
#18417 = DRAUGHTING_PRE_DEFINED_CURVE_FONT('continuous');
#18418 = STYLED_ITEM('color',(#18419),#12472);
#18419 = PRESENTATION_STYLE_ASSIGNMENT((#18420,#18425));
#18420 = SURFACE_STYLE_USAGE(.BOTH.,#18421);
#18421 = SURFACE_SIDE_STYLE('',(#18422));
#18422 = SURFACE_STYLE_FILL_AREA(#18423);
#18423 = FILL_AREA_STYLE('',(#18424));
#18424 = FILL_AREA_STYLE_COLOUR('',#16345);
#18425 = CURVE_STYLE('',#18426,POSITIVE_LENGTH_MEASURE(0.1),#16345);
#18426 = DRAUGHTING_PRE_DEFINED_CURVE_FONT('continuous');
#18427 = STYLED_ITEM('color',(#18428),#12489);
#18428 = PRESENTATION_STYLE_ASSIGNMENT((#18429,#18434));
#18429 = SURFACE_STYLE_USAGE(.BOTH.,#18430);
#18430 = SURFACE_SIDE_STYLE('',(#18431));
#18431 = SURFACE_STYLE_FILL_AREA(#18432);
#18432 = FILL_AREA_STYLE('',(#18433));
#18433 = FILL_AREA_STYLE_COLOUR('',#16345);
#18434 = CURVE_STYLE('',#18435,POSITIVE_LENGTH_MEASURE(0.1),#16345);
#18435 = DRAUGHTING_PRE_DEFINED_CURVE_FONT('continuous');
#18436 = STYLED_ITEM('color',(#18437),#12506);
#18437 = PRESENTATION_STYLE_ASSIGNMENT((#18438,#18443));
#18438 = SURFACE_STYLE_USAGE(.BOTH.,#18439);
#18439 = SURFACE_SIDE_STYLE('',(#18440));
#18440 = SURFACE_STYLE_FILL_AREA(#18441);
#18441 = FILL_AREA_STYLE('',(#18442));
#18442 = FILL_AREA_STYLE_COLOUR('',#16345);
#18443 = CURVE_STYLE('',#18444,POSITIVE_LENGTH_MEASURE(0.1),#16345);
#18444 = DRAUGHTING_PRE_DEFINED_CURVE_FONT('continuous');
#18445 = STYLED_ITEM('color',(#18446),#12518);
#18446 = PRESENTATION_STYLE_ASSIGNMENT((#18447,#18452));
#18447 = SURFACE_STYLE_USAGE(.BOTH.,#18448);
#18448 = SURFACE_SIDE_STYLE('',(#18449));
#18449 = SURFACE_STYLE_FILL_AREA(#18450);
#18450 = FILL_AREA_STYLE('',(#18451));
#18451 = FILL_AREA_STYLE_COLOUR('',#16345);
#18452 = CURVE_STYLE('',#18453,POSITIVE_LENGTH_MEASURE(0.1),#16345);
#18453 = DRAUGHTING_PRE_DEFINED_CURVE_FONT('continuous');
#18454 = STYLED_ITEM('color',(#18455),#12535);
#18455 = PRESENTATION_STYLE_ASSIGNMENT((#18456,#18461));
#18456 = SURFACE_STYLE_USAGE(.BOTH.,#18457);
#18457 = SURFACE_SIDE_STYLE('',(#18458));
#18458 = SURFACE_STYLE_FILL_AREA(#18459);
#18459 = FILL_AREA_STYLE('',(#18460));
#18460 = FILL_AREA_STYLE_COLOUR('',#16345);
#18461 = CURVE_STYLE('',#18462,POSITIVE_LENGTH_MEASURE(0.1),#16345);
#18462 = DRAUGHTING_PRE_DEFINED_CURVE_FONT('continuous');
#18463 = STYLED_ITEM('color',(#18464),#12552);
#18464 = PRESENTATION_STYLE_ASSIGNMENT((#18465,#18470));
#18465 = SURFACE_STYLE_USAGE(.BOTH.,#18466);
#18466 = SURFACE_SIDE_STYLE('',(#18467));
#18467 = SURFACE_STYLE_FILL_AREA(#18468);
#18468 = FILL_AREA_STYLE('',(#18469));
#18469 = FILL_AREA_STYLE_COLOUR('',#16345);
#18470 = CURVE_STYLE('',#18471,POSITIVE_LENGTH_MEASURE(0.1),#16345);
#18471 = DRAUGHTING_PRE_DEFINED_CURVE_FONT('continuous');
#18472 = STYLED_ITEM('color',(#18473),#12564);
#18473 = PRESENTATION_STYLE_ASSIGNMENT((#18474,#18479));
#18474 = SURFACE_STYLE_USAGE(.BOTH.,#18475);
#18475 = SURFACE_SIDE_STYLE('',(#18476));
#18476 = SURFACE_STYLE_FILL_AREA(#18477);
#18477 = FILL_AREA_STYLE('',(#18478));
#18478 = FILL_AREA_STYLE_COLOUR('',#16345);
#18479 = CURVE_STYLE('',#18480,POSITIVE_LENGTH_MEASURE(0.1),#16345);
#18480 = DRAUGHTING_PRE_DEFINED_CURVE_FONT('continuous');
#18481 = STYLED_ITEM('color',(#18482),#12581);
#18482 = PRESENTATION_STYLE_ASSIGNMENT((#18483,#18488));
#18483 = SURFACE_STYLE_USAGE(.BOTH.,#18484);
#18484 = SURFACE_SIDE_STYLE('',(#18485));
#18485 = SURFACE_STYLE_FILL_AREA(#18486);
#18486 = FILL_AREA_STYLE('',(#18487));
#18487 = FILL_AREA_STYLE_COLOUR('',#16345);
#18488 = CURVE_STYLE('',#18489,POSITIVE_LENGTH_MEASURE(0.1),#16345);
#18489 = DRAUGHTING_PRE_DEFINED_CURVE_FONT('continuous');
#18490 = STYLED_ITEM('color',(#18491),#12598);
#18491 = PRESENTATION_STYLE_ASSIGNMENT((#18492,#18497));
#18492 = SURFACE_STYLE_USAGE(.BOTH.,#18493);
#18493 = SURFACE_SIDE_STYLE('',(#18494));
#18494 = SURFACE_STYLE_FILL_AREA(#18495);
#18495 = FILL_AREA_STYLE('',(#18496));
#18496 = FILL_AREA_STYLE_COLOUR('',#16345);
#18497 = CURVE_STYLE('',#18498,POSITIVE_LENGTH_MEASURE(0.1),#16345);
#18498 = DRAUGHTING_PRE_DEFINED_CURVE_FONT('continuous');
ENDSEC;
END-ISO-10303-21;
